entry_time,exit_time,p0,avg_entry,exit_price,qty,cost_quote,proceeds,pnl,pnl_pct,fills,max_dd_from_p0,reason
2021-01-01 00:00:00+00:00,2021-01-02 13:16:00+00:00,736.42,726.2306310328582,762.5421625845012,1.5590088762708412,1133.3333333333335,1187.62119,54.287856666666585,0.047901049999999924,4,0.030050786236115255,take_profit
2021-01-02 13:17:00+00:00,2021-01-03 07:21:00+00:00,765.29,764.3374608581723,802.554333901081,0.7495293000942823,573.4667888617286,600.9364501883338,27.469661326605205,0.04790105000000018,2,0.019822550928406173,take_profit
2021-01-03 07:22:00+00:00,2021-01-03 13:21:00+00:00,802.69,801.6909099246643,841.7754554208975,0.7165586340865948,575.033576952209,602.5782890734756,27.54471212126657,0.047901049999999924,2,0.013940624649615735,take_profit
2021-01-03 13:22:00+00:00,2021-01-03 13:47:00+00:00,843.74,843.7399999999999,885.9269999999999,0.5984777850928265,505.46511150572707,529.6774210852185,24.212309579491432,0.04790105000000005,1,0.0008651954393533768,take_profit
2021-01-03 13:48:00+00:00,2021-01-03 16:00:00+00:00,884.58,878.9348865731191,922.8816309017751,0.9000933882581743,791.9153955094223,829.8489744654889,37.93357895606664,0.047901050000000035,3,0.025187094440299446,take_profit
2021-01-03 16:01:00+00:00,2021-01-03 16:26:00+00:00,929.98,929.9799999999999,976.4789999999999,0.5463169460919293,508.57240593250486,532.933558177698,24.361152245193182,0.04790104999999994,1,0.0066453042000903925,take_profit
2021-01-03 16:27:00+00:00,2021-01-03 22:31:00+00:00,969.44,941.1908535894696,988.2503962689432,1.8357401503176343,1729.5113503963116,1812.3567600672131,82.84540967090152,0.04790105000000016,6,0.08304794520547956,take_profit
2021-01-03 22:32:00+00:00,2021-01-04 03:57:00+00:00,985.3,971.667038859177,1020.2503908021358,1.1976831943378963,1164.914197130835,1220.7148103333086,55.80061320247364,0.04790104999999971,4,0.03154369227646395,take_profit
2021-01-04 03:58:00+00:00,2021-01-04 05:46:00+00:00,1022.57,1022.5699999999999,1073.6985,0.5048124254806468,516.7227646884334,541.4743276759123,24.751562987478906,0.04790105000000005,1,0.008625326383523915,take_profit
2021-01-04 05:47:00+00:00,2021-01-04 06:27:00+00:00,1073.69,1073.69,1127.3745000000001,0.48192903211818083,517.9603428378074,542.7711871180984,24.810844280291008,0.047901050000000105,1,0.004405368402425298,take_profit
2021-01-04 06:28:00+00:00,2021-01-05 00:06:00+00:00,1134.18,1024.8557980551311,1076.0985879578877,4.138790606999314,4245.909459979343,4449.292981317286,203.3835213379425,0.04790104999999976,10,0.2152921053095629,take_profit
2021-01-05 00:07:00+00:00,2021-01-05 00:45:00+00:00,1078.27,1078.27,1132.1835,0.4904529394841742,529.3700611187191,554.7274428848701,25.35738176615098,0.0479010500000003,1,0.009005165682064822,take_profit
2021-01-05 00:46:00+00:00,2021-01-05 22:41:00+00:00,1122.2,1060.9925518826124,1114.042179476743,2.6795152989836515,2845.7915664436096,2982.1079705574025,136.31640411379294,0.047901049999999744,8,0.13166102299055427,take_profit
2021-01-05 22:42:00+00:00,2021-01-06 11:15:00+00:00,1114.71,1096.842707602195,1151.6848429823049,1.2473459116499053,1369.5117788294401,1435.112831022738,65.60105219329785,0.047901049999999924,5,0.0515380681971096,take_profit
2021-01-06 11:16:00+00:00,2021-01-06 17:48:00+00:00,1154.25,1146.8839368141068,1204.2281336548122,0.7361701850882187,845.1469069460921,885.6303311930621,40.48342424697,0.047901049999999876,3,0.02880658436213992,take_profit
2021-01-06 17:49:00+00:00,2021-01-07 13:24:00+00:00,1206.71,1171.54688782694,1230.124232218287,1.5701593725270324,1841.356682959305,1929.5596014975729,88.2029185382678,0.04790104999999999,6,0.07466582691781798,take_profit
2021-01-07 13:25:00+00:00,2021-01-07 18:16:00+00:00,1227.72,1226.1918847035704,1287.501478938749,0.5085279045758416,624.1769667029114,654.075698793796,29.898732090884664,0.04790105000000027,2,0.015247776365946654,take_profit
2021-01-07 18:17:00+00:00,2021-01-08 09:58:00+00:00,1287.59,1163.478528115296,1221.652454521061,3.8525487151172078,4486.844553110153,4701.769118390912,214.92456528075854,0.04790105000000032,10,0.1728733525423465,take_profit
2021-01-08 09:59:00+00:00,2021-01-09 20:24:00+00:00,1220.49,1184.9253433914544,1244.1716105610271,1.600058568582822,1897.8477966210603,1988.7566988193955,90.90890219833523,0.047901049999999994,6,0.06962777245204796,take_profit
2021-01-09 20:25:00+00:00,2021-01-10 01:11:00+00:00,1245.33,1245.33,1307.5964999999999,0.4524027971782596,563.9547301401421,590.9687538663215,27.014023726179403,0.0479010499999999,1,0.0013088900130888053,take_profit
2021-01-10 01:12:00+00:00,2021-01-14 13:04:00+00:00,1306.11,1121.4011720539772,1177.4712306566762,5.5358940933546155,6214.172296951506,6511.837674856397,297.6653779048911,0.04790105000000035,11,0.299446447848956,take_profit
2021-01-14 13:05:00+00:00,2021-01-14 16:11:00+00:00,1178.01,1178.01,1236.9105,0.4920234221453757,580.1887002216957,607.9803481604501,27.79164793875441,0.04790104999999991,1,0.0035568458671828376,take_profit
2021-01-14 16:12:00+00:00,2021-01-16 12:09:00+00:00,1236.69,1169.2379958899558,1227.6998956844536,2.664867048377073,3118.982789747338,3268.3853403081653,149.40255056082742,0.04790105000000022,8,0.1352562081038902,take_profit
2021-01-16 12:10:00+00:00,2021-01-16 15:45:00+00:00,1229.27,1209.5664658737703,1270.044789167459,1.2396851890120608,1500.9826154848602,1572.8812587983314,71.89864331347121,0.0479010500000001,5,0.03357277083146907,take_profit
2021-01-16 15:46:00+00:00,2021-01-19 01:21:00+00:00,1272.62,1225.2270659548315,1286.488419252573,1.9113921790949155,2344.233665146622,2456.5249191524936,112.29125400587145,0.04790104999999994,7,0.08456569910892482,take_profit
2021-01-19 01:22:00+00:00,2021-01-19 07:48:00+00:00,1288.33,1288.33,1352.7465,0.46390260811098805,598.2579050126418,626.9150868335477,28.657181820905862,0.0479010500000001,1,0.0004424332275115354,take_profit
2021-01-19 07:49:00+00:00,2021-01-19 11:54:00+00:00,1359.9,1359.9,1427.8950000000002,0.4405405348478442,599.6907641036871,628.4165813795561,28.725817275868962,0.04790105000000007,1,0.002757555702625193,take_profit
2021-01-19 11:55:00+00:00,2021-01-24 03:57:00+00:00,1426.95,1225.1520947411955,1286.4096994782553,5.388177431329755,6607.944811642526,6924.472306462256,316.52749481973024,0.04790105000000016,11,0.26955394372612923,take_profit
2021-01-24 03:58:00+00:00,2021-01-24 17:32:00+00:00,1286.6,1286.6,1350.93,0.47904280761601015,616.9534297084671,646.506146792604,29.55271708413693,0.047901050000000264,1,0.00044302813617280924,take_profit
2021-01-24 17:33:00+00:00,2021-01-25 00:08:00+00:00,1355.37,1333.6452535662077,1400.3275162445182,1.1804324398011208,1575.8539744708137,1651.339034494639,75.48506002382533,0.0479010500000001,5,0.033474254262673586,take_profit
2021-01-25 00:09:00+00:00,2021-01-25 00:50:00+00:00,1402.0,1402.0,1472.1000000000001,0.4433545743547086,622.2053185638653,652.0096066386591,29.804288074793817,0.047901050000000285,1,0.0005991440798858189,take_profit
2021-01-25 00:51:00+00:00,2021-01-29 11:06:00+00:00,1473.27,1331.2607360389736,1397.8237728409224,3.8274568521361205,5100.443469601746,5344.760067261313,244.31659765956738,0.04790105000000013,10,0.18073401345306697,take_profit
2021-01-29 11:07:00+00:00,2021-02-02 07:01:00+00:00,1397.17,1345.1387686348733,1412.395707066617,1.86811011624516,2515.382724164529,2635.87219780387,120.48947363934121,0.04790104999999996,7,0.09102686144134219,take_profit
2021-02-02 07:02:00+00:00,2021-02-02 16:32:00+00:00,1412.95,1412.95,1483.5975,0.4538687856583869,641.9358365325503,672.6852371350878,30.74940060253755,0.04790105000000005,1,0.006305955624756773,take_profit
2021-02-02 16:33:00+00:00,2021-02-03 04:08:00+00:00,1481.42,1479.5761100556829,1553.554915558467,0.4956163965983673,734.0362163752021,769.1973218776014,35.16110550239932,0.04790104999999993,2,0.011718486317182248,take_profit
2021-02-03 04:09:00+00:00,2021-02-03 17:17:00+00:00,1554.53,1544.6094748067,1621.8399485470352,0.6522452858186794,1008.4727210946311,1056.7796233314211,48.30690223679005,0.04790105000000007,3,0.027114304645133813,take_profit
2021-02-03 17:18:00+00:00,2021-02-05 13:44:00+00:00,1624.25,1598.21547112959,1678.1262446860696,1.0315564371591015,1650.2997569679626,1729.350848141473,79.05109117351049,0.04790105000000016,5,0.042979836847775864,take_profit
2021-02-05 13:45:00+00:00,2021-02-08 12:45:00+00:00,1685.92,1593.9659268133432,1673.6642231540104,2.1901397920319137,3494.5027061630963,3661.893055016149,167.39034885305273,0.047901049999999695,8,0.115936699250261,take_profit
2021-02-08 12:46:00+00:00,2021-02-08 16:01:00+00:00,1673.9,1673.9,1757.5950000000003,0.39387586484976034,659.9687789509649,691.581976429934,31.61319747896914,0.04790105000000004,1,0.002174562399187586,take_profit
2021-02-08 16:02:00+00:00,2021-02-09 08:28:00+00:00,1748.31,1720.286957260627,1806.3013051236585,0.9789298490958467,1685.7259774501492,1766.4740217822875,80.7480443321383,0.0479010499999999,5,0.039272211449914406,take_profit
2021-02-09 08:29:00+00:00,2021-02-12 17:46:00+00:00,1809.07,1756.3543256963828,1844.172041981202,1.2843689275303303,2258.064986644564,2366.228670473075,108.16368382851078,0.047901050000000084,6,0.07134605073324965,take_profit
2021-02-12 17:47:00+00:00,2021-02-15 16:16:00+00:00,1845.32,1744.6718729638412,1831.9054666120333,2.0605152194498264,3598.521468656686,3770.894425452883,172.37295679619683,0.047901049999999855,8,0.10277350269871885,take_profit
2021-02-15 16:17:00+00:00,2021-02-18 01:16:00+00:00,1829.69,1800.362546018839,1890.3806733197812,0.9609312135489754,1731.7563224965027,1814.7092686882238,82.95294619172114,0.04790105000000002,5,0.057763883499390635,take_profit
2021-02-18 01:17:00+00:00,2021-02-20 02:58:00+00:00,1889.53,1889.53,1984.0065,0.36150659638214755,683.7613203823416,716.5142055780422,32.752885195700514,0.047901049999999924,1,0.005445798690679674,take_profit
2021-02-20 02:59:00+00:00,2021-03-07 00:12:00+00:00,1984.43,1595.8136713002916,1675.6043548653063,6.165874947283121,9849.436973375745,10321.235346309266,471.798372933521,0.047901050000000084,12,0.348336802003598,take_profit
2021-03-07 00:13:00+00:00,2021-03-08 00:33:00+00:00,1674.49,1663.8039275337699,1746.9941239104585,0.6653519829154675,1108.1233657328694,1161.203638481008,53.08027274813867,0.04790105000000019,3,0.026360264916482093,take_profit
2021-03-08 00:34:00+00:00,2021-03-08 23:16:00+00:00,1747.78,1719.7654524432048,1805.7537250653652,1.0533751308015569,1813.3715299453045,1900.2339302697915,86.862400324487,0.04790105000000026,5,0.047385826591447404,take_profit
2021-03-08 23:17:00+00:00,2021-03-13 11:00:00+00:00,1805.63,1776.6881952505605,1865.5226050130887,1.0258491104971985,1824.4384431718322,1911.8309602601287,87.39251708829647,0.04790105000000021,5,0.047578961359747055,take_profit
2021-03-13 11:01:00+00:00,2021-03-29 10:11:00+00:00,1866.71,1686.7768491663526,1771.1156916246703,3.488912870900297,5890.908367760898,6173.089064030431,282.18069626953275,0.04790104999999993,10,0.1766691130384473,take_profit
2021-03-29 10:12:00+00:00,2021-03-30 20:00:00+00:00,1770.21,1770.21,1858.7205000000001,0.41448766696195105,734.4646776103257,769.6463068557719,35.181629245446175,0.04790105000000011,1,0.009563837058880056,take_profit
2021-03-30 20:01:00+00:00,2021-03-31 19:33:00+00:00,1854.06,1824.3419279067432,1915.5590243020804,1.027291634548788,1876.0072083035086,1965.8699233888156,89.86271508530695,0.04790105000000009,5,0.04633614877619918,take_profit
2021-03-31 19:34:00+00:00,2021-04-02 03:04:00+00:00,1916.88,1914.4941028496562,2010.218807992139,0.4409107200112287,844.9659392839774,885.440694989916,40.474755705938605,0.04790104999999981,2,0.016620758732941096,take_profit
2021-04-02 03:05:00+00:00,2021-04-02 20:46:00+00:00,2007.18,2004.6817084834588,2104.9157939076317,0.42222524470737044,847.2744994242421,887.8598375848877,40.58533816064562,0.047901050000000035,2,0.013107942486473645,take_profit
2021-04-02 20:47:00+00:00,2021-04-10 03:36:00+00:00,2103.72,2042.418326573319,2144.5392429019853,1.2358751929575496,2526.700844298134,2647.7324677759016,121.03162347776743,0.04790105000000011,6,0.08257277584469408,take_profit
2021-04-10 03:37:00+00:00,2021-04-13 14:14:00+00:00,2143.33,2129.6519370082565,2236.1345338586693,0.5504808741669944,1173.5061661218597,1229.7183436605715,56.212177538711785,0.047901050000000236,3,0.027900509954136662,take_profit
2021-04-13 14:15:00+00:00,2021-04-14 04:01:00+00:00,2238.84,2238.84,2350.782,0.3362805995432659,753.6320895710165,789.7318579751623,36.09976840414572,0.04790104999999997,1,0.001487377391863611,take_profit
2021-04-14 04:02:00+00:00,2021-04-15 03:30:00+00:00,2352.38,2337.367845165925,2454.236237424221,0.5046443400062106,1180.720173749246,1237.2779098280173,56.55773607877131,0.047901049999999994,3,0.02520426121630007,take_profit
2021-04-15 03:31:00+00:00,2021-04-20 20:01:00+00:00,2457.16,2220.313065606117,2331.328718886423,2.7900216200815255,6200.922378769327,6497.953071680875,297.0306929115477,0.047901049999999876,10,0.2077032020706832,take_profit
2021-04-20 20:02:00+00:00,2021-04-21 14:33:00+00:00,2325.81,2288.530413980552,2402.9569346795797,0.859960326047505,1970.0153763527003,2064.3811813961393,94.36580504343897,0.04790104999999972,5,0.03897566869176764,take_profit
2021-04-21 14:34:00+00:00,2021-04-22 05:58:00+00:00,2402.66,2364.148612506832,2482.3560431321735,0.8375345907475411,1982.0382789211976,2076.979993621716,94.94171470051833,0.04790105000000005,5,0.03712551921620197,take_profit
2021-04-22 05:59:00+00:00,2021-04-22 12:31:00+00:00,2483.92,2468.0683979478417,2591.471817845234,0.495092980935695,1223.146486779962,1281.7364878005333,58.59000102057121,0.047901049999999924,3,0.029771490225128133,take_profit
2021-04-22 12:32:00+00:00,2021-04-26 02:00:00+00:00,2591.33,2341.550349304522,2458.6278667697484,2.7406259852661328,6423.737470583547,6731.441240348843,307.7037697652959,0.04790104999999997,10,0.18690402225884004,take_profit
2021-04-26 02:01:00+00:00,2021-04-27 11:54:00+00:00,2457.35,2454.2913920733704,2577.005961677039,0.37187993538371655,913.6153396366934,957.3784737013978,43.76313406470433,0.047901050000000105,2,0.01737644210226456,take_profit
2021-04-27 11:55:00+00:00,2021-04-28 01:30:00+00:00,2577.06,2573.852391745824,2702.5450113331153,0.35557413883213934,916.1114591351986,959.9941599448069,43.88270080960831,0.04790105000000022,2,0.017713984152483875,take_profit
2021-04-28 01:31:00+00:00,2021-04-29 12:40:00+00:00,2704.47,2661.12100674517,2794.1770570824283,0.7703211728823449,2051.9698249227085,2150.2613341048223,98.29150918211371,0.0479010499999999,5,0.05362603393640889,take_profit
2021-04-29 12:41:00+00:00,2021-05-01 16:04:00+00:00,2793.73,2748.9502897699676,2886.3978042584663,0.7502603470356204,2064.492891277763,2163.384268487504,98.89137720974077,0.047901050000000035,5,0.040351071864496574,take_profit
2021-05-01 16:05:00+00:00,2021-05-03 01:41:00+00:00,2877.65,2877.65,3021.5325000000003,0.2829818991296749,815.1380000305396,854.1839661269024,39.045966096362804,0.04790104999999991,1,0.008823171685229222,take_profit
2021-05-03 01:42:00+00:00,2021-05-03 08:20:00+00:00,3025.67,3025.67,3176.9535,0.26978262931417585,817.0902983353577,856.2297815704347,39.13948323507702,0.04790105000000017,1,0.005668166059087769,take_profit
2021-05-03 08:21:00+00:00,2021-05-03 18:07:00+00:00,3173.37,3153.1185432686007,3310.7744704320307,0.4055858965426944,1280.1405518288188,1341.4606284089987,61.32007658017983,0.04790104999999999,3,0.027828459965273493,take_profit
2021-05-03 18:08:00+00:00,2021-05-04 10:48:00+00:00,3316.88,3263.7149034202344,3426.9006485912464,0.6412237643743445,2094.8664226384108,2195.212723892535,100.34630125412423,0.04790105000000028,5,0.04108378958539349,take_profit
2021-05-04 10:49:00+00:00,2021-05-05 22:22:00+00:00,3426.55,3326.7015177494186,3493.03659363689,0.8426698293724617,2806.1171174524643,2940.533073801411,134.41595634894657,0.04790105000000007,6,0.07778961345960227,take_profit
2021-05-05 22:23:00+00:00,2021-05-08 13:35:00+00:00,3484.94,3429.0811291108844,3600.535185566429,0.6190148370487423,2124.776873236728,2226.5559164804845,101.7790432437564,0.04790105000000011,5,0.03779405097361792,take_profit
2021-05-08 13:36:00+00:00,2021-05-08 16:42:00+00:00,3601.14,3601.14,3781.197,0.23273224618512292,838.940341368462,879.1264646073698,40.18612323890784,0.04790105000000009,1,0.00015550631189010855,take_profit
2021-05-08 16:43:00+00:00,2021-05-09 06:37:00+00:00,3788.78,3788.78,3978.2190000000005,0.2217359408260382,840.9496475304074,881.232018644244,40.282371113836575,0.04790105000000018,1,0.0074509472706253774,take_profit
2021-05-09 06:38:00+00:00,2021-05-10 05:00:00+00:00,3974.54,3910.8335038469445,4106.375179039292,0.5486934078983369,2147.996559508282,2250.887850105116,102.89129059683364,0.04790104999999974,5,0.06251289457396328,take_profit
2021-05-10 05:01:00+00:00,2021-05-11 10:30:00+00:00,4110.94,3886.719587628146,4081.0555670095537,1.169064320094369,4548.373565673638,4766.24543526165,217.87186958801158,0.04790105000000008,8,0.112125207373496,take_profit
2021-05-11 10:31:00+00:00,2021-05-12 02:22:00+00:00,4071.76,4006.4951988466196,4206.81995878895,0.5457825828935466,2188.8641621392408,2293.713053813081,104.84889167384017,0.04790105000000013,5,0.043713283690590854,take_profit
2021-05-12 02:23:00+00:00,2021-05-13 02:03:00+00:00,4226.3,3818.924737978453,4009.870974877376,1.8488269025426574,7067.598392752983,7406.143776744167,338.54538399118337,0.04790105000000044,10,0.17185244776755085,take_profit
2021-05-13 02:04:00+00:00,2021-05-14 10:46:00+00:00,4013.41,3794.509105017996,3984.2345602688956,1.2441570270196938,4725.690857956304,4952.056412027812,226.3655540715081,0.047901050000000056,8,0.11758081033335734,take_profit
2021-05-14 10:47:00+00:00,2021-05-19 16:47:00+00:00,3977.95,2731.251596379461,2867.814176198434,6.528856051551491,17849.79831164336,18704.8223930593,855.0240814159406,0.0479010499999998,13,0.5253836775223419,take_profit
2021-05-19 16:48:00+00:00,2021-05-20 04:27:00+00:00,2874.86,2468.3000463139374,2591.7150486296346,4.160938170753787,10280.724604185187,10773.182107486493,492.45750330130613,0.047901050000000125,11,0.25039828026408245,take_profit
2021-05-20 04:28:00+00:00,2021-05-20 05:09:00+00:00,2584.02,2542.601657200729,2669.7317400607653,0.9609959068062854,2445.8756608696476,2563.035673194748,117.16001232510052,0.0479010500000002,5,0.03634259796750793,take_profit
2021-05-20 05:10:00+00:00,2021-05-20 07:28:00+00:00,2657.52,2620.749608351812,2751.787088769403,0.8344104600807938,2188.9698563177135,2293.8238108536816,104.85395453596811,0.04790105000000023,4,0.03293296005298172,take_profit
2021-05-20 07:29:00+00:00,2021-05-20 12:18:00+00:00,2753.2,2672.972703934774,2806.6213391315127,1.2311362301669981,3294.087625687233,3451.877881749658,157.79025606242521,0.04790104999999993,6,0.06760860090076998,take_profit
2021-05-20 12:19:00+00:00,2021-05-20 13:18:00+00:00,2802.01,2802.01,2942.1105000000002,0.3489906716101088,978.8542059642053,1025.742350226807,46.88814426260171,0.047901050000000014,1,0.004964293489316708,take_profit
2021-05-20 13:19:00+00:00,2021-05-21 01:42:00+00:00,2957.82,2796.4934858398046,2936.318160131795,1.8798075935371683,5262.131821780671,5514.193461282378,252.06163950170685,0.047901049999999966,8,0.12739788087172313,take_profit
2021-05-21 01:43:00+00:00,2021-05-24 14:25:00+00:00,2929.02,2355.4220403400373,2473.193142357039,6.0570958797466785,14281.298434042195,14965.387624396173,684.0891903539778,0.04790105000000006,12,0.40978893964534213,take_profit
2021-05-24 14:26:00+00:00,2021-05-24 18:19:00+00:00,2456.73,2441.0519160401304,2563.104511842137,0.6575561950791123,1606.7355454473725,1683.6998651466242,76.96431969925175,0.04790104999999993,3,0.02716212200770944,take_profit
2021-05-24 18:20:00+00:00,2021-05-25 00:05:00+00:00,2559.64,2556.4540740255484,2684.276777726826,0.4599735441156923,1177.0783191176497,1233.46160653562,56.38328741797022,0.04790104999999977,2,0.015033364066821904,take_profit
2021-05-25 00:06:00+00:00,2021-05-25 22:19:00+00:00,2680.72,2534.507176691104,2661.2325355256594,2.1871577173800993,5548.915847102297,5814.714742540137,265.79889543783975,0.04790105000000004,8,0.11272344743203314,take_profit
2021-05-25 22:20:00+00:00,2021-05-26 02:13:00+00:00,2661.54,2661.54,2794.617,0.3933495330966566,1047.963479797873,1098.162030841845,50.198551043971975,0.04790105000000006,1,0.006965891927230086,take_profit
2021-05-26 02:14:00+00:00,2021-05-26 23:41:00+00:00,2783.11,2738.5005139944433,2875.4255396941658,0.9764778542436192,2676.7618676179604,2804.9815716768217,128.21970405886123,0.04790104999999997,5,0.042236922004520186,take_profit
2021-05-26 23:42:00+00:00,2021-06-01 00:03:00+00:00,2875.44,2598.2748381735237,2728.1885800822,3.323098313752932,8642.965699100208,9056.972831201094,414.0071321008854,0.04790105000000016,10,0.24167083994101768,take_profit
2021-06-01 00:04:00+00:00,2021-06-02 14:55:00+00:00,2725.57,2646.147832581542,2778.4552242106192,1.3801761892809707,3655.8060378843775,3830.922985695379,175.1169478110014,0.04790104999999999,6,0.07405056556977087,take_profit
2021-06-02 14:56:00+00:00,2021-06-03 09:46:00+00:00,2777.79,2733.2657863931436,2869.929075712801,1.0117525475718132,2768.156779353492,2900.754395649143,132.59761629565128,0.04790105000000025,5,0.04154021722304417,take_profit
2021-06-03 09:47:00+00:00,2021-06-07 13:01:00+00:00,2865.13,2708.859018156683,2844.301969064517,2.1616845285314166,5861.560189711817,6142.335077437212,280.7748877253953,0.04790105000000001,8,0.10928997986129778,take_profit
2021-06-07 13:02:00+00:00,2021-07-07 07:50:00+00:00,2842.39,2285.757029054809,2400.04488050755,6.952718152204382,15908.13251995809,16670.14877120323,762.0162512451388,0.04790105000000002,12,0.40174289946136876,take_profit
2021-07-07 07:51:00+00:00,2021-07-24 11:16:00+00:00,2404.51,2064.4664937987677,2167.6898184887064,6.091230054143717,12587.72808088064,13190.693473069308,602.9653921886675,0.04790104999999999,11,0.29049993553780196,take_profit
2021-07-24 11:17:00+00:00,2021-07-26 00:58:00+00:00,2158.58,2144.8046162687415,2252.044847082179,0.8555783132056022,1836.8852009437421,1924.873930798409,87.98872985466687,0.04790105000000035,3,0.02439103484698278,take_profit
2021-07-26 00:59:00+00:00,2021-07-26 06:13:00+00:00,2255.28,2255.28,2368.0440000000003,0.522541805307399,1179.657740414085,1236.1645848205474,56.50684440646228,0.04790105000000014,1,0.0008247312972225742,take_profit
2021-07-26 06:14:00+00:00,2021-07-29 23:18:00+00:00,2368.64,2280.430794348079,2394.4523340654832,2.049042733907626,4677.377526864992,4901.428821648229,224.0512947832367,0.04790105000000008,7,0.09209504188057277,take_profit
2021-07-29 23:19:00+00:00,2021-07-31 02:21:00+00:00,2397.77,2359.3369925875927,2477.3038422169725,1.2879237656599185,3041.687871825986,3187.387914658716,145.7000428327301,0.04790104999999999,5,0.03413588459276741,take_profit
2021-07-31 02:22:00+00:00,2021-08-01 02:42:00+00:00,2477.43,2461.619815101904,2584.700805856999,0.7617730246761991,1877.0726447978411,1966.9863954099346,89.91375061209351,0.04790104999999994,3,0.022906802613999185,take_profit
2021-08-01 02:43:00+00:00,2021-08-01 20:19:00+00:00,2583.08,2566.5955897819217,2694.925369271018,0.7333508816725027,1884.0992379012307,1974.3495697008996,90.25033179966886,0.047901050000000056,3,0.02054911191291014,take_profit
2021-08-01 20:20:00+00:00,2021-08-04 16:14:00+00:00,2695.41,2595.0317344103605,2724.7833211308784,1.8425024922146542,4786.138576603809,5015.399639868638,229.2610632648284,0.047901050000000105,7,0.09389666136135122,take_profit
2021-08-04 16:15:00+00:00,2021-08-05 14:07:00+00:00,2712.62,2633.575191104005,2765.2539506592057,1.5718977474069804,4143.854765288581,4342.3497595934095,198.49499430482865,0.0479010500000005,6,0.06735554556111804,take_profit
2021-08-05 14:08:00+00:00,2021-08-06 17:44:00+00:00,2762.27,2758.83186505077,2896.7734583033084,0.5086447853312174,1404.6701118755464,1471.9552851380026,67.28517326245628,0.047901050000000105,2,0.015280910265832101,take_profit
2021-08-06 17:45:00+00:00,2021-08-07 09:31:00+00:00,2896.6,2892.9946675401243,3037.6444009171305,0.48638159161648364,1408.5078587949606,1475.9768641644907,67.46900536953012,0.04790104999999984,2,0.010736725816474457,take_profit
2021-08-07 09:32:00+00:00,2021-08-08 00:23:00+00:00,3037.67,3033.889080904029,3185.5835349492304,0.4650610807570107,1412.3560909530747,1480.0094306836224,67.65333973054771,0.04790104999999995,2,0.014616465909726893,take_profit
2021-08-08 00:24:00+00:00,2021-08-10 13:31:00+00:00,3184.63,3066.0329643190707,3219.3346125350245,1.6000676491256909,4910.770928288176,5146.002012062656,235.23108377447988,0.04790105000000031,7,0.0915019955222428,take_profit
2021-08-10 13:32:00+00:00,2021-08-13 20:15:00+00:00,3223.5,3129.5683245437103,3286.046740770896,1.3572191654884587,4251.761871647976,4455.42572964988,203.66385800190437,0.047901050000000264,6,0.07575926787653173,take_profit
2021-08-13 20:16:00+00:00,2021-08-20 14:15:00+00:00,3286.83,3107.5585005385196,3262.936425565446,2.1782251567556625,6775.73783980271,7100.302796853994,324.5649570512833,0.04790105000000024,8,0.1024786800655951,take_profit
2021-08-20 14:16:00+00:00,2021-08-23 14:15:00+00:00,3260.36,3208.1008425132036,3368.505884638864,1.0153990555766976,3260.763329011726,3416.957316272884,156.19398726115787,0.04790105000000022,5,0.0410813529794256,take_profit
2021-08-23 14:16:00+00:00,2021-08-31 11:33:00+00:00,3373.3,3247.67680971966,3410.060650205643,1.5665245251458622,5092.658030203523,5336.601697141203,243.94366693768006,0.047901049999999924,7,0.0948625974564966,take_profit
2021-08-31 11:34:00+00:00,2021-09-01 09:16:00+00:00,3410.17,3388.4073595887917,3557.8277275682312,0.5988949078575387,2031.3312446493849,2128.6341441658974,97.30289951651253,0.047901050000000056,3,0.02086699490054744,take_profit
2021-09-01 09:17:00+00:00,2021-09-01 16:46:00+00:00,3554.0,3549.576416639371,3727.0552374713398,0.4188231370303555,1488.1328628086783,1559.41598947672,71.28312666804163,0.047901049999999994,2,0.010410804727068092,take_profit
2021-09-01 16:47:00+00:00,2021-09-03 09:17:00+00:00,3790.0,3765.813403097652,3954.104073252535,0.5423692588668606,2044.505930399363,2142.4399111967195,97.93398079735653,0.047901050000000056,3,0.028577836411609485,take_profit
2021-09-03 09:18:00+00:00,2021-10-06 13:13:00+00:00,3943.35,3385.685211673634,3554.969472257316,4.258742926097826,14433.196141350461,15124.561391377094,691.3652500266326,0.04790104999999979,11,0.32747536992658527,take_profit
2021-10-06 13:14:00+00:00,2021-10-14 11:13:00+00:00,3575.23,3517.9239026299183,3693.820097761414,0.9751068575578734,3433.785507328518,3598.2674386043373,164.48193127581908,0.047901050000000105,5,0.057123597642669145,take_profit
2021-10-14 11:14:00+00:00,2021-10-15 18:30:00+00:00,3703.26,3703.26,3888.4230000000002,0.3657397763668902,1355.7852694979479,1420.7288074814323,64.94353798348448,0.047901049999999855,1,0.0008830057840930522,take_profit
2021-10-15 18:31:00+00:00,2021-10-20 14:02:00+00:00,3884.46,3822.1973643121737,4013.3072325277826,0.9051214957789285,3463.016011560074,3628.8981146806127,165.8821031205389,0.04790104999999977,5,0.06293281434227667,take_profit
2021-10-20 14:03:00+00:00,2021-10-21 01:07:00+00:00,4017.55,4017.55,4218.427500000001,0.3399980647413462,1367.3265515531486,1432.8229290654238,65.4963775122751,0.04790105000000011,1,0.006518898333561512,take_profit
2021-10-21 01:08:00+00:00,2021-10-27 04:57:00+00:00,4218.72,4095.7879578467637,4300.577355739102,1.1341510382044424,4649.892056713875,4872.626768617128,222.7347119032529,0.04790104999999973,6,0.07839344635339635,take_profit
2021-10-27 04:58:00+00:00,2021-10-29 00:45:00+00:00,4261.93,4103.213833826969,4308.374525518318,1.3306828551685936,5465.541841605747,5727.347034637597,261.80519303184974,0.04790105000000014,7,0.08722808680574298,take_profit
2021-10-29 00:46:00+00:00,2021-11-02 10:19:00+00:00,4306.8,4237.767825803245,4449.656217093408,0.8378644686582347,3554.229316980578,3724.480633204732,170.25131622415392,0.047901050000000396,5,0.03726664809139036,take_profit
2021-11-02 10:20:00+00:00,2021-11-08 00:17:00+00:00,4449.1,4420.707232644265,4641.7425942764785,0.4956619868972211,2193.369900323696,2298.434621587596,105.06472126390008,0.04790104999999986,3,0.027630307253152388,take_profit
2021-11-08 00:18:00+00:00,2021-11-12 02:02:00+00:00,4637.19,4562.862121328259,4791.005227394672,0.785848271889326,3589.3066195346114,3761.23817538227,171.93155584765873,0.04790105000000009,5,0.03779444016742883,take_profit
2021-11-12 02:03:00+00:00,2021-11-25 23:08:00+00:00,4790.21,4328.479158865144,4544.903116808402,2.6748151228673134,11589.47098413261,12144.618813217096,555.1478290844861,0.04790105000000007,10,0.17405708726757282,take_profit
2021-11-25 23:09:00+00:00,2021-11-30 11:18:00+00:00,4548.24,4300.168209030986,4515.176619482536,1.800267748001783,7749.203341042115,8120.398317741542,371.19497669942666,0.04790105000000016,8,0.1396672119325277,take_profit
2021-11-30 11:19:00+00:00,2021-11-30 15:16:00+00:00,4514.98,4514.98,4740.728999999999,0.3238207871897256,1463.5078856314988,1533.6114500365272,70.10356440502846,0.047901049999999834,1,0.0026976863684887603,take_profit
2021-11-30 15:17:00+00:00,2021-12-06 21:33:00+00:00,4749.99,4078.2509537823535,4282.163501471471,3.9502597668868553,16126.276938933308,16898.742536898997,772.4655979656891,0.04790104999999986,11,0.2623816050139053,take_profit
2021-12-06 21:34:00+00:00,2021-12-09 00:06:00+00:00,4274.26,4268.939925319358,4482.386921585326,0.40193190987787886,1717.5407180555947,1799.8127218682114,82.27200381261673,0.047901049999999876,2,0.012004417138873255,take_profit
2021-12-09 00:07:00+00:00,2022-02-08 06:10:00+00:00,4476.74,3073.71969772767,3227.4056826140536,9.813778368351096,30194.998878813294,31641.371029857273,1446.372151043979,0.04790104999999999,13,0.5177294191755608,take_profit
2022-02-08 06:11:00+00:00,2022-02-15 23:39:00+00:00,3214.98,3039.6273698552495,3191.608738348012,2.788529461057527,8484.575046524693,8890.995100057024,406.4200535323307,0.04790104999999989,8,0.12005362397277737,take_profit
2022-02-15 23:40:00+00:00,2022-02-26 00:43:00+00:00,3191.38,2740.0580904132285,2877.06099493389,6.422054039523588,17614.415543611176,18458.164543286468,843.748999675292,0.047901049999999765,11,0.2793086376426499,take_profit
2022-02-26 00:44:00+00:00,2022-02-28 15:56:00+00:00,2846.35,2691.103323873707,2825.6584900673924,3.2741164857128036,8819.80556301444,9242.283510278674,422.4779472642331,0.04790105000000002,8,0.10131220686141898,take_profit
2022-02-28 15:57:00+00:00,2022-03-01 00:11:00+00:00,2821.25,2817.738453979692,2958.6253766786767,0.6736724427659869,1900.132880248403,1991.151240351826,91.01836010342299,0.047901050000000125,2,0.011431103234381923,take_profit
2022-03-01 00:12:00+00:00,2022-03-17 12:19:00+00:00,2970.65,2684.3074965988426,2818.522871428785,5.083355495617839,13658.948212976868,14313.226174274085,654.2779612972172,0.04790105000000012,10,0.1769478060357161,take_profit
2022-03-17 12:20:00+00:00,2022-03-18 19:50:00+00:00,2811.19,2807.690975433999,2948.075524205699,0.6912084516215603,1942.6423741356987,2035.6969836312912,93.05460949559256,0.04790104999999987,2,0.016220888662808245,take_profit
2022-03-18 19:51:00+00:00,2022-03-22 04:27:00+00:00,2949.62,2902.3415840869707,3047.458663291319,1.4977263686735323,4351.2647861709365,4559.694938256551,208.43015208561428,0.047901050000000216,5,0.04489052827143831,take_profit
2022-03-22 04:28:00+00:00,2022-03-25 10:56:00+00:00,3047.55,2998.701898747719,3148.636993685105,1.458445240244989,4377.820331473696,4587.522522062634,209.70219058893872,0.047901050000000146,5,0.041640005906383844,take_profit
2022-03-25 10:57:00+00:00,2022-03-27 21:43:00+00:00,3146.92,3126.8373389118906,3283.179205857485,0.8631466060638335,2701.6206574529197,2831.0311236466055,129.4104661936858,0.04790105000000023,3,0.022536321228375705,take_profit
2022-03-27 21:44:00+00:00,2022-03-29 11:45:00+00:00,3291.61,3291.61,3456.1905,0.5265692451159693,1734.9955885046804,1818.1036989394224,83.108110434742,0.04790104999999993,1,0.009007750006835588,take_profit
2022-03-29 11:46:00+00:00,2022-04-02 00:55:00+00:00,3456.82,3356.089460415446,3523.8939334362185,1.7563091265823054,5900.230779734067,6182.858029325647,282.62724959158004,0.04790104999999992,6,0.07120417030681386,take_profit
2022-04-02 00:56:00+00:00,2024-01-10 22:18:00+00:00,3522.58,2418.595570174175,2539.5253486828838,14.483852494804278,35065.64713011992,36745.32844658215,1679.681316462229,0.04790104999999995,13,0.7497402472051735,take_profit
2024-01-10 22:19:00+00:00,2024-01-11 14:46:00+00:00,2539.52,2539.52,2666.496,0.7227464859133927,1837.2664223291083,1925.273413088416,88.00699075930766,0.04790104999999996,1,0.0044732862903226304,take_profit
2024-01-11 14:47:00+00:00,2024-02-11 04:00:00+00:00,2672.24,2414.6613921906956,2535.3944618002306,6.230969239871385,15060.74160104629,15782.166937515083,721.4253364687938,0.0479010499999997,10,0.18866943088944094,take_profit
2024-02-11 04:01:00+00:00,2024-02-12 20:54:00+00:00,2535.89,2519.706741630951,2645.6920787124986,1.1635878593211257,2934.835008619987,3075.4166871096436,140.5816784896565,0.04790105000000002,3,0.025194310478766774,take_profit
2024-02-12 20:55:00+00:00,2024-02-14 10:43:00+00:00,2644.04,2627.1665620913764,2758.5248901959453,1.1201708440245814,2945.8212064575123,3086.9291353590943,141.107928901582,0.04790105000000013,3,0.020438419993646074,take_profit
2024-02-14 10:44:00+00:00,2024-02-18 22:38:00+00:00,2759.58,2756.1452132328855,2893.9524738945297,0.7822232777757103,2158.0790217426043,2261.453272867048,103.37425112444362,0.04790105000000002,2,0.014701512549010975,take_profit
2024-02-18 22:39:00+00:00,2024-02-20 23:16:00+00:00,2891.36,2887.761189649525,3032.1492491320014,0.7486114902085451,2163.975182732665,2267.6318661595014,103.65668342683648,0.04790104999999998,2,0.01190789109623163,take_profit
2024-02-20 23:17:00+00:00,2024-02-26 00:36:00+00:00,3031.86,2983.263388209302,3132.426557619767,1.6231132393494487,4847.021323192205,5079.198733945501,232.1774107532956,0.04790104999999992,5,0.05404603114919558,take_profit
2024-02-26 00:37:00+00:00,2024-02-27 02:09:00+00:00,3129.68,3109.7073592102006,3265.192727170711,0.9609202190450692,2991.1718486269565,3134.4521209066293,143.28027227967277,0.04790105000000017,3,0.029744255003706352,take_profit
2024-02-27 02:10:00+00:00,2024-02-28 16:55:00+00:00,3264.78,3260.7164022273173,3423.752222338683,0.6713589512585278,2191.3024465974095,2296.2681346569943,104.96568805958486,0.04790105000000001,2,0.01911614258847466,take_profit
2024-02-28 16:56:00+00:00,2024-02-29 06:36:00+00:00,3420.73,3321.0511105371197,3487.1036660639757,1.9657212945382767,6534.795683916726,6847.819258711804,313.02357479507737,0.0479010499999997,6,0.07149643497148274,take_profit
2024-02-29 06:37:00+00:00,2024-03-04 19:29:00+00:00,3485.29,3429.425519084654,3600.8967950388865,1.441397167436069,4948.1123414830745,5185.1321181580715,237.01977667499705,0.04790104999999984,5,0.05316343833655161,take_profit
2024-03-04 19:30:00+00:00,2024-03-05 13:48:00+00:00,3605.0,3600.512938093678,3780.538584998362,0.6183656599778853,2228.662221444657,2335.417481947188,106.7552605025312,0.04790104999999983,2,0.012954230235783584,take_profit
2024-03-05 13:49:00+00:00,2024-03-06 05:29:00+00:00,3781.79,3575.5222088612945,3754.298319304359,2.9354388496526633,10506.233032720069,11009.492626532043,503.2595938119739,0.047901049999999834,8,0.1538398483257928,take_profit
2024-03-06 05:30:00+00:00,2024-03-07 20:41:00+00:00,3741.99,3741.9900000000002,3929.0895000000005,0.5297218716476699,1984.198144631496,2079.2433191673967,95.04517453590074,0.04790105000000011,1,0.004807602371999867,take_profit
2024-03-07 20:42:00+00:00,2024-03-11 12:35:00+00:00,3928.54,3865.570821580077,4058.8493626590807,1.309786414602359,5068.140287075941,5310.909528374179,242.76924129823783,0.047901049999999765,5,0.05233241865934931,take_profit
2024-03-11 12:36:00+00:00,2024-05-20 22:20:00+00:00,4052.9,3479.7427553709595,3653.7298931395076,6.3151672492493685,21997.15463917061,23050.841443399255,1053.6868042286442,0.047901050000000035,11,0.3049421401959091,take_profit
2024-05-20 22:21:00+00:00,2024-05-21 13:46:00+00:00,3648.42,3643.878894202424,3826.072838912545,0.6423045367575304,2342.822767909139,2455.046438455893,112.22367054675397,0.04790104999999995,2,0.011413159669117007,take_profit
2024-05-21 13:47:00+00:00,2024-05-23 21:03:00+00:00,3833.82,3691.0468403757236,3875.59918239451,2.2047575401086132,8146.009361574024,8536.21176330325,390.20240172922604,0.04790105000000008,7,0.0875940967494562,take_profit
2024-05-23 21:04:00+00:00,2024-07-17 01:16:00+00:00,3882.93,3333.8097503300246,3500.500237846526,6.847897646379677,22852.440383145742,23947.096272560822,1094.6558894150803,0.04790104999999987,11,0.2763196864223666,take_profit
2024-07-17 01:17:00+00:00,2024-11-08 18:39:00+00:00,3509.5,2822.2250618204584,2963.3363149114816,10.853263967698856,30661.014586779438,32129.709379551492,1468.694792772054,0.04790105000000009,12,0.398489813363727,take_profit
2024-11-08 18:40:00+00:00,2024-11-09 22:46:00+00:00,2961.13,2957.4443485096626,3105.3165659351457,0.8504531643606416,2517.685590200739,2638.2853735412245,120.59978334048537,0.047901050000000105,2,0.015308345125002929,take_profit
2024-11-09 22:47:00+00:00,2024-11-11 16:20:00+00:00,3107.0,3103.132787422208,3258.2894267933184,0.8127398513166283,2524.564244509789,2645.4935226142647,120.92927810447554,0.04790104999999996,2,0.012230447376890892,take_profit
2024-11-11 16:21:00+00:00,2024-11-12 09:00:00+00:00,3262.97,3262.97,3426.1185,0.6794176342208507,2219.1384964300387,2325.4375605044593,106.29906407442058,0.047901050000000216,1,0.004459127727193241,take_profit
2024-11-12 09:01:00+00:00,2024-11-22 04:25:00+00:00,3429.39,3242.342940207372,3404.4600872177407,3.6756543097182695,11929.661463221051,12501.104773453879,571.4433102328276,0.047901050000000236,8,0.12098069919140135,take_profit
2024-11-22 04:26:00+00:00,2024-11-25 10:37:00+00:00,3404.99,3350.4126193883594,3517.9332503577775,1.711819604762936,5741.043048963096,6016.045039103631,275.0019901405349,0.0479010500000002,5,0.04330409193565909,take_profit
2024-11-25 10:38:00+00:00,2024-11-27 18:23:00+00:00,3516.79,3414.3119553504193,3585.0275531179404,2.250103784471425,7690.246498598608,8058.617380640305,368.37088204169686,0.04790105,6,0.07529309398627725,take_profit
2024-11-27 18:24:00+00:00,2024-12-04 10:15:00+00:00,3585.43,3562.5489049784737,3740.6763502273975,1.0015588307105234,3571.673989608905,3742.7609239688604,171.08693435995565,0.04790105000000001,3,0.023826988673603958,take_profit
2024-12-04 10:16:00+00:00,2024-12-05 10:13:00+00:00,3741.15,3736.4934752702266,3923.318149033738,0.6995745952981838,2616.5724832797528,2741.90905262996,125.33656935020736,0.0479010499999999,2,0.013672266549055796,take_profit
2024-12-05 10:14:00+00:00,2024-12-06 18:48:00+00:00,3926.93,3863.9866277007363,4057.1859590857734,1.5152535070033832,5860.780068706423,6141.517587816533,280.73751911011004,0.04790105000000004,5,0.06364513755019821,take_profit
2024-12-06 18:49:00+00:00,2024-12-16 17:44:00+00:00,4056.44,3835.192146817594,4026.951754158474,3.2326324681760257,12410.1768323286,13004.637333282813,594.4605009542138,0.047901049999999994,8,0.13495577402845846,take_profit
2024-12-16 17:45:00+00:00,2025-07-10 21:24:00+00:00,4033.13,2769.1380612893304,2907.594964353797,16.91090518266255,46875.50669886473,49120.89268902239,2245.385990157658,0.04790105000000008,13,0.6565818607384338,take_profit
2025-07-10 21:25:00+00:00,2025-07-14 03:43:00+00:00,2904.69,2904.69,3049.9245,0.8446989488780795,2456.04463445112,2573.6917512881946,117.64711683707446,0.04790104999999985,1,0.003601072747866394,take_profit
2025-07-14 03:44:00+00:00,2025-07-15 23:45:00+00:00,3043.18,2994.4019439323665,3144.122041128985,2.0929325667814704,6273.354701190983,6573.854978400468,300.5002772094849,0.04790105000000009,5,0.03638299410485078,take_profit
2025-07-15 23:46:00+00:00,2025-07-16 17:02:00+00:00,3141.26,3137.3501447756307,3294.2176520144126,0.8997193088676236,2825.5600639972668,2960.907357900803,135.3472939035364,0.04790105000000005,2,0.012816513118939603,take_profit
2025-07-16 17:03:00+00:00,2025-07-17 07:40:00+00:00,3294.75,3294.7500000000005,3459.4875000000006,0.7530876847954401,2483.719368848625,2602.692134521812,118.97276567318704,0.04790105000000025,1,0.006376811594202965,take_profit
2025-07-17 07:41:00+00:00,2025-07-18 01:34:00+00:00,3467.99,3420.0056572548847,3591.005940117629,1.648419564275062,5643.247482833178,5913.5649626707445,270.3174798375667,0.047901050000000084,4,0.030793053036485104,take_profit
2025-07-18 01:35:00+00:00,2025-07-20 08:48:00+00:00,3589.03,3539.3709047769744,3716.3394500158233,1.6014737457346881,5673.883463881435,5945.668439378994,271.78497549755866,0.047901050000000146,4,0.031052958598841544,take_profit
2025-07-20 08:49:00+00:00,2025-07-27 10:49:00+00:00,3711.39,3651.9014421398483,3834.496514246841,1.7543457239954878,6413.110790261259,6720.305530881104,307.1947406198442,0.047901050000000014,5,0.05618919057280425,take_profit
2025-07-27 10:50:00+00:00,2025-08-07 10:30:00+00:00,3835.15,3625.971827974159,3807.2704193728673,3.7413845698420087,13579.734782646989,14230.218337457301,650.4835548103129,0.04790105000000002,8,0.12538492627407008,take_profit
2025-08-07 10:31:00+00:00,2025-08-08 13:53:00+00:00,3812.71,3812.7099999999996,4003.3455,0.6719872184419686,2564.6570446705487,2687.506810000165,122.84976532961628,0.047901050000000035,1,0.00843756802903973,take_profit
2025-08-08 13:54:00+00:00,2025-08-09 05:06:00+00:00,4010.99,3985.393113902547,4184.662769597675,1.007189573526731,4018.06445518306,4210.533961554008,192.46950637094778,0.04790105000000031,3,0.021388734452092866,take_profit
2025-08-09 05:07:00+00:00,2025-08-12 12:40:00+00:00,4173.28,4173.28,4381.9439999999995,0.6177018041558011,2580.423008255577,2704.0279797951775,123.60497153960068,0.04790104999999995,1,0.007346739255453709,take_profit
2025-08-12 12:41:00+00:00,2025-08-12 20:18:00+00:00,4394.99,4394.99,4614.7395,0.5879459688362715,2586.6032568325572,2710.504268768256,123.90101193569899,0.04790104999999993,1,0.009595016143381457,take_profit
2025-08-12 20:19:00+00:00,2025-08-22 14:14:00+00:00,4621.5,4369.4324349719245,4587.904056720521,3.179171761691905,13905.081293176616,14571.149287455139,666.0679942785227,0.04790105000000036,8,0.12149734934545062,take_profit
2025-08-22 14:15:00+00:00,2025-08-22 17:15:00+00:00,4595.96,4590.239512610547,4819.751488241074,0.6519715359598885,2995.701206667136,3139.1984399527587,143.49723328562277,0.04790104999999999,2,0.01259802087050358,take_profit
2025-08-22 17:16:00+00:00,2025-10-03 16:35:00+00:00,4821.85,4357.069362757353,4574.922830895221,4.937450948202454,21534.35060713729,22565.868612287304,1031.5180051500138,0.04790105,10,0.20880989661644395,take_profit
2025-10-03 16:36:00+00:00,2025-10-10 21:56:00+00:00,4576.08,4134.9892612849135,4341.738724349159,5.3045290677388515,21956.12685813196,23007.84838856968,1051.7215304377205,0.04790104999999994,10,0.24935752871453296,take_profit
2025-10-10 21:57:00+00:00,2025-10-12 15:13:00+00:00,4066.66,3844.85472379161,4037.0974599811907,3.814474617489205,14680.781533369935,15384.006383638964,703.224850269029,0.047901049999999945,8,0.10409771163559284,take_profit
2025-10-12 15:14:00+00:00,2025-10-13 17:59:00+00:00,4034.98,4029.957751719621,4231.455639305602,0.7840416483698738,3162.817536055257,3314.3198169907173,151.50228093546048,0.04790105000000026,2,0.012723730972644263,take_profit
2025-10-13 18:00:00+00:00,2025-10-27 01:37:00+00:00,4234.62,4003.6537872510676,4203.836476613621,3.720367905730097,14909.975030774398,15624.178490222277,714.2034594478791,0.047901050000000216,8,0.13227160878662073,take_profit
2025-10-27 01:38:00+00:00,2026-07-31 23:59:00+00:00,4201.92,2885.028898769161,1862.6,19.501150863650434,56317.70150239108,36286.52075503666,-20031.180747354418,-0.35568178766145053,13,0.6416685705582209,eod_close
