stage,param,value,score,param_initial_pct,param_dca_level_weights,param_sub_order_weights,param_dca_depths,param_take_profit_pct,param_fee_rate,param_capital,param_reentry_delay_bars,param_stop_loss_pct,param_stop_loss_ref,param_max_hold_bars,equity_final,total_return_pct,buy_hold_return_pct,num_cycles,win_rate,avg_pnl_pct,max_drawdown_pct,profit_factor,total_fees,avg_hold_bars,median_hold_bars,max_hold_bars_seen,tp_exits,sl_exits,time_exits
baseline,,,118.70938254356132,0.05,"[1, 2, 4, 8]","[1, 2, 4]","[0.03, 0.1, 0.25, 0.5]",0.01,0.001,10000.0,0,0.0,wap,0,22526.524531794872,125.26524531794871,152.72041464275054,1825,99.94520547945206,0.777778379482284,63.70575182924928,1.97621221473025,6441.127984559726,1607.477808219178,117.0,929126.0,1824,0,0
search:take_profit_pct,take_profit_pct,0.005,86.45781392311659,0.05,"[1, 2, 4, 8]","[1, 2, 4]","[0.03, 0.1, 0.25, 0.5]",0.005,0.001,10000.0,0,0.0,wap,0,19301.367669750398,93.01367669750398,152.72041464275054,4184,99.97609942638623,0.2943729816296675,63.705751829249266,2.991821358255275,9404.061946010666,701.1584608030593,25.0,928913.0,4183,0,0
search:take_profit_pct,take_profit_pct,0.008,95.76424471977947,0.05,"[1, 2, 4, 8]","[1, 2, 4]","[0.03, 0.1, 0.25, 0.5]",0.008,0.001,10000.0,0,0.0,wap,0,20231.400430731366,102.31400430731368,152.72041464275054,2403,99.95838535164377,0.5832302279400602,63.66506391689476,1.89529307643256,7315.096581799993,1220.826883062838,68.0,929729.0,2402,0,0
search:take_profit_pct,take_profit_pct,0.01,118.70938254356132,0.05,"[1, 2, 4, 8]","[1, 2, 4]","[0.03, 0.1, 0.25, 0.5]",0.01,0.001,10000.0,0,0.0,wap,0,22526.524531794872,125.26524531794871,152.72041464275054,1825,99.94520547945206,0.777778379482284,63.70575182924928,1.97621221473025,6441.127984559726,1607.477808219178,117.0,929126.0,1824,0,0
search:take_profit_pct,take_profit_pct,0.012,126.55529160810302,0.05,"[1, 2, 4, 8]","[1, 2, 4]","[0.03, 0.1, 0.25, 0.5]",0.012,0.001,10000.0,0,0.0,wap,0,23310.50511956372,133.10505119563723,152.72041464275054,1401,99.92862241256245,0.9710307766604009,63.66506391689477,1.9990960211007225,5428.182454022013,2093.9664525339044,166.0,929942.0,1400,0,0
search:take_profit_pct,take_profit_pct,0.015,149.91501744097317,0.05,"[1, 2, 4, 8]","[1, 2, 4]","[0.03, 0.1, 0.25, 0.5]",0.015,0.001,10000.0,0,0.0,wap,0,25647.807992031798,156.47807992031798,152.72041464275054,1053,99.90503323836657,1.2613325888900386,63.75374986229873,2.0674993805788637,4771.5637142589285,2785.9895536562203,261.0,929156.0,1052,0,0
search:take_profit_pct,take_profit_pct,0.02,162.74228755195017,0.05,"[1, 2, 4, 8]","[1, 2, 4]","[0.03, 0.1, 0.25, 0.5]",0.02,0.001,10000.0,0,0.0,wap,0,26930.535003129495,169.30535003129498,152.72041464275054,686,99.85422740524781,1.740740315580004,63.75374986229875,2.1088583393473224,3688.6103093015226,4276.453352769679,461.0,929237.0,685,0,0
search:take_profit_pct,take_profit_pct,0.025,140.73902696491248,0.05,"[1, 2, 4, 8]","[1, 2, 4]","[0.03, 0.1, 0.25, 0.5]",0.025,0.001,10000.0,0,0.0,wap,0,24732.221402552073,147.32221402552074,152.72041464275054,461,99.78308026030369,2.2118231369630355,63.88791373738828,2.0545354919202636,2594.6436882616276,6363.6594360086765,626.0,931528.0,460,0,0
search:take_profit_pct,take_profit_pct,0.03,199.16425324430472,0.05,"[1, 2, 4, 8]","[1, 2, 4]","[0.03, 0.1, 0.25, 0.5]",0.03,0.001,10000.0,0,0.0,wap,0,30576.643350105907,205.76643350105908,152.72041464275054,398,99.74874371859298,2.6957068570382443,64.01453504502915,2.177467963065884,2841.8471268653543,7370.972361809046,913.0,931542.0,397,0,0
search:take_profit_pct,take_profit_pct,0.04,197.0270530435589,0.05,"[1, 2, 4, 8]","[1, 2, 4]","[0.03, 0.1, 0.25, 0.5]",0.04,0.001,10000.0,0,0.0,wap,0,30354.27042390027,203.5427042390027,152.72041464275054,251,99.60159362549801,3.6341650216869326,63.437674636291966,2.1998647579899138,2084.242127033732,11687.836653386454,1502.0,934258.0,250,0,0
search:take_profit_pct,take_profit_pct,0.05,249.1452021727138,0.05,"[1, 2, 4, 8]","[1, 2, 4]","[0.03, 0.1, 0.25, 0.5]",0.05,0.001,10000.0,0,0.0,wap,0,35570.56463479703,255.70564634797032,152.72041464275054,191,99.47643979057592,4.581586862999486,63.73629450171007,2.332881086486365,2004.7398149637143,15359.40837696335,2030.0,931661.0,190,0,0
search:initial_pct,initial_pct,0.03,186.13283216677993,0.03,"[1, 2, 4, 8]","[1, 2, 4]","[0.03, 0.1, 0.25, 0.5]",0.05,0.001,10000.0,0,0.0,wap,0,29261.146826699318,192.61146826699317,152.72041464275054,193,99.48186528497409,4.589055816397221,63.19090733475497,2.2770740991226432,1542.660011022559,15200.243523316061,1821.0,934258.0,192,0,0
search:initial_pct,initial_pct,0.05,249.1452021727138,0.05,"[1, 2, 4, 8]","[1, 2, 4]","[0.03, 0.1, 0.25, 0.5]",0.05,0.001,10000.0,0,0.0,wap,0,35570.56463479703,255.70564634797032,152.72041464275054,191,99.47643979057592,4.581586862999486,63.73629450171007,2.332881086486365,2004.7398149637143,15359.40837696335,2030.0,931661.0,190,0,0
search:initial_pct,initial_pct,0.08,164.11888142022102,0.08,"[1, 2, 4, 8]","[1, 2, 4]","[0.03, 0.1, 0.25, 0.5]",0.05,0.001,10000.0,0,0.0,wap,0,27073.297291918654,170.73297291918652,152.72041464275054,145,99.3103448275862,4.502243976058295,64.09394332643674,2.0760976442356887,1479.0033986368594,20232.048275862067,2482.0,931667.0,144,0,0
search:initial_pct,initial_pct,0.1,188.8246401720641,0.1,"[1, 2, 4, 8]","[1, 2, 4]","[0.03, 0.1, 0.25, 0.5]",0.05,0.001,10000.0,0,0.0,wap,0,29643.58781493344,196.43587814933437,152.72041464275054,139,99.28057553956835,4.4862333978359,70.74158651513514,2.106883043273756,1676.422147813109,21105.374100719426,2036.0,1168865.0,138,0,0
search:initial_pct,initial_pct,0.15,207.69036790956065,0.15,"[1, 2, 4, 8]","[1, 2, 4]","[0.03, 0.1, 0.25, 0.5]",0.05,0.001,10000.0,0,0.0,wap,0,31433.485186028967,214.33485186028966,152.72041464275054,120,99.16666666666667,4.445164066428611,64.29655967152674,2.1810163116641634,1774.1449440230742,24447.058333333334,2751.5,934804.0,119,0,0
search:initial_pct,initial_pct,0.2,189.64293111285622,0.2,"[1, 2, 4, 8]","[1, 2, 4]","[0.03, 0.1, 0.25, 0.5]",0.05,0.001,10000.0,0,0.0,wap,0,29645.746335991695,196.45746335991694,152.72041464275054,109,99.08256880733946,4.330184858893257,65.43021498040483,1.7988650020635664,1976.1698750248256,26914.19266055046,2670.0,934611.0,108,0,0
search:initial_pct,initial_pct,0.25,215.42925037580608,0.25,"[1, 2, 4, 8]","[1, 2, 4]","[0.03, 0.1, 0.25, 0.5]",0.05,0.001,10000.0,0,0.0,wap,0,32228.883562193987,222.28883562193985,152.72041464275054,102,99.01960784313727,4.285096953121257,65.73056830755841,1.7865408505237248,2252.4626312369674,28761.245098039217,2694.5,940421.0,101,0,0
search:initial_pct,initial_pct,0.3,199.0877449347727,0.3,"[1, 2, 4, 8]","[1, 2, 4]","[0.03, 0.1, 0.25, 0.5]",0.05,0.001,10000.0,0,0.0,wap,0,30607.123497050845,206.07123497050844,152.72041464275054,92,98.91304347826086,4.207427490818432,66.55660023823822,1.7059321558316474,2220.5485084801776,31887.467391304348,2816.5,984224.0,91,0,0
search:dca_depths,dca_depths,"[0.02, 0.06, 0.15, 0.3]",203.3402716528832,0.05,"[1, 2, 4, 8]","[1, 2, 4]","[0.02, 0.06, 0.15, 0.3]",0.05,0.001,10000.0,0,0.0,wap,0,31171.834767070904,211.71834767070905,152.72041464275054,142,99.29577464788733,4.432962816954361,75.85384011883912,1.7997596613174982,2126.8272618233736,20659.485915492958,2110.0,1180144.0,141,0,0
search:dca_depths,dca_depths,"[0.03, 0.1, 0.25, 0.5]",249.1452021727138,0.05,"[1, 2, 4, 8]","[1, 2, 4]","[0.03, 0.1, 0.25, 0.5]",0.05,0.001,10000.0,0,0.0,wap,0,35570.56463479703,255.70564634797032,152.72041464275054,191,99.47643979057592,4.581586862999486,63.73629450171007,2.332881086486365,2004.7398149637143,15359.40837696335,2030.0,931661.0,190,0,0
search:dca_depths,dca_depths,"[0.04, 0.12, 0.28, 0.55]",205.55602026737213,0.05,"[1, 2, 4, 8]","[1, 2, 4]","[0.04, 0.12, 0.28, 0.55]",0.05,0.001,10000.0,0,0.0,wap,0,31176.570612514115,211.76570612514115,152.72041464275054,189,99.47089947089947,4.599314659037457,61.39790571846018,2.493002429951556,1589.0987461038699,15521.9417989418,2290.0,911590.0,188,0,0
search:dca_depths,dca_depths,"[0.05, 0.15, 0.3, 0.6]",153.7200785422607,0.05,"[1, 2, 4, 8]","[1, 2, 4]","[0.05, 0.15, 0.3, 0.6]",0.05,0.001,10000.0,0,0.0,wap,0,25954.587003598353,159.54587003598354,152.72041464275054,176,99.43181818181817,4.610318333297387,58.83860995815233,2.6745169949885463,1151.4660359008346,16668.448863636364,2353.5,877363.0,175,0,0
search:dca_depths,dca_depths,"[0.02, 0.08, 0.2, 0.4]",209.8454065752463,0.05,"[1, 2, 4, 8]","[1, 2, 4]","[0.02, 0.08, 0.2, 0.4]",0.05,0.001,10000.0,0,0.0,wap,0,31690.059460578923,216.90059460578922,152.72041464275054,162,99.38271604938271,4.506050960963635,67.03458687028608,1.975753460006757,1964.2642489630437,18108.932098765432,2162.5,984858.0,161,0,0
search:dca_depths,dca_depths,"[0.03, 0.08, 0.18, 0.35]",215.06965780175392,0.05,"[1, 2, 4, 8]","[1, 2, 4]","[0.03, 0.08, 0.18, 0.35]",0.05,0.001,10000.0,0,0.0,wap,0,32335.67230343283,223.3567230343283,152.72041464275054,163,99.38650306748467,4.491835135897754,75.24710155049587,1.8852938252612743,2124.523669235117,17997.83435582822,2006.0,1179141.0,162,0,0
search:dca_depths,dca_depths,"[0.05, 0.12, 0.25, 0.45]",136.48031012755942,0.05,"[1, 2, 4, 8]","[1, 2, 4]","[0.05, 0.12, 0.25, 0.45]",0.05,0.001,10000.0,0,0.0,wap,0,24325.649559945472,143.25649559945472,152.72041464275054,168,99.40476190476191,4.535180104072338,65.17456981263537,1.9593364444599615,1315.131200443976,17462.184523809523,2395.5,932605.0,167,0,0
search:dca_depths,dca_depths,"[0.03, 0.1, 0.2, 0.4]",164.18228376810677,0.05,"[1, 2, 4, 8]","[1, 2, 4]","[0.03, 0.1, 0.2, 0.4]",0.05,0.001,10000.0,0,0.0,wap,0,27127.057966087672,171.2705796608767,152.72041464275054,160,99.375,4.503325816121859,67.2553059517996,1.9050051746051393,1615.3119642364277,18335.29375,2011.0,982968.0,159,0,0
search:dca_depths,dca_depths,"[0.04, 0.1, 0.22, 0.45]",171.9980837357955,0.05,"[1, 2, 4, 8]","[1, 2, 4]","[0.04, 0.1, 0.22, 0.45]",0.05,0.001,10000.0,0,0.0,wap,0,27882.551168236794,178.82551168236796,152.72041464275054,169,99.40828402366864,4.534889336942778,65.5161863104832,2.0313919225116615,1579.689084710227,17358.85798816568,2239.0,933975.0,168,0,0
search:dca_level_weights,dca_level_weights,"[1, 2, 4, 8]",249.1452021727138,0.05,"[1.0, 2.0, 4.0, 8.0]","[1, 2, 4]","[0.03, 0.1, 0.25, 0.5]",0.05,0.001,10000.0,0,0.0,wap,0,35570.56463479703,255.70564634797032,152.72041464275054,191,99.47643979057592,4.581586862999486,63.73629450171007,2.332881086486365,2004.7398149637143,15359.40837696335,2030.0,931661.0,190,0,0
search:dca_level_weights,dca_level_weights,"[1, 1, 1, 1]",176.59719730595333,0.05,"[1.0, 1.0, 1.0, 1.0]","[1, 2, 4]","[0.03, 0.1, 0.25, 0.5]",0.05,0.001,10000.0,0,0.0,wap,0,28506.089625382756,185.06089625382756,152.72041464275054,116,99.13793103448276,4.316901020293173,76.42465965249488,1.6465658950825381,2101.5550701320226,25290.060344827587,1983.0,1190567.0,115,0,0
search:dca_level_weights,dca_level_weights,"[1, 2, 3, 4]",188.26837964384384,0.05,"[1.0, 2.0, 3.0, 4.0]","[1, 2, 4]","[0.03, 0.1, 0.25, 0.5]",0.05,0.001,10000.0,0,0.0,wap,0,29506.209503843354,195.06209503843354,152.72041464275054,150,99.33333333333333,4.504689733825973,65.29143596393125,2.07760265996588,1685.7989458452223,19557.646666666667,2200.0,935316.0,149,0,0
search:dca_level_weights,dca_level_weights,"[8, 4, 2, 1]",74.9561812624306,0.05,"[8.0, 4.0, 2.0, 1.0]","[1, 2, 4]","[0.03, 0.1, 0.25, 0.5]",0.05,0.001,10000.0,0,0.0,wap,0,18388.787586427366,83.88787586427367,152.72041464275054,74,98.64864864864865,3.9407611529064335,79.54463067895378,1.3295137961635741,1510.0413863246447,39643.87837837838,1237.0,1945402.0,73,0,0
search:dca_level_weights,dca_level_weights,"[1, 3, 5, 7]",168.45421453709014,0.05,"[1.0, 3.0, 5.0, 7.0]","[1, 2, 4]","[0.03, 0.1, 0.25, 0.5]",0.05,0.001,10000.0,0,0.0,wap,0,27518.116217177365,175.18116217177365,152.72041464275054,159,99.37106918238993,4.528669408043127,64.84631756455671,2.0943240554938245,1505.1462810837718,18450.610062893084,2237.0,934384.0,158,0,0
search:dca_level_weights,dca_level_weights,"[2, 3, 4, 5]",175.38452054364961,0.05,"[2.0, 3.0, 4.0, 5.0]","[1, 2, 4]","[0.03, 0.1, 0.25, 0.5]",0.05,0.001,10000.0,0,0.0,wap,0,28327.99899648047,183.27998996480468,152.72041464275054,134,99.25373134328358,4.455914194970428,72.63646280770052,1.9708338334485214,1667.0623943454111,21892.888059701494,1813.5,1171368.0,133,0,0
search:dca_level_weights,dca_level_weights,"[1, 2, 4, 6]",185.6859594925319,0.05,"[1.0, 2.0, 4.0, 6.0]","[1, 2, 4]","[0.03, 0.1, 0.25, 0.5]",0.05,0.001,10000.0,0,0.0,wap,0,29239.23697777225,192.39236977772248,152.72041464275054,164,99.39024390243902,4.536768185034969,64.70940190127045,2.1321181037754044,1625.36612975117,17888.091463414636,2381.0,931676.0,163,0,0
search:dca_level_weights,dca_level_weights,"[1, 2, 3, 6]",183.90799160368914,0.05,"[1.0, 2.0, 3.0, 6.0]","[1, 2, 4]","[0.03, 0.1, 0.25, 0.5]",0.05,0.001,10000.0,0,0.0,wap,0,29053.639330647817,190.53639330647817,152.72041464275054,162,99.38271604938271,4.537524183724145,64.18934468526014,2.159429201706985,1592.5253690555728,18108.932098765432,2305.5,934374.0,161,0,0
search:sub_order_weights,sub_order_weights,"[1, 2, 4]",249.1452021727138,0.05,"[1, 2, 4, 8]","[1.0, 2.0, 4.0]","[0.03, 0.1, 0.25, 0.5]",0.05,0.001,10000.0,0,0.0,wap,0,35570.56463479703,255.70564634797032,152.72041464275054,191,99.47643979057592,4.581586862999486,63.73629450171007,2.332881086486365,2004.7398149637143,15359.40837696335,2030.0,931661.0,190,0,0
search:sub_order_weights,sub_order_weights,"[1, 1, 1]",197.32062939329242,0.05,"[1, 2, 4, 8]","[1.0, 1.0, 1.0]","[0.03, 0.1, 0.25, 0.5]",0.05,0.001,10000.0,0,0.0,wap,0,30424.446646332304,204.24446646332305,152.72041464275054,157,99.36305732484077,4.5065895366483,66.15891380020425,2.018728727586209,1812.1633549549908,18685.649681528663,2237.0,983939.0,156,0,0
search:sub_order_weights,sub_order_weights,"[4, 2, 1]",164.00066247384282,0.05,"[1, 2, 4, 8]","[4.0, 2.0, 1.0]","[0.03, 0.1, 0.25, 0.5]",0.05,0.001,10000.0,0,0.0,wap,0,27209.384360040334,172.09384360040337,152.72041464275054,133,99.24812030075188,4.420996815341216,73.95454084373702,1.7951983981389732,1737.9253674044587,22057.496240601504,1873.0,1147523.0,132,0,0
search:sub_order_weights,sub_order_weights,"[1, 2, 3]",148.48550086532518,0.05,"[1, 2, 4, 8]","[1.0, 2.0, 3.0]","[0.03, 0.1, 0.25, 0.5]",0.05,0.001,10000.0,0,0.0,wap,0,25509.622758644135,155.09622758644133,152.72041464275054,156,99.35897435897436,4.527558764013611,64.07151147410777,2.073069719226033,1347.1603544771617,18805.42948717949,2043.5,934376.0,155,0,0
search:sub_order_weights,sub_order_weights,"[1, 3, 5]",256.33660134829285,0.05,"[1, 2, 4, 8]","[1.0, 3.0, 5.0]","[0.03, 0.1, 0.25, 0.5]",0.05,0.001,10000.0,0,0.0,wap,0,36286.52075503666,262.8652075503666,152.72041464275054,196,99.48979591836735,4.584195388948244,63.52404134715835,2.312280143970463,2073.8633887197784,14967.586734693878,2031.5,934323.0,195,0,0
search:sub_order_weights,sub_order_weights,"[2, 3, 4]",157.9931710459231,0.05,"[1, 2, 4, 8]","[2.0, 3.0, 4.0]","[0.03, 0.1, 0.25, 0.5]",0.05,0.001,10000.0,0,0.0,wap,0,26472.113453461607,164.72113453461606,152.72041464275054,155,99.35483870967742,4.518220369088234,64.8530899246196,2.0436474638241044,1448.463937286724,18926.754838709676,2033.0,933679.0,154,0,0
search:reentry_delay_bars,reentry_delay_bars,0,256.33660134829285,0.05,"[1, 2, 4, 8]","[1.0, 3.0, 5.0]","[0.03, 0.1, 0.25, 0.5]",0.05,0.001,10000.0,0,0.0,wap,0,36286.52075503666,262.8652075503666,152.72041464275054,196,99.48979591836735,4.584195388948244,63.52404134715835,2.312280143970463,2073.8633887197784,14967.586734693878,2031.5,934323.0,195,0,0
search:reentry_delay_bars,reentry_delay_bars,60,170.05702691809626,0.05,"[1, 2, 4, 8]","[1.0, 3.0, 5.0]","[0.03, 0.1, 0.25, 0.5]",0.05,0.001,10000.0,60,0.0,wap,0,27660.157715819252,176.60157715819253,152.72041464275054,167,99.40119760479041,4.549279692230501,63.630334933975064,2.1637047762967834,1475.0702122510738,17507.107784431137,2319.0,931559.0,166,0,0
search:reentry_delay_bars,reentry_delay_bars,180,246.82400348324748,0.05,"[1, 2, 4, 8]","[1.0, 3.0, 5.0]","[0.03, 0.1, 0.25, 0.5]",0.05,0.001,10000.0,180,0.0,wap,0,35329.29669583196,253.29296695831957,152.72041464275054,193,99.48186528497409,4.583439703043303,63.12642316714733,2.3258558594110594,1990.4209032837032,15021.176165803108,2475.0,931370.0,192,0,0
search:reentry_delay_bars,reentry_delay_bars,360,185.8902212879891,0.05,"[1, 2, 4, 8]","[1.0, 3.0, 5.0]","[0.03, 0.1, 0.25, 0.5]",0.05,0.001,10000.0,360,0.0,wap,0,29235.60502488183,192.3560502488183,152.72041464275054,166,99.3975903614458,4.5470040555657825,63.105526405527925,2.1920634826687357,1587.661231332459,17314.74096385542,2394.0,933900.0,165,0,0
search:reentry_delay_bars,reentry_delay_bars,720,163.85667013730375,0.05,"[1, 2, 4, 8]","[1.0, 3.0, 5.0]","[0.03, 0.1, 0.25, 0.5]",0.05,0.001,10000.0,720,0.0,wap,0,27030.390934282143,170.30390934282144,152.72041464275054,154,99.35064935064936,4.532456546645384,62.98159470345128,2.1758770158222682,1416.550789796129,18334.33116883117,2795.5,934110.0,153,0,0
final,,,256.33660134829285,0.05,"[1, 2, 4, 8]","[1.0, 3.0, 5.0]","[0.03, 0.1, 0.25, 0.5]",0.05,0.001,10000.0,0,0.0,wap,0,36286.52075503666,262.8652075503666,152.72041464275054,196,99.48979591836735,4.584195388948244,63.52404134715835,2.312280143970463,2073.8633887197784,14967.586734693878,2031.5,934323.0,195,0,0
