entry_time,exit_time,p0,avg_entry,exit_price,pnl,pnl_pct,fills,hold_bars,reason
2021-01-01 00:00:00+00:00,2021-01-01 01:38:00+00:00,736.42,733.0132940728904,747.6735599543482,29.20328807407418,0.01796102000000006,2,99,take_profit
2021-01-01 01:39:00+00:00,2021-01-02 12:45:00+00:00,748.18,737.1451037346953,751.8880058093893,110.41591221930685,0.017961020000000105,5,2107,take_profit
2021-01-02 12:46:00+00:00,2021-01-02 13:17:00+00:00,754.61,751.1191464657993,766.1415293951153,29.611022046757853,0.017961019999999894,2,32,take_profit
2021-01-02 13:18:00+00:00,2021-01-02 16:08:00+00:00,766.07,759.1129372077307,774.2951959518854,60.54500886304095,0.017961020000000077,3,171,take_profit
2021-01-02 16:09:00+00:00,2021-01-02 17:01:00+00:00,772.69,769.1155077227422,784.4978178771971,29.87430730098572,0.017961020000000178,2,53,take_profit
2021-01-02 17:02:00+00:00,2021-01-03 05:11:00+00:00,783.92,772.3579749788853,787.8051344784631,112.95299639517452,0.017961019999999706,5,730,take_profit
2021-01-03 05:12:00+00:00,2021-01-03 06:20:00+00:00,785.98,785.98,801.6996,9.315126079068932,0.017961020000000074,1,69,take_profit
2021-01-03 06:21:00+00:00,2021-01-03 08:40:00+00:00,800.16,796.4584304953207,812.3875991052272,30.318613221486885,0.017961019999999935,2,140,take_profit
2021-01-03 08:41:00+00:00,2021-01-03 10:52:00+00:00,812.73,812.73,828.9846,9.350719198281467,0.01796101999999995,1,132,take_profit
2021-01-03 10:53:00+00:00,2021-01-03 13:22:00+00:00,827.94,827.94,844.4988000000001,9.359116621008297,0.017961020000000126,1,150,take_profit
2021-01-03 13:23:00+00:00,2021-01-03 13:37:00+00:00,844.65,844.65,861.543,9.367521585048962,0.017961020000000227,1,15,take_profit
2021-01-03 13:38:00+00:00,2021-01-03 13:43:00+00:00,865.03,865.03,882.3306,9.375934097175787,0.017961019999999942,1,6,take_profit
2021-01-03 13:44:00+00:00,2021-01-03 14:23:00+00:00,879.09,871.10654635992,888.5286772871184,62.214792421703805,0.017961019999999793,3,40,take_profit
2021-01-03 14:24:00+00:00,2021-01-03 14:29:00+00:00,890.94,890.94,908.7588000000001,9.440226220716795,0.017961019999999942,1,6,take_profit
2021-01-03 14:30:00+00:00,2021-01-03 14:36:00+00:00,906.63,902.4358963706915,920.4846142981053,30.725785682319156,0.017961019999999966,2,7,take_profit
2021-01-03 14:37:00+00:00,2021-01-03 16:00:00+00:00,917.46,903.9283954027558,922.0069633108109,116.17238600539804,0.017961019999999984,5,84,take_profit
2021-01-03 16:01:00+00:00,2021-01-03 16:05:00+00:00,929.98,929.98,948.5796,9.580626075296891,0.017961019999999998,1,5,take_profit
2021-01-03 16:06:00+00:00,2021-01-03 16:24:00+00:00,948.76,944.3710014456365,963.2584214745492,31.182755223175036,0.017961020000000008,2,19,take_profit
2021-01-03 16:25:00+00:00,2021-01-03 20:27:00+00:00,970.01,941.1139338470338,959.9362125239744,161.21333182701892,0.017961019999999772,8,243,take_profit
2021-01-03 20:28:00+00:00,2021-01-03 22:17:00+00:00,957.24,944.2909663239614,963.1767856504406,108.68372763805473,0.01796101999999997,4,110,take_profit
2021-01-03 22:18:00+00:00,2021-01-03 22:29:00+00:00,965.09,965.09,984.3918000000001,9.859614994785147,0.017961020000000206,1,12,take_profit
2021-01-03 22:30:00+00:00,2021-01-03 22:45:00+00:00,981.33,976.7903314311801,996.3261380598037,32.09080059703683,0.01796101999999979,2,16,take_profit
2021-01-03 22:46:00+00:00,2021-01-03 23:41:00+00:00,992.71,983.6947066136075,1003.3686007458797,65.61535780499753,0.01796102000000008,3,56,take_profit
2021-01-03 23:42:00+00:00,2021-01-04 03:47:00+00:00,1007.29,992.4334940000018,1012.2821638800019,122.05581534979956,0.01796101999999999,5,246,take_profit
2021-01-04 03:48:00+00:00,2021-01-04 04:01:00+00:00,1011.8,1007.119376093738,1027.2617636156128,32.73257781975781,0.017961020000000223,2,14,take_profit
2021-01-04 04:02:00+00:00,2021-01-04 05:16:00+00:00,1027.8,1018.4660368662206,1038.8353576035452,66.92758564962696,0.01796102000000008,3,75,take_profit
2021-01-04 05:17:00+00:00,2021-01-04 05:29:00+00:00,1040.0,1040.0,1060.8,10.155326801644264,0.017961019999999814,1,13,take_profit
2021-01-04 05:30:00+00:00,2021-01-04 05:50:00+00:00,1061.0,1056.0917750894014,1077.2136105911895,33.0532751594958,0.017961020000000185,2,21,take_profit
2021-01-04 05:51:00+00:00,2021-01-04 06:20:00+00:00,1076.51,1076.51,1098.0402,10.194130329844256,0.017961020000000147,1,30,take_profit
2021-01-04 06:21:00+00:00,2021-01-04 06:24:00+00:00,1097.0,1097.0,1118.94,10.203285178781016,0.017961019999999994,1,4,take_profit
2021-01-04 06:25:00+00:00,2021-01-04 06:36:00+00:00,1123.2,1118.0040356083086,1140.3641163204747,33.209368751229476,0.017961020000000046,2,12,take_profit
2021-01-04 06:37:00+00:00,2021-01-05 00:33:00+00:00,1145.65,1090.0768796518855,1111.8784172449232,194.75490452736267,0.017961019999999623,11,1077,take_profit
2021-01-05 00:34:00+00:00,2021-01-05 00:44:00+00:00,1110.98,1105.840565776459,1127.9573770919883,33.87509938554513,0.0179610200000003,2,11,take_profit
2021-01-05 00:45:00+00:00,2021-01-05 22:39:00+00:00,1131.09,1089.2049865334811,1110.9890862641507,186.895836767957,0.017961019999999918,10,1315,take_profit
2021-01-05 22:40:00+00:00,2021-01-06 04:24:00+00:00,1110.44,1094.0621361051556,1115.9433788272586,130.13737413994022,0.01796101999999997,5,345,take_profit
2021-01-06 04:25:00+00:00,2021-01-06 04:28:00+00:00,1117.85,1112.6787849045118,1134.932360602602,34.89986703285331,0.017961020000000074,2,4,take_profit
2021-01-06 04:29:00+00:00,2021-01-06 11:08:00+00:00,1135.0,1118.2599010116273,1140.62509903186,131.95434175050832,0.017961019999999724,5,400,take_profit
2021-01-06 11:09:00+00:00,2021-01-06 15:34:00+00:00,1145.53,1130.033879333383,1152.6345569200507,121.15459154136079,0.017961020000000206,4,266,take_profit
2021-01-06 15:35:00+00:00,2021-01-06 16:04:00+00:00,1153.17,1147.8353932892032,1170.7921011549872,35.74094742922807,0.017961019999999887,2,30,take_profit
2021-01-06 16:05:00+00:00,2021-01-06 16:26:00+00:00,1177.04,1166.3507141788443,1189.6777284624213,73.0787331642623,0.01796102000000016,3,22,take_profit
2021-01-06 16:27:00+00:00,2021-01-06 17:26:00+00:00,1184.82,1168.792385107137,1192.1682328092797,123.4539435670822,0.017961019999999918,4,60,take_profit
2021-01-06 17:27:00+00:00,2021-01-06 20:49:00+00:00,1192.43,1169.0733377965296,1192.4548045524602,156.21291987307268,0.01796102000000023,6,203,take_profit
2021-01-06 20:50:00+00:00,2021-01-06 23:56:00+00:00,1193.74,1182.899053170541,1206.557034233952,75.1788906792226,0.017961020000000067,3,187,take_profit
2021-01-06 23:57:00+00:00,2021-01-07 03:26:00+00:00,1208.35,1192.004083779991,1215.8441654555909,127.00179827265401,0.017961020000000136,4,210,take_profit
2021-01-07 03:27:00+00:00,2021-01-07 12:57:00+00:00,1215.89,1197.9568555427559,1221.915992653611,141.24384485782412,0.01796102000000024,5,571,take_profit
2021-01-07 12:58:00+00:00,2021-01-07 15:38:00+00:00,1222.92,1217.2627272312259,1241.6079817758505,37.87836843431478,0.01796101999999998,2,161,take_profit
2021-01-07 15:39:00+00:00,2021-01-07 16:11:00+00:00,1240.43,1240.43,1265.2386000000001,11.682262124948124,0.017961020000000077,1,33,take_profit
2021-01-07 16:12:00+00:00,2021-01-07 18:13:00+00:00,1262.27,1256.430692688123,1281.5593065418855,38.02310177145,0.017961019999999852,2,122,take_profit
2021-01-07 18:14:00+00:00,2021-01-07 21:39:00+00:00,1277.45,1239.3954647816968,1264.1833740773307,196.57759165609968,0.017961020000000005,8,206,take_profit
2021-01-07 21:40:00+00:00,2021-01-08 10:37:00+00:00,1264.32,1217.5013912014174,1241.8514190254457,212.93925794375718,0.017961019999999602,10,778,take_profit
2021-01-08 10:38:00+00:00,2021-01-08 10:47:00+00:00,1240.65,1240.65,1265.4630000000002,12.094667093000567,0.017961019999999946,1,10,take_profit
2021-01-08 10:48:00+00:00,2021-01-08 12:28:00+00:00,1265.85,1248.7262543575139,1273.7007794446642,134.77488642577737,0.017961020000000105,4,101,take_profit
2021-01-08 12:29:00+00:00,2021-01-09 20:29:00+00:00,1271.05,1233.1861172732986,1257.8498396187645,204.95343014939135,0.017961019999999495,8,1921,take_profit
2021-01-09 20:30:00+00:00,2021-01-09 21:10:00+00:00,1257.11,1257.11,1282.2522,12.410622075306833,0.017961020000000064,1,41,take_profit
2021-01-09 21:11:00+00:00,2021-01-09 22:08:00+00:00,1282.24,1270.595340641509,1296.0072474543392,82.35171751815233,0.01796102,3,58,take_profit
2021-01-09 22:09:00+00:00,2021-01-10 01:11:00+00:00,1297.3,1279.7508154820894,1305.3458317917311,139.11905484577073,0.017961020000000077,4,183,take_profit
2021-01-10 01:12:00+00:00,2021-01-10 01:37:00+00:00,1306.11,1306.1099999999997,1332.2321999999997,12.620659495464338,0.017961020000000005,1,26,take_profit
2021-01-10 01:38:00+00:00,2021-01-10 07:52:00+00:00,1333.26,1315.2243677250062,1341.5288550795065,140.63619420364103,0.017961020000000157,4,375,take_profit
2021-01-10 07:53:00+00:00,2021-01-16 16:12:00+00:00,1344.16,1270.7457217144113,1296.1606361486995,247.98339347608453,0.017961020000000123,12,9140,take_profit
2021-01-16 16:13:00+00:00,2021-01-19 00:02:00+00:00,1284.59,1246.3227680957527,1271.2492234576678,217.59991662695575,0.017961019999999765,8,3350,take_profit
2021-01-19 00:03:00+00:00,2021-01-19 01:21:00+00:00,1271.97,1260.4186076208664,1285.6269797732837,87.35471498851166,0.017961019999999696,3,79,take_profit
2021-01-19 01:22:00+00:00,2021-01-19 01:30:00+00:00,1288.33,1288.33,1314.0965999999999,13.25485851255712,0.017961019999999946,1,9,take_profit
2021-01-19 01:31:00+00:00,2021-01-19 02:53:00+00:00,1313.86,1313.86,1340.1372,13.266762051499313,0.017961020000000126,1,83,take_profit
2021-01-19 02:54:00+00:00,2021-01-19 07:48:00+00:00,1341.4,1321.6157103233456,1348.0480245298127,162.78673514152615,0.017961020000000376,5,295,take_profit
2021-01-19 07:49:00+00:00,2021-01-19 08:21:00+00:00,1359.9,1359.9,1387.0980000000002,13.42486707070691,0.017961019999999998,1,33,take_profit
2021-01-19 08:22:00+00:00,2021-01-19 11:37:00+00:00,1387.12,1374.522873183374,1402.0133306470416,89.08182474795649,0.017961019999999977,3,196,take_profit
2021-01-19 11:38:00+00:00,2021-01-19 12:00:00+00:00,1407.35,1407.35,1435.4969999999998,13.516923307801335,0.017961019999999973,1,23,take_profit
2021-01-19 12:01:00+00:00,2021-01-24 23:19:00+00:00,1435.16,1356.7755549753413,1383.9110660748481,262.96488294688606,0.017961019999999973,12,7879,take_profit
2021-01-24 23:20:00+00:00,2021-01-25 00:09:00+00:00,1385.0,1378.5929392071826,1406.1647979913262,44.762449873342575,0.017961019999999873,2,50,take_profit
2021-01-25 00:10:00+00:00,2021-01-25 00:23:00+00:00,1406.82,1406.8199999999997,1434.9563999999998,13.805417033261392,0.01796102,1,14,take_profit
2021-01-25 00:24:00+00:00,2021-01-25 00:46:00+00:00,1433.01,1433.01,1461.6702,13.817815001833537,0.01796102000000001,1,23,take_profit
2021-01-25 00:47:00+00:00,2021-01-29 14:00:00+00:00,1455.95,1402.0352051060677,1430.0759092081892,247.4073423122918,0.01796102000000012,10,6554,take_profit
2021-01-29 14:01:00+00:00,2021-02-02 07:03:00+00:00,1432.29,1389.6228660629977,1417.4153233842576,235.56000348717134,0.017961020000000064,8,5343,take_profit
2021-02-02 07:04:00+00:00,2021-02-02 08:54:00+00:00,1417.35,1410.7932869207943,1439.0091526592103,46.384263318439025,0.017961019999999935,2,111,take_profit
2021-02-02 08:55:00+00:00,2021-02-02 16:28:00+00:00,1444.74,1425.196325568175,1453.7002520795386,159.26911182251388,0.01796101999999988,4,454,take_profit
2021-02-02 16:29:00+00:00,2021-02-02 16:37:00+00:00,1459.4,1459.4,1488.5880000000002,14.448640631475087,0.01796102000000011,1,9,take_profit
2021-02-02 16:38:00+00:00,2021-02-02 19:55:00+00:00,1489.37,1475.8442900636728,1505.3611758649463,95.87515956770494,0.01796101999999989,3,198,take_profit
2021-02-02 19:56:00+00:00,2021-02-02 20:08:00+00:00,1507.02,1507.0199999999998,1537.1603999999998,14.547717030567583,0.017961019999999887,1,13,take_profit
2021-02-02 20:09:00+00:00,2021-02-02 22:28:00+00:00,1535.87,1515.0935673895606,1545.395438737352,162.1100353959955,0.017961020000000143,4,140,take_profit
2021-02-02 22:29:00+00:00,2021-02-03 04:08:00+00:00,1540.61,1519.7694471902118,1550.164836134016,163.73086034662083,0.017961020000000234,4,340,take_profit
2021-02-03 04:09:00+00:00,2021-02-03 13:28:00+00:00,1554.53,1531.6022589600045,1562.2343041392046,182.0917227296868,0.017961019999999987,5,560,take_profit
2021-02-03 13:29:00+00:00,2021-02-03 15:21:00+00:00,1559.7,1545.5355883442735,1576.446300111159,99.55669082533313,0.017961019999999973,3,113,take_profit
2021-02-03 15:22:00+00:00,2021-02-03 16:04:00+00:00,1579.37,1579.37,1610.9574,15.106338004098802,0.017961020000000067,1,43,take_profit
2021-02-03 16:05:00+00:00,2021-02-03 17:17:00+00:00,1609.16,1594.546417477766,1626.4373458273215,100.2393653193667,0.017961020000000077,3,73,take_profit
2021-02-03 17:18:00+00:00,2021-02-03 21:36:00+00:00,1624.25,1609.4993776804424,1641.6893652340514,100.83616499141499,0.017961019999999894,3,259,take_profit
2021-02-03 21:37:00+00:00,2021-02-03 23:56:00+00:00,1644.0,1636.3947957087425,1669.1226916229175,49.754895351008145,0.017961020000000195,2,140,take_profit
2021-02-03 23:57:00+00:00,2021-02-04 06:32:00+00:00,1664.51,1649.3937565909644,1682.3816317227836,101.73274584205774,0.017961019999999907,3,396,take_profit
2021-02-04 06:33:00+00:00,2021-02-05 13:44:00+00:00,1682.79,1646.6061704127005,1679.5382938209546,224.0011145673925,0.01796102000000019,7,1872,take_profit
2021-02-05 13:45:00+00:00,2021-02-05 13:55:00+00:00,1685.92,1685.9200000000003,1719.6384000000003,15.637688399720332,0.01796102000000012,1,11,take_profit
2021-02-05 13:56:00+00:00,2021-02-05 16:03:00+00:00,1715.57,1715.57,1749.8814,15.651731841425317,0.017961020000000036,1,128,take_profit
2021-02-05 16:04:00+00:00,2021-02-08 15:23:00+00:00,1756.5,1691.4556391145354,1725.2847518968263,280.24353900799906,0.017961019999999873,10,4280,take_profit
2021-02-08 15:24:00+00:00,2021-02-08 16:03:00+00:00,1726.0,1725.9999999999998,1760.5199999999998,15.917460885306923,0.017961020000000046,1,40,take_profit
2021-02-08 16:04:00+00:00,2021-02-09 08:04:00+00:00,1763.41,1737.401490786708,1772.1495206024424,195.31152207325613,0.017961020000000185,5,961,take_profit
2021-02-09 08:05:00+00:00,2021-02-09 09:08:00+00:00,1778.63,1778.63,1814.2026,16.107155284681653,0.01796101999999983,1,64,take_profit
2021-02-09 09:09:00+00:00,2021-02-10 02:18:00+00:00,1814.05,1778.517387544589,1814.0877352954808,224.86674877324913,0.017961020000000123,6,1030,take_profit
2021-02-10 02:19:00+00:00,2021-02-10 06:10:00+00:00,1812.94,1788.4155117706773,1824.1838220060908,181.7356584941699,0.017961019999999963,4,232,take_profit
2021-02-10 06:11:00+00:00,2021-02-11 13:21:00+00:00,1820.74,1781.5899302451405,1817.2217288500433,239.24135176926575,0.017961020000000005,7,1792,take_profit
2021-02-11 13:22:00+00:00,2021-02-12 16:58:00+00:00,1811.0,1784.289586548068,1819.9753782790294,204.74950146274568,0.017961020000000057,5,1657,take_profit
2021-02-12 16:59:00+00:00,2021-02-12 20:03:00+00:00,1819.66,1819.6600000000003,1856.0532000000003,16.885496459777187,0.017961020000000046,1,185,take_profit
2021-02-12 20:04:00+00:00,2021-02-17 12:30:00+00:00,1856.62,1801.3123079752581,1837.3385541347634,283.3051459567723,0.017961020000000067,8,6747,take_profit
2021-02-17 12:31:00+00:00,2021-02-17 21:59:00+00:00,1833.64,1816.9878029182496,1853.3275589766147,113.73184633273286,0.017961019999999904,3,569,take_profit
2021-02-17 22:00:00+00:00,2021-02-18 01:06:00+00:00,1852.99,1844.4180003043446,1881.3063603104315,56.11792270009255,0.017961020000000022,2,187,take_profit
2021-02-18 01:07:00+00:00,2021-02-18 10:08:00+00:00,1884.78,1884.78,1922.4756,17.307616721319732,0.017961020000000067,1,542,take_profit
2021-02-18 10:09:00+00:00,2021-02-18 18:37:00+00:00,1924.71,1898.6735466480634,1936.6470175810248,192.86451292790844,0.01796102000000026,4,509,take_profit
2021-02-18 18:38:00+00:00,2021-02-19 16:20:00+00:00,1938.33,1912.1093025309476,1950.3514885815666,194.79283040609334,0.017961020000000077,4,1303,take_profit
2021-02-19 16:21:00+00:00,2021-02-20 02:46:00+00:00,1950.28,1932.5685370494773,1971.2199077904668,117.15414695001982,0.017961019999999907,3,626,take_profit
2021-02-20 02:47:00+00:00,2021-02-20 03:57:00+00:00,1970.0,1970.0000000000002,2009.4000000000003,17.776506307484965,0.017961020000000046,1,71,take_profit
2021-02-20 03:58:00+00:00,2021-02-20 13:26:00+00:00,2012.54,1994.2631230149286,2034.1483854752273,117.95748972216279,0.017961019999999953,3,569,take_profit
2021-02-20 13:27:00+00:00,2021-04-01 08:26:00+00:00,2036.61,1925.376029863102,1963.8835504603642,347.8919095431047,0.017961019999999994,12,57210,take_profit
2021-04-01 08:27:00+00:00,2021-04-01 18:49:00+00:00,1964.09,1935.1216642977333,1973.824097583688,223.25124995507758,0.017961020000000126,5,623,take_profit
2021-04-01 18:50:00+00:00,2021-04-02 02:10:00+00:00,1969.77,1960.6577717416114,1999.8709271764437,59.87087867603759,0.017961020000000157,2,441,take_profit
2021-04-02 02:11:00+00:00,2021-04-02 14:19:00+00:00,2000.0,1990.747926652971,2030.5628851860306,60.045721327759566,0.017961020000000022,2,729,take_profit
2021-04-02 14:20:00+00:00,2021-04-02 14:56:00+00:00,2030.22,2030.2200000000003,2070.8244000000004,18.51900926643384,0.017961019999999994,1,37,take_profit
2021-04-02 14:57:00+00:00,2021-04-02 20:35:00+00:00,2070.76,2051.954398230293,2092.993486194899,122.88443001256383,0.017961020000000136,3,339,take_profit
2021-04-02 20:36:00+00:00,2021-04-02 23:22:00+00:00,2091.62,2091.62,2133.4524,18.645996766481858,0.01796102000000007,1,167,take_profit
2021-04-02 23:23:00+00:00,2021-04-06 00:28:00+00:00,2135.24,2089.3274617225047,2131.1140109569546,270.81712022462307,0.01796101999999988,7,4386,take_profit
2021-04-06 00:29:00+00:00,2021-04-10 02:56:00+00:00,2131.83,2068.3239529418483,2109.690432000685,316.9197297086175,0.017961020000000036,8,5908,take_profit
2021-04-10 02:57:00+00:00,2021-04-10 03:40:00+00:00,2110.46,2110.46,2152.6692000000003,19.190559488343297,0.01796101999999998,1,44,take_profit
2021-04-10 03:41:00+00:00,2021-04-10 04:20:00+00:00,2141.11,2141.11,2183.9322,19.207793589482435,0.01796102000000005,1,40,take_profit
2021-04-10 04:21:00+00:00,2021-04-12 07:32:00+00:00,2188.11,2155.83759647802,2198.9543484075803,235.6847884635681,0.01796101999999988,5,3072,take_profit
2021-04-12 07:33:00+00:00,2021-04-13 08:33:00+00:00,2201.71,2169.237010269877,2212.6217504752744,238.2795460098023,0.01796102000000009,5,1501,take_profit
2021-04-13 08:34:00+00:00,2021-04-13 14:54:00+00:00,2209.29,2209.29,2253.4758,19.650687312261425,0.017961020000000064,1,381,take_profit
2021-04-13 14:55:00+00:00,2021-04-13 17:53:00+00:00,2254.97,2254.97,2300.0694,19.668334631652897,0.017961020000000074,1,179,take_profit
2021-04-13 17:54:00+00:00,2021-04-14 03:12:00+00:00,2301.87,2270.7315267353406,2316.1461572700473,219.1707754981744,0.01796102000000011,4,559,take_profit
2021-04-14 03:13:00+00:00,2021-04-14 04:38:00+00:00,2315.75,2315.75,2362.065,19.882824333343933,0.01796101999999992,1,86,take_profit
2021-04-14 04:39:00+00:00,2021-04-14 11:14:00+00:00,2365.27,2333.2738852503826,2379.93936295539,221.5609053762946,0.017961019999999887,4,396,take_profit
2021-04-14 11:15:00+00:00,2021-04-14 21:25:00+00:00,2380.22,2345.114168798146,2392.016452174109,246.40685857332937,0.017961019999999963,5,611,take_profit
2021-04-14 21:26:00+00:00,2021-04-14 23:06:00+00:00,2394.04,2394.04,2441.9208,20.32093904200201,0.01796101999999989,1,101,take_profit
2021-04-14 23:07:00+00:00,2021-04-15 03:34:00+00:00,2443.68,2421.4877261814026,2469.917480705031,134.84128527450866,0.017961020000000053,3,268,take_profit
2021-04-15 03:35:00+00:00,2021-04-15 19:51:00+00:00,2470.46,2437.0409308686367,2485.7817494860096,227.79114664419467,0.017961020000000265,4,977,take_profit
2021-04-15 19:52:00+00:00,2021-04-15 22:32:00+00:00,2485.48,2485.48,2535.1896,20.66485069974692,0.017961020000000136,1,161,take_profit
2021-04-15 22:33:00+00:00,2021-04-21 16:08:00+00:00,2539.99,2416.780319946749,2465.115926345684,393.2911878730265,0.017961020000000084,11,8106,take_profit
2021-04-21 16:09:00+00:00,2021-04-22 05:52:00+00:00,2463.79,2415.5306382175145,2463.841250981865,293.4216737866027,0.017961019999999973,6,824,take_profit
2021-04-22 05:53:00+00:00,2021-04-22 09:39:00+00:00,2469.19,2435.7881107532726,2484.503872968338,237.14124650702433,0.017961019999999963,4,227,take_profit
2021-04-22 09:40:00+00:00,2021-04-22 11:03:00+00:00,2482.45,2482.45,2532.0989999999997,21.513076895275617,0.017961019999999932,1,84,take_profit
2021-04-22 11:04:00+00:00,2021-04-22 12:10:00+00:00,2535.8,2535.8,2586.516,21.532396735494558,0.017961019999999984,1,67,take_profit
2021-04-22 12:11:00+00:00,2021-04-22 16:00:00+00:00,2584.4,2560.9297778527543,2612.1483734098097,142.88001380514288,0.017961020000000105,3,230,take_profit
2021-04-22 16:01:00+00:00,2021-04-27 06:57:00+00:00,2612.63,2515.882576954061,2566.2002284931423,387.8319602106749,0.01796102,10,6373,take_profit
2021-04-27 06:58:00+00:00,2021-04-27 14:28:00+00:00,2562.83,2550.974254432017,2601.9937395206575,71.63289934376053,0.017961020000000022,2,451,take_profit
2021-04-27 14:29:00+00:00,2021-04-27 16:01:00+00:00,2619.97,2619.97,2672.3694,22.09267034178083,0.017961020000000088,1,93,take_profit
2021-04-27 16:02:00+00:00,2021-04-28 00:12:00+00:00,2676.09,2636.6203863420315,2689.3527940688723,271.0830013786235,0.017961019999999998,5,491,take_profit
2021-04-28 00:13:00+00:00,2021-04-28 11:39:00+00:00,2689.04,2649.379386974719,2702.3669747142135,274.0674734273616,0.017961020000000005,5,687,take_profit
2021-04-28 11:40:00+00:00,2021-04-28 18:10:00+00:00,2704.46,2679.8994532625215,2733.497442327772,149.843443228845,0.01796102000000023,3,391,take_profit
2021-04-28 18:11:00+00:00,2021-04-28 21:46:00+00:00,2730.46,2693.523789132217,2747.3942649148617,253.13471078775729,0.01796102000000009,4,216,take_profit
2021-04-28 21:47:00+00:00,2021-04-29 09:16:00+00:00,2746.02,2705.5189897585456,2759.6293695537165,281.521366665047,0.017961020000000192,5,690,take_profit
2021-04-29 09:17:00+00:00,2021-04-30 06:24:00+00:00,2763.69,2722.928375177819,2777.3869426813753,284.62075927048863,0.017961020000000074,5,1268,take_profit
2021-04-30 06:25:00+00:00,2021-05-01 01:59:00+00:00,2778.98,2741.387436374329,2796.2151851018157,261.3260873128802,0.017961019999999994,4,1175,take_profit
2021-05-01 02:00:00+00:00,2021-05-01 05:15:00+00:00,2797.0,2797.0,2852.94,23.70708720609241,0.017961019999999904,1,196,take_profit
2021-05-01 05:16:00+00:00,2021-05-01 16:04:00+00:00,2854.69,2828.765139892617,2885.3404426904694,157.31035373793384,0.01796101999999987,3,649,take_profit
2021-05-01 16:05:00+00:00,2021-05-01 17:58:00+00:00,2877.65,2877.65,2935.203,23.869650099949695,0.017961019999999946,1,114,take_profit
2021-05-01 17:59:00+00:00,2021-05-02 18:48:00+00:00,2936.07,2892.7659449896114,2950.6212638894035,292.887020484568,0.017961019999999987,5,1490,take_profit
2021-05-02 18:49:00+00:00,2021-05-03 01:07:00+00:00,2950.54,2936.8906937533284,2995.628507628395,78.5455995106231,0.017961019999999845,2,379,take_profit
2021-05-03 01:08:00+00:00,2021-05-03 03:36:00+00:00,2995.0,2995.0,3054.9,24.224651698910975,0.01796102,1,149,take_profit
2021-05-03 03:37:00+00:00,2021-05-03 07:21:00+00:00,3056.0,3056.0,3117.12,24.24640667159383,0.01796102,1,225,take_profit
2021-05-03 07:22:00+00:00,2021-05-03 08:26:00+00:00,3118.2,3118.2,3180.564,24.268181181351792,0.017961020000000095,1,65,take_profit
2021-05-03 08:27:00+00:00,2021-05-03 15:29:00+00:00,3177.56,3130.6942123863496,3193.3080966340767,297.7771039383879,0.01796101999999983,5,423,take_profit
2021-05-03 15:30:00+00:00,2021-05-03 16:40:00+00:00,3187.34,3172.5952482690404,3236.0471532344213,79.85700803908003,0.017961020000000102,2,71,take_profit
2021-05-03 16:41:00+00:00,2021-05-03 17:12:00+00:00,3227.33,3227.33,3291.8766,24.629109937625344,0.017961020000000077,1,32,take_profit
2021-05-03 17:13:00+00:00,2021-05-03 22:00:00+00:00,3297.88,3267.9303110141777,3333.288917234461,163.42851244680423,0.017961020000000244,3,288,take_profit
2021-05-03 22:01:00+00:00,2021-05-03 23:13:00+00:00,3343.65,3343.65,3410.523,24.797995273465176,0.017961019999999987,1,73,take_profit
2021-05-03 23:14:00+00:00,2021-05-04 10:42:00+00:00,3414.71,3341.285933580514,3408.1116522521247,360.1696252235779,0.017961020000000234,7,689,take_profit
2021-05-04 10:43:00+00:00,2021-05-04 11:36:00+00:00,3410.0,3394.225214943316,3462.1097192421826,81.76363888428841,0.017961020000000123,2,54,take_profit
2021-05-04 11:37:00+00:00,2021-05-04 13:26:00+00:00,3465.44,3433.968615292543,3502.6479875983937,167.18032336427495,0.017961020000000053,3,110,take_profit
2021-05-04 13:27:00+00:00,2021-05-05 19:52:00+00:00,3511.67,3407.0592757524287,3475.2004612674773,425.2307785351404,0.017961020000000077,8,1826,take_profit
2021-05-05 19:53:00+00:00,2021-05-05 22:30:00+00:00,3476.11,3444.5417157141833,3513.432550028467,170.7073883073299,0.017961020000000123,3,158,take_profit
2021-05-05 22:31:00+00:00,2021-05-06 15:01:00+00:00,3511.65,3459.8567236894105,3529.0538581631986,317.5450102399518,0.017961020000000077,5,991,take_profit
2021-05-06 15:02:00+00:00,2021-05-06 16:24:00+00:00,3523.31,3523.31,3593.7762,26.187634684923296,0.01796101999999984,1,83,take_profit
2021-05-06 16:25:00+00:00,2021-05-08 13:35:00+00:00,3596.55,3519.2159581396368,3589.6002773024297,380.3529465163447,0.017961020000000234,7,2711,take_profit
2021-05-08 13:36:00+00:00,2021-05-08 14:30:00+00:00,3601.14,3601.14,3673.1628,26.552728860412117,0.017961020000000143,1,55,take_profit
2021-05-08 14:31:00+00:00,2021-05-08 16:08:00+00:00,3669.82,3636.49253883284,3709.222389609497,176.19284619096288,0.017961019999999717,3,98,take_profit
2021-05-08 16:09:00+00:00,2021-05-08 16:40:00+00:00,3704.78,3704.78,3778.8756000000003,26.734804726832635,0.01796102000000018,1,32,take_profit
2021-05-08 16:41:00+00:00,2021-05-08 20:21:00+00:00,3777.49,3777.49,3853.0398,26.75881394495218,0.01796102000000005,1,221,take_profit
2021-05-08 20:22:00+00:00,2021-05-08 22:01:00+00:00,3862.64,3844.7712857034153,3921.666711417484,87.09384321546622,0.017961019999999807,2,100,take_profit
2021-05-08 22:02:00+00:00,2021-05-09 03:19:00+00:00,3918.51,3865.5024805170137,3942.812530127354,299.0531284049175,0.017961019999999845,4,318,take_profit
2021-05-09 03:20:00+00:00,2021-05-09 06:31:00+00:00,3940.17,3882.0564882546123,3959.697618019705,332.58909910857983,0.01796102000000015,5,192,take_profit
2021-05-09 06:32:00+00:00,2021-05-09 16:07:00+00:00,3968.06,3890.3358258152643,3968.1425423315695,382.57408072426915,0.01796102000000003,6,576,take_profit
2021-05-09 16:08:00+00:00,2021-05-10 03:01:00+00:00,3968.18,3909.653369159753,3987.846436542948,340.46264525364677,0.01796102000000017,5,654,take_profit
2021-05-10 03:02:00+00:00,2021-05-10 03:44:00+00:00,3987.9,3987.9,4067.6580000000004,28.077630226429847,0.017961020000000164,1,43,take_profit
2021-05-10 03:45:00+00:00,2021-05-10 05:03:00+00:00,4062.44,4043.6470035760476,4124.519943647569,91.38628975982101,0.017961020000000084,2,79,take_profit
2021-05-10 05:04:00+00:00,2021-05-10 13:11:00+00:00,4128.51,4067.6186642515554,4148.971037536587,345.5261791951016,0.01796102000000047,5,488,take_profit
2021-05-10 13:12:00+00:00,2021-05-10 15:55:00+00:00,4145.64,4084.49601412321,4166.185934405674,349.3302289461644,0.017961019999999838,5,164,take_profit
2021-05-10 15:56:00+00:00,2021-05-11 20:43:00+00:00,4165.31,4041.2276984694895,4122.05225243888,482.9230502522587,0.01796102000000015,8,1728,take_profit
2021-05-11 20:44:00+00:00,2021-05-12 00:04:00+00:00,4120.84,4101.776843034315,4183.812379895001,95.09267105552772,0.017961020000000032,2,201,take_profit
2021-05-12 00:05:00+00:00,2021-05-12 02:34:00+00:00,4183.34,4163.98771574222,4247.267470057064,95.37037292218338,0.01796101999999982,2,150,take_profit
2021-05-12 02:35:00+00:00,2021-05-12 03:51:00+00:00,4245.72,4245.72,4330.6344,29.413666466733957,0.01796101999999988,1,77,take_profit
2021-05-12 03:52:00+00:00,2021-05-12 14:26:00+00:00,4331.78,4267.890637889116,4353.248450646898,360.9135909783108,0.017961020000000088,5,635,take_profit
2021-05-12 14:27:00+00:00,2021-10-20 19:05:00+00:00,4357.63,4053.941779067902,4135.02061464926,595.2840050121958,0.017961019999999925,13,231729,take_profit
2021-10-20 19:06:00+00:00,2021-10-21 00:21:00+00:00,4134.0,4096.457089321809,4178.386231108245,200.86979336075638,0.017961019999999647,3,316,take_profit
2021-10-21 00:22:00+00:00,2021-10-21 09:28:00+00:00,4184.18,4146.1813797771,4229.105007372642,202.06572099278492,0.017961019999999755,3,547,take_profit
2021-10-21 09:29:00+00:00,2021-10-21 10:50:00+00:00,4229.32,4229.32,4313.9064,30.660652288195934,0.017961020000000053,1,82,take_profit
2021-10-21 10:51:00+00:00,2021-10-21 11:34:00+00:00,4308.65,4250.364874066834,4335.372171548171,341.6618165764339,0.017961019999999925,4,44,take_profit
2021-10-21 11:35:00+00:00,2021-10-21 11:40:00+00:00,4218.51,4218.51,4302.8802000000005,30.9950168536825,0.01796102000000018,1,6,take_profit
2021-10-21 11:41:00+00:00,2021-10-26 20:18:00+00:00,4305.28,4177.028068899247,4260.568630277232,520.0349184036386,0.017961020000000244,8,7718,take_profit
2021-10-26 20:19:00+00:00,2021-10-27 04:33:00+00:00,4264.0,4201.110324152934,4285.132530635992,386.0424783852286,0.017961020000000032,5,495,take_profit
2021-10-27 04:34:00+00:00,2021-10-28 19:42:00+00:00,4287.99,4160.25312852109,4243.458191091511,533.67500359513,0.017961019999999918,8,2349,take_profit
2021-10-28 19:43:00+00:00,2021-10-29 00:46:00+00:00,4230.74,4230.74,4315.3548,32.315823042479906,0.017961020000000005,1,304,take_profit
2021-10-29 00:47:00+00:00,2021-10-29 15:15:00+00:00,4326.28,4306.266470060108,4392.39179946131,105.180641833771,0.017961019999999998,2,869,take_profit
2021-10-29 15:16:00+00:00,2021-11-01 14:00:00+00:00,4383.73,4297.863910752648,4383.8211889677,452.46818844834706,0.017961020000000046,6,4245,take_profit
2021-11-01 14:01:00+00:00,2021-11-02 09:39:00+00:00,4364.02,4304.98585815166,4391.085575314693,365.68147413490806,0.017961020000000164,4,1179,take_profit
2021-11-02 09:40:00+00:00,2021-11-02 13:57:00+00:00,4394.99,4394.99,4482.8898,33.174042002891156,0.017961020000000064,1,258,take_profit
2021-11-02 13:58:00+00:00,2021-11-02 22:27:00+00:00,4485.75,4464.998755991783,4554.2987311116185,107.97394903103122,0.017961019999999953,2,510,take_profit
2021-11-02 22:28:00+00:00,2021-11-03 18:13:00+00:00,4554.17,4492.563610070199,4582.414882271602,370.7489077509126,0.017961020000000178,4,1186,take_profit
2021-11-03 18:14:00+00:00,2021-11-07 09:50:00+00:00,4579.99,4490.279677947322,4580.085271506268,469.12854904510095,0.01796102000000003,6,5257,take_profit
2021-11-07 09:51:00+00:00,2021-11-08 00:33:00+00:00,4577.79,4577.79,4669.3458,34.055052887340025,0.017961019999999925,1,883,take_profit
2021-11-08 00:34:00+00:00,2021-11-08 15:47:00+00:00,4673.66,4673.66,4767.1332,34.0856360616408,0.017961020000000053,1,914,take_profit
2021-11-08 15:48:00+00:00,2021-11-10 14:07:00+00:00,4771.24,4727.909995852876,4822.468195769933,226.17807998197168,0.01796101999999988,3,2780,take_profit
2021-11-10 14:08:00+00:00,2021-11-12 02:11:00+00:00,4812.01,4708.540791238133,4802.711607062896,498.0121354959847,0.017961019999999776,7,2164,take_profit
2021-11-12 02:12:00+00:00,2021-11-30 15:10:00+00:00,4800.66,4622.8883737384485,4715.346141213217,621.9359597990042,0.017961019999999925,10,26699,take_profit
2021-11-30 15:11:00+00:00,2021-12-01 02:49:00+00:00,4717.62,4648.039889172223,4741.000686955668,433.0600086717568,0.01796102000000017,5,699,take_profit
2021-12-01 02:50:00+00:00,2025-08-12 17:20:00+00:00,4746.47,4415.683074536485,4503.996736027215,714.2809326574497,0.017961019999999835,13,1944791,take_profit
2025-08-12 17:21:00+00:00,2025-08-12 20:17:00+00:00,4504.0,4483.164330822491,4572.827617438941,118.22272386445184,0.017961019999999935,2,177,take_profit
2025-08-12 20:18:00+00:00,2025-08-13 04:33:00+00:00,4585.31,4585.31,4677.016200000001,36.46167737411611,0.01796102000000006,1,496,take_profit
2025-08-13 04:34:00+00:00,2025-08-13 13:31:00+00:00,4678.39,4635.903212896048,4728.6212771539695,241.94450021370176,0.017961020000000178,3,538,take_profit
2025-08-13 13:32:00+00:00,2025-08-13 21:08:00+00:00,4731.33,4667.327083800873,4760.67362547689,408.72359689939185,0.017961019999999887,4,457,take_profit
2025-08-13 21:09:00+00:00,2025-08-22 15:04:00+00:00,4743.37,4567.719860464967,4659.074257674266,663.2977275323501,0.017961020000000275,10,12596,take_profit
2025-08-22 15:05:00+00:00,2025-08-22 16:08:00+00:00,4647.79,4626.289153009206,4718.81493606939,122.51166542710598,0.017961019999999894,2,64,take_profit
2025-08-22 16:09:00+00:00,2025-08-22 17:15:00+00:00,4742.92,4720.9790781404545,4815.398659703264,122.86943977289684,0.017961019999999984,2,67,take_profit
2025-08-22 17:16:00+00:00,2025-08-22 21:04:00+00:00,4821.85,4778.060381264241,4873.621588889526,251.22845500908625,0.01796102000000029,3,229,take_profit
2025-08-22 21:05:00+00:00,2025-08-24 17:40:00+00:00,4863.13,4791.403764234958,4887.231839519657,467.32799973955116,0.01796102000000019,5,2676,take_profit
2025-08-24 17:41:00+00:00,2025-10-07 13:27:00+00:00,4895.14,4657.686847343544,4750.840584290415,732.8327737890577,0.01796101999999988,11,63107,take_profit
2025-10-07 13:28:00+00:00,2026-07-31 23:59:00+00:00,4752.56,4421.348655467984,1862.6,-25297.037795972283,-0.579567953705464,13,428312,eod_close
