datetime,equity
2021-01-01 00:00:00+00:00,9999.906968849298
2021-01-02 00:00:00+00:00,10043.073509523449
2021-01-03 00:00:00+00:00,10295.366588357958
2021-01-04 00:00:00+00:00,10355.883695750299
2021-01-05 00:00:00+00:00,10199.624524583649
2021-01-06 00:00:00+00:00,10575.479562263014
2021-01-07 00:00:00+00:00,10884.551364335848
2021-01-08 00:00:00+00:00,10529.341622413576
2021-01-09 00:00:00+00:00,10018.396223295245
2021-01-10 00:00:00+00:00,10166.405125217014
2021-01-11 00:00:00+00:00,9781.933191084265
2021-01-12 00:00:00+00:00,8321.504909892039
2021-01-13 00:00:00+00:00,8186.612769943013
2021-01-14 00:00:00+00:00,8390.258460853673
2021-01-15 00:00:00+00:00,8567.256776898417
2021-01-16 00:00:00+00:00,8151.983336688967
2021-01-17 00:00:00+00:00,8083.016109107559
2021-01-18 00:00:00+00:00,8196.189413180313
2021-01-19 00:00:00+00:00,8222.61352279662
2021-01-20 00:00:00+00:00,8257.077596757
2021-01-21 00:00:00+00:00,8003.237475811123
2021-01-22 00:00:00+00:00,7145.327166963527
2021-01-23 00:00:00+00:00,7407.8924092210655
2021-01-24 00:00:00+00:00,7386.1733860305285
2021-01-25 00:00:00+00:00,7698.4144413090935
2021-01-26 00:00:00+00:00,7279.05520532335
2021-01-27 00:00:00+00:00,7369.51907352854
2021-01-28 00:00:00+00:00,6772.96496215382
2021-01-29 00:00:00+00:00,6876.846570050743
2021-01-30 00:00:00+00:00,6862.833950427501
2021-01-31 00:00:00+00:00,6861.8651288539095
2021-02-01 00:00:00+00:00,6777.090463354418
2021-02-02 00:00:00+00:00,6959.621028666924
2021-02-03 00:00:00+00:00,7191.339014871556
2021-02-04 00:00:00+00:00,7425.745002746541
2021-02-05 00:00:00+00:00,7176.622250382259
2021-02-06 00:00:00+00:00,7373.234208440046
2021-02-07 00:00:00+00:00,7365.8192324345655
2021-02-08 00:00:00+00:00,7028.234000370176
2021-02-09 00:00:00+00:00,7274.184599518264
2021-02-10 00:00:00+00:00,7288.7874209836245
2021-02-11 00:00:00+00:00,7299.214272288296
2021-02-12 01:19:00+00:00,7398.354234117513
2021-02-13 01:19:00+00:00,7548.227033968205
2021-02-14 01:19:00+00:00,7420.122071532363
2021-02-15 01:19:00+00:00,7372.196796803913
2021-02-16 01:19:00+00:00,7258.84785650323
2021-02-17 01:19:00+00:00,7178.566924482706
2021-02-18 01:19:00+00:00,7302.73056164439
2021-02-19 01:19:00+00:00,7365.220309160273
2021-02-20 01:19:00+00:00,7419.1502812777435
2021-02-21 01:19:00+00:00,7297.988837384209
2021-02-22 01:19:00+00:00,7192.387496343551
2021-02-23 01:19:00+00:00,7043.739455401736
2021-02-24 01:19:00+00:00,6160.482159420187
2021-02-25 01:19:00+00:00,6115.9968568179565
2021-02-26 01:19:00+00:00,5858.413728245598
2021-02-27 01:19:00+00:00,5857.829414251784
2021-02-28 01:19:00+00:00,5819.906248525473
2021-03-01 01:19:00+00:00,5723.68357535959
2021-03-02 01:19:00+00:00,5797.183812011579
2021-03-03 01:19:00+00:00,5815.962976171711
2021-03-04 01:19:00+00:00,5751.353999881685
2021-03-05 01:19:00+00:00,5608.59274468552
2021-03-06 01:19:00+00:00,5663.705025217463
2021-03-07 02:49:00+00:00,5783.1432433263035
2021-03-08 02:49:00+00:00,5843.967873566673
2021-03-09 02:49:00+00:00,5972.956763750044
2021-03-10 02:49:00+00:00,5927.6394359012465
2021-03-11 02:49:00+00:00,5907.943145610147
2021-03-12 02:49:00+00:00,5933.396936718327
2021-03-13 02:49:00+00:00,5845.666244644831
2021-03-14 02:49:00+00:00,5987.126351695957
2021-03-15 02:49:00+00:00,5952.764137818567
2021-03-16 02:49:00+00:00,5653.975347974718
2021-03-17 02:49:00+00:00,5719.037071683117
2021-03-18 02:49:00+00:00,5798.455144641071
2021-03-19 02:49:00+00:00,5676.546973569832
2021-03-20 02:49:00+00:00,5729.760196875952
2021-03-21 02:49:00+00:00,5643.880887352199
2021-03-22 02:49:00+00:00,5605.916712305342
2021-03-23 02:49:00+00:00,5571.5865141311715
2021-03-24 02:49:00+00:00,5581.52053760413
2021-03-25 02:49:00+00:00,5437.195681129424
2021-03-26 02:49:00+00:00,5575.468044553466
2021-03-27 02:49:00+00:00,5600.44463374478
2021-03-28 02:49:00+00:00,5638.144973465204
2021-03-29 02:49:00+00:00,5625.687779884368
2021-03-30 02:49:00+00:00,5675.162535575286
2021-03-31 02:49:00+00:00,5749.562098315154
2021-04-01 02:49:00+00:00,5877.811588020953
2021-04-02 02:49:00+00:00,6004.475565426338
2021-04-03 02:49:00+00:00,6059.727503520787
2021-04-04 02:49:00+00:00,5852.625291993585
2021-04-05 02:49:00+00:00,5858.53549572963
2021-04-06 02:49:00+00:00,5938.271273306273
2021-04-07 02:49:00+00:00,6032.213325108586
2021-04-08 02:49:00+00:00,6003.965135509606
2021-04-09 02:49:00+00:00,6067.788864295891
2021-04-10 02:49:00+00:00,6111.45843654275
2021-04-11 02:49:00+00:00,6106.767302594526
2021-04-12 02:49:00+00:00,6079.789408065606
2021-04-13 02:49:00+00:00,6188.1953958190325
2021-04-14 02:49:00+00:00,6300.913590293401
2021-04-15 02:49:00+00:00,6460.16390647723
2021-04-16 02:49:00+00:00,6523.595861415761
2021-04-17 02:49:00+00:00,6385.220936666307
2021-04-18 02:49:00+00:00,6156.250114077341
2021-04-19 02:49:00+00:00,6043.40900607602
2021-04-20 05:19:00+00:00,5919.166018160431
2021-04-21 05:19:00+00:00,6115.294871502143
2021-04-22 05:19:00+00:00,6160.536720564089
2021-04-23 05:19:00+00:00,5745.571923751521
2021-04-24 05:19:00+00:00,5836.774662144719
2021-04-25 10:03:00+00:00,5811.203113024387
2021-04-26 10:03:00+00:00,5924.816127076353
2021-04-27 10:03:00+00:00,6076.416979394561
2021-04-28 10:03:00+00:00,6007.329014962411
2021-04-29 10:03:00+00:00,6205.539871620889
2021-04-30 10:03:00+00:00,6267.194723367746
2021-05-01 10:03:00+00:00,6337.476383005394
2021-05-02 10:03:00+00:00,6363.011286824551
2021-05-03 10:03:00+00:00,6463.086105355859
2021-05-04 10:03:00+00:00,6500.597276327588
2021-05-05 10:03:00+00:00,6544.240825313051
2021-05-06 10:03:00+00:00,6618.495120974507
2021-05-07 10:03:00+00:00,6535.111915905466
2021-05-08 10:03:00+00:00,6605.8780619655845
2021-05-09 10:03:00+00:00,6804.637652237538
2021-05-10 10:03:00+00:00,6782.051756554189
2021-05-11 10:03:00+00:00,6687.338088754863
2021-05-12 10:03:00+00:00,6774.81089942193
2021-05-13 10:03:00+00:00,6873.864265612988
2021-05-14 10:03:00+00:00,7018.76452987358
2021-05-15 10:03:00+00:00,6937.3624607061265
2021-05-16 10:03:00+00:00,6995.6581893676375
2021-05-17 10:03:00+00:00,6333.107613034979
2021-05-18 10:03:00+00:00,6106.7160480898365
2021-05-19 10:03:00+00:00,5676.773147454046
2021-05-20 10:03:00+00:00,5794.838294758349
2021-05-21 10:03:00+00:00,5757.345398398318
2021-05-22 10:03:00+00:00,5439.474807410899
2021-05-23 10:03:00+00:00,5261.303997409243
2021-05-24 10:03:00+00:00,5342.467145932457
2021-05-25 10:03:00+00:00,5482.324769932562
2021-05-26 10:03:00+00:00,5638.059139928193
2021-05-27 10:03:00+00:00,5627.874005104463
2021-05-28 10:03:00+00:00,5314.787862572293
2021-05-29 10:03:00+00:00,5153.172347870231
2021-05-30 10:03:00+00:00,5080.002780032989
2021-05-31 10:03:00+00:00,5093.47170452198
2021-06-01 10:03:00+00:00,5120.174965684362
2021-06-02 10:03:00+00:00,5239.549288671615
2021-06-03 10:03:00+00:00,5343.580565602753
2021-06-04 10:03:00+00:00,5174.902830701724
2021-06-05 10:03:00+00:00,5173.622246201538
2021-06-06 10:03:00+00:00,5129.233272641724
2021-06-07 10:03:00+00:00,5222.465280142872
2021-06-08 10:03:00+00:00,4965.10969671113
2021-06-09 10:03:00+00:00,4904.379349284587
2021-06-10 10:03:00+00:00,5059.852841729281
2021-06-11 10:03:00+00:00,5020.656940803195
2021-06-12 10:03:00+00:00,4900.524175159499
2021-06-13 10:03:00+00:00,4849.96662017781
2021-06-14 10:03:00+00:00,4902.203712466848
2021-06-15 10:03:00+00:00,5005.474203773394
2021-06-16 10:03:00+00:00,4917.42580852255
2021-06-17 10:03:00+00:00,4784.736064860508
2021-06-18 10:03:00+00:00,4657.464272085348
2021-06-19 10:03:00+00:00,4646.000413384669
2021-06-20 10:03:00+00:00,4538.638261481286
2021-06-21 10:03:00+00:00,4382.3029896460885
2021-06-22 10:03:00+00:00,4270.287039511396
2021-06-23 10:03:00+00:00,4185.850130927382
2021-06-24 10:03:00+00:00,4159.501617805834
2021-06-25 10:03:00+00:00,4104.908348018384
2021-06-26 10:03:00+00:00,3980.376813620618
2021-06-27 10:03:00+00:00,4017.0363687703934
2021-06-28 10:03:00+00:00,4111.898009472278
2021-06-29 10:03:00+00:00,4253.49969182008
2021-06-30 10:03:00+00:00,4180.372066263166
2021-07-01 10:03:00+00:00,4153.596117435187
2021-07-02 10:03:00+00:00,4081.3341949740943
2021-07-03 10:03:00+00:00,4161.434182781601
2021-07-04 10:03:00+00:00,4196.150821305045
2021-07-05 10:03:00+00:00,4113.2145426147545
2021-07-06 10:03:00+00:00,4095.5384568130785
2021-07-07 10:03:00+00:00,4201.834117149755
2021-07-08 10:03:00+00:00,4010.4043549210123
2021-07-09 10:03:00+00:00,3925.873832097962
2021-07-10 10:03:00+00:00,3956.7215401140284
2021-07-11 10:03:00+00:00,3965.254361813722
2021-07-12 10:03:00+00:00,4023.2369064488803
2021-07-13 10:03:00+00:00,3944.0241976940156
2021-07-14 10:03:00+00:00,3793.821452600136
2021-07-15 10:03:00+00:00,3793.8929791235573
2021-07-16 10:03:00+00:00,3739.9758896052535
2021-07-17 10:03:00+00:00,3713.0938447976896
2021-07-18 10:03:00+00:00,3769.776569792215
2021-07-19 10:03:00+00:00,3673.4911961895396
2021-07-20 10:03:00+00:00,3551.6932928783835
2021-07-21 10:03:00+00:00,3635.40704839602
2021-07-22 10:03:00+00:00,3700.6319525089275
2021-07-23 10:03:00+00:00,3755.138868595302
2021-07-24 10:03:00+00:00,3800.454175876934
2021-07-25 10:03:00+00:00,3845.022313540071
2021-07-26 10:03:00+00:00,3911.4735221016144
2021-07-27 10:03:00+00:00,3807.5852621162344
2021-07-28 10:03:00+00:00,3900.9572194089114
2021-07-29 10:03:00+00:00,3974.228916336998
2021-07-30 10:03:00+00:00,3920.969020339109
2021-07-31 10:03:00+00:00,3954.192696246366
2021-08-01 10:03:00+00:00,3999.8259271613338
2021-08-02 10:03:00+00:00,3973.0247360157173
2021-08-03 10:03:00+00:00,3907.6918359235506
2021-08-04 10:03:00+00:00,3987.521944437423
2021-08-05 10:03:00+00:00,3978.2686884857662
2021-08-06 10:03:00+00:00,4031.715353994431
2021-08-07 10:03:00+00:00,4134.32887416271
2021-08-08 10:03:00+00:00,4118.7973304027155
2021-08-09 10:03:00+00:00,3978.0776363030386
2021-08-10 10:03:00+00:00,4047.2571052561966
2021-08-11 10:03:00+00:00,4105.202277244739
2021-08-12 10:03:00+00:00,4026.002347409799
2021-08-13 14:33:00+00:00,3970.1327520043797
2021-08-14 14:33:00+00:00,3994.8089850361366
2021-08-15 14:33:00+00:00,3913.8198926527202
2021-08-16 14:33:00+00:00,3914.350207215618
2021-08-17 14:33:00+00:00,3867.027515276832
2021-08-18 14:33:00+00:00,3759.3388493895804
2021-08-19 14:33:00+00:00,3744.6598686397538
2021-08-20 14:33:00+00:00,3799.1775767232107
2021-08-21 14:33:00+00:00,3822.0797818957208
2021-08-22 14:33:00+00:00,3805.5680795001094
2021-08-23 14:33:00+00:00,3739.375132844362
2021-08-24 14:33:00+00:00,3697.253299238336
2021-08-25 14:33:00+00:00,3690.368688845335
2021-08-26 14:33:00+00:00,3676.404558885522
2021-08-27 14:33:00+00:00,3740.4240305312583
2021-08-28 14:33:00+00:00,3737.655479942956
2021-08-29 14:33:00+00:00,3729.239228090335
2021-08-30 14:33:00+00:00,3721.97837861699
2021-08-31 14:33:00+00:00,3816.743286203079
2021-09-01 14:33:00+00:00,3858.5782545409006
2021-09-02 14:33:00+00:00,3922.2885569538844
2021-09-03 14:33:00+00:00,3983.083568630034
2021-09-04 14:33:00+00:00,3949.32518478826
2021-09-05 14:33:00+00:00,3970.123186967001
2021-09-06 14:33:00+00:00,3971.7152215681253
2021-09-07 14:33:00+00:00,3881.7402183949634
2021-09-08 14:33:00+00:00,3792.307184580944
2021-09-09 14:33:00+00:00,3869.0034901910713
2021-09-10 14:33:00+00:00,3717.8560324064415
2021-09-11 14:33:00+00:00,3702.4891794041487
2021-09-12 14:33:00+00:00,3735.352256096196
2021-09-13 14:33:00+00:00,3573.227578750809
2021-09-14 14:33:00+00:00,3651.357440717766
2021-09-15 14:33:00+00:00,3689.3895168870963
2021-09-16 14:33:00+00:00,3732.689797045773
2021-09-17 14:33:00+00:00,3696.6877789674554
2021-09-18 14:33:00+00:00,3717.597623346873
2021-09-19 14:33:00+00:00,3659.8028429972564
2021-09-20 14:33:00+00:00,3544.3482186985348
2021-09-21 14:33:00+00:00,3419.57590706398
2021-09-22 14:33:00+00:00,3326.444199197813
2021-09-23 14:33:00+00:00,3389.995934478209
2021-09-24 14:33:00+00:00,3209.042387316382
2021-09-25 14:33:00+00:00,3202.5291270142434
2021-09-26 14:33:00+00:00,3218.9917931714417
2021-09-27 14:33:00+00:00,3237.7982040116763
2021-09-28 14:33:00+00:00,3119.403192444865
2021-09-29 16:33:00+00:00,3131.035898789316
2021-09-30 16:33:00+00:00,3115.959448609221
2021-10-01 16:33:00+00:00,3207.2420976905514
2021-10-02 16:33:00+00:00,3251.5482246099227
2021-10-03 16:33:00+00:00,3259.206561967952
2021-10-04 16:33:00+00:00,3205.619215362358
2021-10-05 16:33:00+00:00,3232.367596400595
2021-10-06 16:33:00+00:00,3283.4173376442113
2021-10-07 16:33:00+00:00,3334.4941549032064
2021-10-08 16:33:00+00:00,3381.692676091071
2021-10-09 16:33:00+00:00,3369.9335347198394
2021-10-10 16:33:00+00:00,3340.2176934129166
2021-10-11 16:33:00+00:00,3330.2441369331227
2021-10-12 16:33:00+00:00,3267.965593234333
2021-10-13 16:33:00+00:00,3290.3839264887324
2021-10-14 16:33:00+00:00,3322.7481199513322
2021-10-15 16:33:00+00:00,3354.8731399760845
2021-10-16 16:33:00+00:00,3383.1845014727437
2021-10-17 16:33:00+00:00,3342.1962428057273
2021-10-18 16:33:00+00:00,3252.1487579680143
2021-10-19 16:33:00+00:00,3299.9836817242813
2021-10-20 16:33:00+00:00,3345.451613544928
2021-10-21 16:33:00+00:00,3230.6792520942054
2021-10-22 16:33:00+00:00,3175.6281987195
2021-10-23 16:33:00+00:00,3223.6618831849664
2021-10-24 16:33:00+00:00,3157.1927941784065
2021-10-25 16:33:00+00:00,3173.6677856564215
2021-10-26 16:33:00+00:00,3170.8693292966323
2021-10-27 16:33:00+00:00,3142.4793401460165
2021-10-28 16:33:00+00:00,3183.3419885755625
2021-10-29 16:33:00+00:00,3245.209313866524
2021-10-30 16:33:00+00:00,3224.2176258742657
2021-10-31 16:33:00+00:00,3191.0361128739432
2021-11-01 16:33:00+00:00,3219.7911566805537
2021-11-02 16:33:00+00:00,3267.1384381094886
2021-11-03 16:33:00+00:00,3291.1513562277555
2021-11-04 16:33:00+00:00,3264.0271272666623
2021-11-05 16:33:00+00:00,3273.662198222643
2021-11-06 16:33:00+00:00,3252.073054777538
2021-11-07 16:33:00+00:00,3264.56284076464
2021-11-08 16:33:00+00:00,3277.2899875671083
2021-11-09 16:33:00+00:00,3282.8832916393435
2021-11-10 16:33:00+00:00,3302.159808790605
2021-11-11 16:33:00+00:00,3283.2136987175227
2021-11-12 16:33:00+00:00,3199.326245293409
2021-11-13 16:33:00+00:00,3248.74695035553
2021-11-14 16:33:00+00:00,3220.736253041937
2021-11-15 16:33:00+00:00,3240.9109362460113
2021-11-16 16:33:00+00:00,3089.6599965677983
2021-11-17 16:33:00+00:00,3098.798452508584
2021-11-18 16:33:00+00:00,3016.436608104472
2021-11-19 16:33:00+00:00,3073.082213281517
2021-11-20 16:33:00+00:00,3075.3143131163215
2021-11-21 16:33:00+00:00,3106.544538636879
2021-11-22 16:33:00+00:00,3086.8231591340354
2021-11-23 16:33:00+00:00,3090.041173263097
2021-11-24 16:33:00+00:00,3060.8413622504177
2021-11-25 16:33:00+00:00,3118.33908354225
2021-11-26 16:33:00+00:00,2944.6841867731987
2021-11-27 16:33:00+00:00,2970.3103595352422
2021-11-28 16:33:00+00:00,2946.576808553381
2021-11-29 16:33:00+00:00,3008.107229600104
2021-11-30 16:33:00+00:00,3041.2204177560225
2021-12-01 16:33:00+00:00,3087.264620558621
2021-12-02 16:33:00+00:00,3025.6929709615038
2021-12-03 16:33:00+00:00,2995.312407696044
2021-12-04 16:33:00+00:00,2943.362815974357
2021-12-05 16:33:00+00:00,2937.0076685120584
2021-12-06 16:33:00+00:00,2882.0552344205144
2021-12-07 16:33:00+00:00,2917.160633974417
2021-12-08 16:33:00+00:00,2936.879780775854
2021-12-09 16:33:00+00:00,2896.907472658752
2021-12-10 16:33:00+00:00,2839.519040642327
2021-12-11 16:33:00+00:00,2849.4566519534774
2021-12-12 16:33:00+00:00,2864.4461454608995
2021-12-13 16:33:00+00:00,2756.1056723293987
2021-12-14 16:33:00+00:00,2775.6302462474787
2021-12-15 16:33:00+00:00,2754.6256175726467
2021-12-16 16:33:00+00:00,2827.5357830165353
2021-12-17 16:33:00+00:00,2778.9572733393675
2021-12-18 16:33:00+00:00,2815.3253382090597
2021-12-19 16:33:00+00:00,2839.8434951352856
2021-12-20 16:33:00+00:00,2792.9622243410076
2021-12-21 16:33:00+00:00,2813.0585359869383
2021-12-22 16:33:00+00:00,2840.6306234166614
2021-12-23 16:33:00+00:00,2810.7886713775215
2021-12-24 16:33:00+00:00,2860.777373513489
2021-12-25 16:33:00+00:00,2872.98364826327
2021-12-26 16:33:00+00:00,2887.4498216027823
2021-12-27 16:33:00+00:00,2899.9466174475365
2021-12-28 16:33:00+00:00,2832.4444874006217
2021-12-29 16:33:00+00:00,2769.99806952015
2021-12-30 16:33:00+00:00,2716.318362027901
2021-12-31 16:33:00+00:00,2742.697174791125
2022-01-01 16:33:00+00:00,2748.9019547743237
2022-01-02 16:33:00+00:00,2769.0021514774585
2022-01-03 16:33:00+00:00,2753.5614488636847
2022-01-04 16:33:00+00:00,2786.3216959976808
2022-01-05 16:33:00+00:00,2782.0178602973983
2022-01-06 16:33:00+00:00,2620.3004730696257
2022-01-07 16:33:00+00:00,2473.431114164709
2022-01-08 16:33:00+00:00,2468.3570824267895
2022-01-09 16:33:00+00:00,2487.3243413879154
2022-01-10 16:33:00+00:00,2460.0562600212943
2022-01-11 16:33:00+00:00,2495.259934848563
2022-01-12 16:33:00+00:00,2523.5545062071833
2022-01-13 16:33:00+00:00,2523.8698615911194
2022-01-14 16:33:00+00:00,2502.32930443852
2022-01-15 16:33:00+00:00,2515.3610049487793
2022-01-16 16:33:00+00:00,2529.4009553513015
2022-01-17 16:33:00+00:00,2471.623314281437
2022-01-18 16:33:00+00:00,2456.8907573083125
2022-01-19 16:33:00+00:00,2438.8077462084993
2022-01-20 16:33:00+00:00,2480.0205513779542
2022-01-21 16:33:00+00:00,2363.1696168479625
2022-01-22 16:33:00+00:00,2156.794417154132
2022-01-23 16:33:00+00:00,2129.46144634503
2022-01-24 16:33:00+00:00,2067.969213594318
2022-01-25 16:33:00+00:00,2127.567085474952
2022-01-26 16:33:00+00:00,2169.09901449938
2022-01-27 16:33:00+00:00,2092.1472682364847
2022-01-28 16:33:00+00:00,2090.353070888291
2022-01-29 16:33:00+00:00,2123.6134428114433
2022-01-30 16:33:00+00:00,2157.4151760028253
2022-01-31 16:33:00+00:00,2143.5727467790844
2022-02-01 16:33:00+00:00,2181.826407555362
2022-02-02 16:33:00+00:00,2146.394447369975
2022-02-03 16:33:00+00:00,2128.315106327927
2022-02-04 16:33:00+00:00,2174.0142997094863
2022-02-05 16:33:00+00:00,2190.031191145146
2022-02-06 16:33:00+00:00,2199.9724546443827
2022-02-07 16:33:00+00:00,2237.445171092587
2022-02-08 16:33:00+00:00,2202.092408629596
2022-02-09 16:33:00+00:00,2225.382167202644
2022-02-10 16:33:00+00:00,2192.9095710193105
2022-02-11 16:33:00+00:00,2160.3794852664178
2022-02-12 16:33:00+00:00,2123.5658130471315
2022-02-13 16:33:00+00:00,2128.0501669734313
2022-02-14 16:33:00+00:00,2156.5168721987684
2022-02-15 16:33:00+00:00,2176.714470771992
2022-02-16 16:33:00+00:00,2164.442719048053
2022-02-17 16:33:00+00:00,2150.990663725109
2022-02-18 16:33:00+00:00,2063.0323951988207
2022-02-19 16:33:00+00:00,2078.0199228333972
2022-02-20 16:33:00+00:00,2038.1954693541109
2022-02-21 16:33:00+00:00,2029.2791856297263
2022-02-22 16:33:00+00:00,2006.864216251681
2022-02-23 16:33:00+00:00,2043.2633723866063
2022-02-24 16:33:00+00:00,1951.9289302556979
2022-02-25 16:33:00+00:00,1987.1260599740785
2022-02-26 16:33:00+00:00,2011.1769357134779
2022-02-27 16:33:00+00:00,2002.682906247113
2022-02-28 16:33:00+00:00,2004.9715640032257
2022-03-01 16:33:00+00:00,2006.4072765132876
2022-03-02 16:33:00+00:00,2069.607864784795
2022-03-03 16:33:00+00:00,2020.7416180112552
2022-03-04 16:33:00+00:00,1961.1088341724176
2022-03-05 16:33:00+00:00,1944.0052218976296
2022-03-06 16:33:00+00:00,1947.5279693241598
2022-03-07 16:33:00+00:00,1916.2811868641663
2022-03-08 16:33:00+00:00,1884.9166260771788
2022-03-09 16:33:00+00:00,1937.7298490225453
2022-03-10 16:33:00+00:00,1907.3876179212527
2022-03-11 16:33:00+00:00,1894.7270271711627
2022-03-12 16:33:00+00:00,1887.6291447242497
2022-03-13 16:33:00+00:00,1890.1893944785763
2022-03-14 16:33:00+00:00,1904.603659130816
2022-03-15 16:33:00+00:00,1931.9435421597923
2022-03-16 16:33:00+00:00,1957.6248575588247
2022-03-17 16:33:00+00:00,1974.311144825561
2022-03-18 16:33:00+00:00,1995.3780998911209
2022-03-19 16:33:00+00:00,2001.117435464693
2022-03-20 16:33:00+00:00,1965.8469252398786
2022-03-21 16:33:00+00:00,1973.5626131211875
2022-03-22 16:33:00+00:00,1991.0632632549623
2022-03-23 16:33:00+00:00,2002.4789847592338
2022-03-24 16:33:00+00:00,2035.0016169895437
2022-03-25 16:33:00+00:00,2031.5862068024283
2022-03-26 16:33:00+00:00,2031.001247233056
2022-03-27 16:33:00+00:00,2052.766031180706
2022-03-28 16:33:00+00:00,2060.017869294049
2022-03-29 16:33:00+00:00,2072.061699678995
2022-03-30 16:33:00+00:00,2069.513738537461
2022-03-31 16:33:00+00:00,2032.5889014808868
2022-04-01 16:33:00+00:00,2050.4828192558116
2022-04-02 16:33:00+00:00,2054.7797637856365
2022-04-03 16:33:00+00:00,2070.736085280561
2022-04-04 16:33:00+00:00,2051.4618933589645
2022-04-05 16:33:00+00:00,2053.9430027749904
2022-04-06 16:33:00+00:00,1978.9202932359465
2022-04-07 16:33:00+00:00,2008.4951516454867
2022-04-08 16:33:00+00:00,2033.4827516848823
2022-04-09 16:33:00+00:00,2026.8640298231762
2022-04-10 16:33:00+00:00,2039.014238745216
2022-04-11 16:33:00+00:00,1962.1947465704302
2022-04-12 16:33:00+00:00,1961.3259331039908
2022-04-13 16:33:00+00:00,1989.026326266227
2022-04-14 16:33:00+00:00,1965.6357561913178
2022-04-15 16:33:00+00:00,1968.8371471048367
2022-04-16 16:33:00+00:00,1970.9634736595403
2022-04-17 16:33:00+00:00,1994.2912401358378
2022-04-18 16:33:00+00:00,1950.7490745418868
2022-04-19 16:33:00+00:00,1973.085683304577
2022-04-20 16:33:00+00:00,1966.4604064620933
2022-04-21 16:33:00+00:00,1986.6916140655212
2022-04-22 16:33:00+00:00,1945.5317930106148
2022-04-23 16:33:00+00:00,1949.5322209404733
2022-04-24 16:33:00+00:00,1935.1950088823064
2022-04-25 16:33:00+00:00,1929.3819345426634
2022-04-26 16:33:00+00:00,1891.9844305418044
2022-04-27 16:33:00+00:00,1914.4387537616499
2022-04-28 16:33:00+00:00,1945.5853693104355
2022-04-29 16:33:00+00:00,1922.6367080736277
2022-04-30 16:33:00+00:00,1917.1223934370912
2022-05-01 16:33:00+00:00,1920.065190045816
2022-05-02 16:33:00+00:00,1936.541740682444
2022-05-03 16:33:00+00:00,1937.7632764311325
2022-05-04 16:33:00+00:00,1960.072293520213
2022-05-05 16:33:00+00:00,1927.4687151868422
2022-05-06 16:33:00+00:00,1898.7849070579775
2022-05-07 16:33:00+00:00,1902.1847260680315
2022-05-08 16:33:00+00:00,1863.1097396743799
2022-05-09 16:33:00+00:00,1814.850773359679
2022-05-10 16:33:00+00:00,1767.9225723924153
2022-05-11 16:33:00+00:00,1693.1247801567215
2022-05-12 16:33:00+00:00,1529.2814797800909
2022-05-13 16:33:00+00:00,1537.6945372915188
2022-05-14 16:33:00+00:00,1494.3367930202137
2022-05-15 16:33:00+00:00,1508.134950978991
2022-05-16 16:33:00+00:00,1488.4752932803012
2022-05-17 16:33:00+00:00,1499.9289852390598
2022-05-18 16:33:00+00:00,1481.929303414779
2022-05-19 16:33:00+00:00,1476.1260370114576
2022-05-20 16:33:00+00:00,1456.9401052904304
2022-05-21 16:33:00+00:00,1463.9877587478131
2022-05-22 16:33:00+00:00,1466.110046452776
2022-05-23 16:33:00+00:00,1481.5417914614063
2022-05-24 16:33:00+00:00,1452.731280239568
2022-05-25 16:33:00+00:00,1448.5375262829807
2022-05-26 16:33:00+00:00,1404.8735212193376
2022-05-27 16:33:00+00:00,1340.3392850914709
2022-05-28 16:33:00+00:00,1344.976674802859
2022-05-29 16:33:00+00:00,1356.9235518452374
2022-05-30 16:33:00+00:00,1377.4496071194253
2022-05-31 16:33:00+00:00,1393.5748915238792
2022-06-01 16:33:00+00:00,1353.343392306209
2022-06-02 16:33:00+00:00,1351.0917709552689
2022-06-03 16:33:00+00:00,1325.0380025299348
2022-06-04 16:33:00+00:00,1334.8576188825086
2022-06-05 16:33:00+00:00,1341.4012549986571
2022-06-06 16:33:00+00:00,1341.9322963273396
2022-06-07 16:33:00+00:00,1316.9055944670777
2022-06-08 16:33:00+00:00,1314.889592382642
2022-06-09 16:33:00+00:00,1324.8024879072086
2022-06-10 16:33:00+00:00,1285.7871203583263
2022-06-11 16:33:00+00:00,1231.0639155823185
2022-06-12 16:33:00+00:00,1227.227989765946
2022-06-13 16:33:00+00:00,1098.1889369278001
2022-06-14 16:33:00+00:00,1078.953780573556
2022-06-15 16:33:00+00:00,1002.646233219644
2022-06-16 16:33:00+00:00,997.8358188755992
2022-06-17 16:33:00+00:00,982.3793322923146
2022-06-18 16:33:00+00:00,972.1323854639818
2022-06-19 16:33:00+00:00,996.7636137908053
2022-06-20 16:33:00+00:00,996.032379190287
2022-06-21 16:33:00+00:00,1015.9572101873284
2022-06-22 16:33:00+00:00,964.1425407790919
2022-06-23 16:33:00+00:00,973.8566864443482
2022-06-24 16:33:00+00:00,994.8857867892325
2022-06-25 16:33:00+00:00,1008.328109209553
2022-06-26 16:33:00+00:00,1022.7632564810302
2022-06-27 16:33:00+00:00,997.1683574945057
2022-06-28 16:33:00+00:00,980.2051661049607
2022-06-29 16:33:00+00:00,952.6672691129324
2022-06-30 16:33:00+00:00,920.7779830060105
2022-07-01 16:33:00+00:00,919.6747673583345
2022-07-02 16:33:00+00:00,923.5429319638105
2022-07-03 16:33:00+00:00,927.8861531447026
2022-07-04 16:33:00+00:00,949.1000870371646
2022-07-05 16:33:00+00:00,940.3831437227824
2022-07-06 16:33:00+00:00,939.8373019227489
2022-07-07 16:33:00+00:00,962.1235950983408
2022-07-08 16:33:00+00:00,955.0980461524873
2022-07-09 16:33:00+00:00,952.2429448918327
2022-07-10 16:33:00+00:00,934.2525177914365
2022-07-11 16:33:00+00:00,934.2959115028111
2022-07-12 16:33:00+00:00,903.4328390475999
2022-07-13 16:33:00+00:00,899.5801578279634
2022-07-14 16:33:00+00:00,914.0661945434919
2022-07-15 16:33:00+00:00,930.5679057251001
2022-07-16 16:33:00+00:00,924.3126623504287
2022-07-17 16:33:00+00:00,912.5946379570341
2022-07-18 16:33:00+00:00,955.8871660171845
2022-07-19 16:33:00+00:00,960.5904791301238
2022-07-20 16:33:00+00:00,982.5535361208816
2022-07-21 16:33:00+00:00,965.174444698802
2022-07-22 16:33:00+00:00,971.5078358956189
2022-07-23 16:33:00+00:00,948.814164865194
2022-07-24 16:33:00+00:00,963.7912090768064
2022-07-25 16:33:00+00:00,925.3932828846146
2022-07-26 16:33:00+00:00,870.1929810355754
2022-07-27 16:33:00+00:00,892.1350845632435
2022-07-28 16:33:00+00:00,923.5660705372742
2022-07-29 16:33:00+00:00,907.0471650033596
2022-07-30 16:33:00+00:00,926.1893114825754
2022-07-31 16:33:00+00:00,918.6469843932144
2022-08-01 16:33:00+00:00,915.1755913446269
2022-08-02 16:33:00+00:00,913.0799468856151
2022-08-03 16:33:00+00:00,919.6238210741441
2022-08-04 16:33:00+00:00,898.3646600640451
2022-08-05 16:33:00+00:00,906.9896236586367
2022-08-06 16:33:00+00:00,924.714636434497
2022-08-07 16:33:00+00:00,925.171266924506
2022-08-08 16:33:00+00:00,934.7580381143094
2022-08-09 16:33:00+00:00,921.48010788325
2022-08-10 16:33:00+00:00,940.5589473973623
2022-08-11 16:33:00+00:00,960.0574867064868
2022-08-12 16:33:00+00:00,958.6157814268819
2022-08-13 16:33:00+00:00,969.7134523803019
2022-08-14 16:33:00+00:00,975.0083137278277
2022-08-15 16:33:00+00:00,945.2884191738212
2022-08-16 16:33:00+00:00,940.5872365470723
2022-08-17 16:33:00+00:00,930.2065462785437
2022-08-18 16:33:00+00:00,939.3507371628094
2022-08-19 16:33:00+00:00,919.9747078150908
2022-08-20 16:33:00+00:00,896.2533120374617
2022-08-21 16:33:00+00:00,893.0183031717404
2022-08-22 16:33:00+00:00,889.5821791655515
2022-08-23 16:33:00+00:00,903.2081958587764
2022-08-24 16:33:00+00:00,912.8355912044793
2022-08-25 16:33:00+00:00,916.8830008527214
2022-08-26 16:33:00+00:00,873.4765178661961
2022-08-27 16:33:00+00:00,839.4240269015556
2022-08-28 16:33:00+00:00,855.5176947593674
2022-08-29 16:33:00+00:00,838.5583925539202
2022-08-30 16:33:00+00:00,825.3259987644946
2022-08-31 16:33:00+00:00,839.133635277786
2022-09-01 16:33:00+00:00,828.9387354995839
2022-09-02 16:33:00+00:00,843.1580606509622
2022-09-03 16:33:00+00:00,825.9909713474568
2022-09-04 16:33:00+00:00,830.841531545863
2022-09-05 16:33:00+00:00,836.6163578694682
2022-09-06 16:33:00+00:00,851.0170555442483
2022-09-07 16:33:00+00:00,821.0431666204718
2022-09-08 16:33:00+00:00,829.2905567064633
2022-09-09 16:33:00+00:00,840.9479885321848
2022-09-10 16:33:00+00:00,843.6131542758562
2022-09-11 16:33:00+00:00,851.573009107474
2022-09-12 16:33:00+00:00,846.4123075671532
2022-09-13 16:33:00+00:00,835.4495232353073
2022-09-14 16:33:00+00:00,830.6585265308097
2022-09-15 16:33:00+00:00,813.8239457442602
2022-09-16 16:33:00+00:00,795.0311659762117
2022-09-17 16:33:00+00:00,808.127243787305
2022-09-18 16:33:00+00:00,789.7215930964418
2022-09-19 16:33:00+00:00,778.4761180694002
2022-09-20 16:33:00+00:00,782.086477001525
2022-09-21 16:33:00+00:00,771.0700541973182
2022-09-22 16:33:00+00:00,734.1368426425151
2022-09-23 16:33:00+00:00,732.1143194683493
2022-09-24 16:33:00+00:00,746.5282412632683
2022-09-25 16:33:00+00:00,744.1545111311816
2022-09-26 16:33:00+00:00,740.8286251473149
2022-09-27 16:33:00+00:00,732.7929346023384
2022-09-28 16:33:00+00:00,716.8872059267186
2022-09-29 16:33:00+00:00,720.565390914272
2022-09-30 16:33:00+00:00,741.6045895522439
2022-10-01 16:33:00+00:00,733.4689146219788
2022-10-02 16:33:00+00:00,724.6680380407679
2022-10-03 16:33:00+00:00,730.4742162053244
2022-10-04 16:33:00+00:00,731.1969331496231
2022-10-05 16:33:00+00:00,730.0693273927604
2022-10-06 16:33:00+00:00,740.5280823216365
2022-10-07 16:33:00+00:00,728.1443836800207
2022-10-08 16:33:00+00:00,728.577744656501
2022-10-09 16:33:00+00:00,725.3711033880512
2022-10-10 16:33:00+00:00,723.6147570945693
2022-10-11 16:33:00+00:00,718.9490537582991
2022-10-12 16:33:00+00:00,719.9933420878604
2022-10-13 16:33:00+00:00,713.323834238212
2022-10-14 16:33:00+00:00,714.1195241725679
2022-10-15 16:33:00+00:00,708.2284683160383
2022-10-16 16:33:00+00:00,703.0974110540361
2022-10-17 16:33:00+00:00,706.2232720087704
2022-10-18 16:33:00+00:00,704.5518898546586
2022-10-19 16:33:00+00:00,701.1799252441966
2022-10-20 16:33:00+00:00,692.4158625817244
2022-10-21 16:33:00+00:00,697.2183156384802
2022-10-22 16:33:00+00:00,697.5665729486782
2022-10-23 16:33:00+00:00,698.8415935274252
2022-10-24 16:33:00+00:00,697.3739304885713
2022-10-25 16:33:00+00:00,705.9567777676202
2022-10-26 16:33:00+00:00,722.8645777002839
2022-10-27 16:33:00+00:00,733.7300284174803
2022-10-28 16:33:00+00:00,724.8871067857225
2022-10-29 16:33:00+00:00,733.745866678401
2022-10-30 16:33:00+00:00,723.5233915209874
2022-10-31 16:33:00+00:00,712.2809597196951
2022-11-01 16:33:00+00:00,712.9498660807576
2022-11-02 16:33:00+00:00,703.3266633797268
2022-11-03 16:33:00+00:00,704.4475939420907
2022-11-04 16:33:00+00:00,706.1984709177973
2022-11-05 16:33:00+00:00,710.8083340599626
2022-11-06 16:33:00+00:00,705.7536363354402
2022-11-07 16:33:00+00:00,703.5732186715236
2022-11-08 16:33:00+00:00,684.2657958234734
2022-11-09 16:33:00+00:00,607.6558002877014
2022-11-10 16:33:00+00:00,636.3416126944094
2022-11-11 16:33:00+00:00,616.8005368848524
2022-11-12 16:33:00+00:00,632.4562480167384
2022-11-13 16:33:00+00:00,621.994259565726
2022-11-14 16:33:00+00:00,628.9408937987395
2022-11-15 16:33:00+00:00,625.960614342506
2022-11-16 16:33:00+00:00,610.3864886459196
2022-11-17 16:33:00+00:00,617.2855656667796
2022-11-18 16:33:00+00:00,621.9095119374729
2022-11-19 16:33:00+00:00,622.6048752055917
2022-11-20 16:33:00+00:00,612.6068816386536
2022-11-21 16:33:00+00:00,599.7687877603282
2022-11-22 16:33:00+00:00,598.6427236830002
2022-11-23 16:33:00+00:00,603.9766250387121
2022-11-24 16:33:00+00:00,609.8304442431518
2022-11-25 16:33:00+00:00,606.7166725440457
2022-11-26 16:33:00+00:00,614.7897685180707
2022-11-27 16:33:00+00:00,617.9628053581182
2022-11-28 16:33:00+00:00,603.9440294655005
2022-11-29 16:33:00+00:00,609.1652867844467
2022-11-30 16:33:00+00:00,613.9306098900978
2022-12-01 16:33:00+00:00,613.1629970979448
2022-12-02 16:33:00+00:00,614.9690781975434
2022-12-03 16:33:00+00:00,616.3264209401137
2022-12-04 16:33:00+00:00,607.6979099979372
2022-12-05 16:33:00+00:00,604.5419561778922
2022-12-06 16:33:00+00:00,603.1081469425951
2022-12-07 16:33:00+00:00,595.390808199006
2022-12-08 16:33:00+00:00,596.7127711859946
2022-12-09 16:33:00+00:00,602.0457376661698
2022-12-10 16:33:00+00:00,602.7860560356838
2022-12-11 16:33:00+00:00,602.8725485358036
2022-12-12 16:33:00+00:00,601.3250662348678
2022-12-13 16:33:00+00:00,609.1914843818981
2022-12-14 16:33:00+00:00,613.4704152718655
2022-12-15 16:33:00+00:00,603.7919199992136
2022-12-16 16:33:00+00:00,589.9007281478655
2022-12-17 16:33:00+00:00,584.9955538899287
2022-12-18 16:33:00+00:00,585.1619666231892
2022-12-19 16:33:00+00:00,586.279955379649
2022-12-20 16:33:00+00:00,590.3291512609085
2022-12-21 16:33:00+00:00,591.7014059492699
2022-12-22 16:33:00+00:00,585.2471402967107
2022-12-23 16:33:00+00:00,596.2134194515179
2022-12-24 16:33:00+00:00,596.3041649041725
2022-12-25 16:33:00+00:00,596.1754543356931
2022-12-26 16:33:00+00:00,597.5244221333785
2022-12-27 16:33:00+00:00,596.519154872346
2022-12-28 16:33:00+00:00,591.3268426721368
2022-12-29 16:33:00+00:00,594.1029903716633
2022-12-30 16:33:00+00:00,593.8691659539627
2022-12-31 16:33:00+00:00,595.117067120565
2023-01-01 16:33:00+00:00,594.9588232083664
2023-01-02 16:33:00+00:00,596.1821174670968
2023-01-03 16:33:00+00:00,595.922184020402
2023-01-04 16:33:00+00:00,597.9376632270007
2023-01-05 16:33:00+00:00,597.6157435976106
2023-01-06 16:33:00+00:00,601.9811836406602
2023-01-07 16:33:00+00:00,602.0109693286441
2023-01-08 16:33:00+00:00,601.954304500175
2023-01-09 16:33:00+00:00,604.4878265456017
2023-01-10 16:33:00+00:00,604.5295358423801
2023-01-11 16:33:00+00:00,605.2694703219008
2023-01-12 16:33:00+00:00,613.6508685799319
2023-01-13 16:33:00+00:00,616.7825231630354
2023-01-14 16:33:00+00:00,628.6964067642621
2023-01-15 16:33:00+00:00,638.9455482286435
2023-01-16 16:33:00+00:00,641.1622902412071
2023-01-17 16:33:00+00:00,647.3439263872847
2023-01-18 16:33:00+00:00,643.1000954052753
2023-01-19 16:33:00+00:00,648.2175146383402
2023-01-20 16:33:00+00:00,651.2231499019447
2023-01-21 16:33:00+00:00,657.1535378615023
2023-01-22 16:33:00+00:00,659.2380117849646
2023-01-23 16:33:00+00:00,658.7600973600302
2023-01-24 16:33:00+00:00,658.9712669060139
2023-01-25 16:33:00+00:00,647.8596306763815
2023-01-26 16:33:00+00:00,654.8507423817595
2023-01-27 16:33:00+00:00,654.3529649257406
2023-01-28 16:33:00+00:00,651.4040106029616
2023-01-29 16:33:00+00:00,656.2214518429439
2023-01-30 16:33:00+00:00,646.8904319023949
2023-01-31 16:33:00+00:00,645.588769841678
2023-02-01 16:33:00+00:00,648.833068713215
2023-02-02 16:33:00+00:00,656.6907785571614
2023-02-03 16:33:00+00:00,654.6102903754025
2023-02-04 16:33:00+00:00,658.1983124151268
2023-02-05 16:33:00+00:00,649.3385841967169
2023-02-06 16:33:00+00:00,645.5701194001751
2023-02-07 16:33:00+00:00,649.2293410163527
2023-02-08 16:33:00+00:00,648.3424241749233
2023-02-09 16:33:00+00:00,645.207810183366
2023-02-10 16:33:00+00:00,625.1860743273345
2023-02-11 16:33:00+00:00,627.2783145766766
2023-02-12 16:33:00+00:00,628.9765184788226
2023-02-13 16:33:00+00:00,619.348097369275
2023-02-14 16:33:00+00:00,632.4057088429865
2023-02-15 16:33:00+00:00,636.4498289061164
2023-02-16 16:33:00+00:00,644.4477315595492
2023-02-17 16:33:00+00:00,631.9568003314829
2023-02-18 16:33:00+00:00,634.440079674077
2023-02-19 16:33:00+00:00,639.6848376134575
2023-02-20 16:33:00+00:00,642.7312824045741
2023-02-21 16:33:00+00:00,638.9787747926173
2023-02-22 16:33:00+00:00,627.3888352365698
2023-02-23 16:33:00+00:00,637.1322507719382
2023-02-24 16:33:00+00:00,622.6353439749055
2023-02-25 16:33:00+00:00,621.8733645522157
2023-02-26 16:33:00+00:00,624.1282481299194
2023-02-27 16:33:00+00:00,626.3058265228993
2023-02-28 16:33:00+00:00,629.6865377231359
2023-03-01 16:33:00+00:00,633.2868575597056
2023-03-02 16:33:00+00:00,632.6563220604158
2023-03-03 16:33:00+00:00,625.7196913979892
2023-03-04 16:33:00+00:00,626.0402330579843
2023-03-05 16:33:00+00:00,628.2415610949072
2023-03-06 16:33:00+00:00,628.6597485874095
2023-03-07 16:33:00+00:00,625.9982109898895
2023-03-08 16:33:00+00:00,630.1017351580974
2023-03-09 16:33:00+00:00,626.7748907776675
2023-03-10 16:33:00+00:00,609.7037095384399
2023-03-11 16:33:00+00:00,605.0553861220853
2023-03-12 16:33:00+00:00,616.3948631648209
2023-03-13 16:33:00+00:00,629.9048904914828
2023-03-14 16:33:00+00:00,645.3633583799523
2023-03-15 16:33:00+00:00,620.8052974920922
2023-03-16 16:33:00+00:00,624.2727020057381
2023-03-17 16:33:00+00:00,630.0888600710921
2023-03-18 16:33:00+00:00,634.6594616297746
2023-03-19 16:33:00+00:00,647.4782833787924
2023-03-20 16:33:00+00:00,634.1401967538109
2023-03-21 16:33:00+00:00,644.3201104569035
2023-03-22 16:33:00+00:00,642.5494927281145
2023-03-23 16:33:00+00:00,631.7863022172669
2023-03-24 17:53:00+00:00,613.8980922387424
2023-03-25 17:53:00+00:00,616.6394547288496
2023-03-26 17:53:00+00:00,621.7544683419704
2023-03-27 17:53:00+00:00,609.8180909130754
2023-03-28 17:53:00+00:00,611.8350793469524
2023-03-29 17:53:00+00:00,615.3038467123065
2023-03-30 17:53:00+00:00,617.4326584996741
2023-03-31 17:53:00+00:00,626.8274504834803
2023-04-01 17:53:00+00:00,626.7637501039538
2023-04-02 17:53:00+00:00,625.2996806207439
2023-04-03 17:53:00+00:00,626.1415755311824
2023-04-04 17:53:00+00:00,631.5505498940709
2023-04-05 17:53:00+00:00,631.249763488823
2023-04-06 17:53:00+00:00,626.0509684592716
2023-04-07 17:53:00+00:00,619.5124141208682
2023-04-08 17:53:00+00:00,619.5569664402292
2023-04-09 17:53:00+00:00,619.072934709787
2023-04-10 17:53:00+00:00,624.2949279569367
2023-04-11 17:53:00+00:00,625.2688462313026
2023-04-12 17:53:00+00:00,629.8039814200937
2023-04-13 17:53:00+00:00,632.2289784898891
2023-04-14 17:53:00+00:00,630.7872076376522
2023-04-15 17:53:00+00:00,638.3338597208087
2023-04-16 17:53:00+00:00,639.300147752051
2023-04-17 17:53:00+00:00,638.7261001091115
2023-04-18 17:53:00+00:00,644.1115156155178
2023-04-19 17:53:00+00:00,635.0738145987538
2023-04-20 17:53:00+00:00,629.7577263881358
2023-04-21 17:53:00+00:00,616.8089220997971
2023-04-22 17:53:00+00:00,607.5289773849913
2023-04-23 17:53:00+00:00,608.8519555891128
2023-04-24 17:53:00+00:00,613.6227725162221
2023-04-25 17:53:00+00:00,613.7720485500504
2023-04-26 17:53:00+00:00,621.1421470184222
2023-04-27 17:53:00+00:00,612.961078156043
2023-04-28 17:53:00+00:00,614.0024325904551
2023-04-29 17:53:00+00:00,614.814666442922
2023-04-30 17:53:00+00:00,621.2611047579098
2023-05-01 17:53:00+00:00,607.2278288558796
2023-05-02 17:53:00+00:00,610.5972136114618
2023-05-03 17:53:00+00:00,612.8546607200665
2023-05-04 17:53:00+00:00,613.442887800656
2023-05-05 17:53:00+00:00,616.8591995944457
2023-05-06 17:53:00+00:00,603.5212049194894
2023-05-07 17:53:00+00:00,608.450636760399
2023-05-08 17:53:00+00:00,599.651830317694
2023-05-09 17:53:00+00:00,596.4247856459252
2023-05-10 17:53:00+00:00,584.2956377743876
2023-05-11 17:53:00+00:00,574.4685255873502
2023-05-12 17:53:00+00:00,573.2150556937588
2023-05-13 17:53:00+00:00,575.2663104792194
2023-05-14 17:53:00+00:00,576.4453704997782
2023-05-15 17:53:00+00:00,578.4959296911181
2023-05-16 17:53:00+00:00,579.5595044634904
2023-05-17 17:53:00+00:00,579.1208356034042
2023-05-18 17:53:00+00:00,576.1849386364368
2023-05-19 17:53:00+00:00,580.3243283902762
2023-05-20 17:53:00+00:00,580.3969156054302
2023-05-21 17:53:00+00:00,580.1083293482724
2023-05-22 17:53:00+00:00,580.452256767937
2023-05-23 17:53:00+00:00,580.8818227079018
2023-05-24 17:53:00+00:00,571.6550175096665
2023-05-25 17:53:00+00:00,569.1554915401398
2023-05-26 17:53:00+00:00,570.5057649021269
2023-05-27 17:53:00+00:00,570.8593601827215
2023-05-28 17:53:00+00:00,571.5430889241254
2023-05-29 17:53:00+00:00,572.0423503792601
2023-05-30 17:53:00+00:00,574.334036127785
2023-05-31 17:53:00+00:00,571.5348467685958
2023-06-01 17:53:00+00:00,572.6299042137342
2023-06-02 17:53:00+00:00,573.5257032453592
2023-06-03 17:53:00+00:00,573.8135767601626
2023-06-04 17:53:00+00:00,574.2268888357439
2023-06-05 17:53:00+00:00,562.9002394767424
2023-06-06 17:53:00+00:00,564.2779367977801
2023-06-07 17:53:00+00:00,563.1140476196792
2023-06-08 17:53:00+00:00,562.5389609597646
2023-06-09 17:53:00+00:00,561.5682042823256
2023-06-10 17:53:00+00:00,550.0779323550653
2023-06-11 17:53:00+00:00,551.7961100541941
2023-06-12 17:53:00+00:00,552.1701756979653
2023-06-13 17:53:00+00:00,557.0735776288745
2023-06-14 17:53:00+00:00,557.6965334228745
2023-06-15 17:53:00+00:00,545.0542353606825
2023-06-16 17:53:00+00:00,548.4864595673457
2023-06-17 17:53:00+00:00,546.7232884968356
2023-06-18 17:53:00+00:00,550.7324378430818
2023-06-19 17:53:00+00:00,548.4008394768991
2023-06-20 17:53:00+00:00,557.6722511737721
2023-06-21 17:53:00+00:00,560.2280441616724
2023-06-22 17:53:00+00:00,562.1968382446303
2023-06-23 17:53:00+00:00,566.7416009158102
2023-06-24 17:53:00+00:00,562.3662354710808
2023-06-25 17:53:00+00:00,567.5661944442597
2023-06-26 17:53:00+00:00,560.265125314622
2023-06-27 17:53:00+00:00,569.7889860633404
2023-06-28 17:53:00+00:00,562.059582891881
2023-06-29 17:53:00+00:00,565.3913343715917
2023-06-30 17:53:00+00:00,571.4383384744319
2023-07-01 17:53:00+00:00,570.958059437685
2023-07-02 17:53:00+00:00,571.6444160635047
2023-07-03 17:53:00+00:00,578.5574905369226
2023-07-04 17:53:00+00:00,577.8075791970377
2023-07-05 17:53:00+00:00,573.2318456718157
2023-07-06 17:53:00+00:00,568.6291008624406
2023-07-07 17:53:00+00:00,565.3626444248112
2023-07-08 17:53:00+00:00,565.0670614666126
2023-07-09 17:53:00+00:00,565.6781611809201
2023-07-10 17:53:00+00:00,566.6048813082426
2023-07-11 17:53:00+00:00,566.9607390378756
2023-07-12 17:53:00+00:00,568.4945894180304
2023-07-13 17:53:00+00:00,570.596006084244
2023-07-14 17:53:00+00:00,566.9260209063847
2023-07-15 17:53:00+00:00,559.4501637898479
2023-07-16 17:53:00+00:00,560.0142764711387
2023-07-17 17:53:00+00:00,557.447290189753
2023-07-18 17:53:00+00:00,559.2206626174351
2023-07-19 17:53:00+00:00,561.9967999476246
2023-07-20 17:53:00+00:00,562.3944266818178
2023-07-21 17:53:00+00:00,563.0782566745575
2023-07-22 17:53:00+00:00,561.2514065007167
2023-07-23 17:53:00+00:00,559.5181031445597
2023-07-24 17:53:00+00:00,554.6003898031848
2023-07-25 17:53:00+00:00,557.321825572514
2023-07-26 17:53:00+00:00,557.2796753888813
2023-07-27 17:53:00+00:00,558.350841944131
2023-07-28 17:53:00+00:00,558.3991006051741
2023-07-29 17:53:00+00:00,558.5256488587452
2023-07-30 17:53:00+00:00,558.4658254659532
2023-07-31 17:53:00+00:00,558.7030282184298
2023-08-01 17:53:00+00:00,556.2459026618512
2023-08-02 17:53:00+00:00,555.9172310272658
2023-08-03 17:53:00+00:00,558.7302588092826
2023-08-04 17:53:00+00:00,557.6151543831179
2023-08-05 17:53:00+00:00,554.978462178107
2023-08-06 17:53:00+00:00,554.9500961821394
2023-08-07 17:53:00+00:00,555.0841318026909
2023-08-08 17:53:00+00:00,556.5146244296365
2023-08-09 17:53:00+00:00,555.8219425643804
2023-08-10 17:53:00+00:00,555.9431383155317
2023-08-11 17:53:00+00:00,555.1960956526979
2023-08-12 17:53:00+00:00,555.4284859726304
2023-08-13 17:53:00+00:00,555.4453163544
2023-08-14 17:53:00+00:00,555.4178167127585
2023-08-15 17:53:00+00:00,555.2500465382146
2023-08-16 17:53:00+00:00,554.7668486850491
2023-08-17 17:53:00+00:00,542.4303006715407
2023-08-18 17:53:00+00:00,538.9501593904859
2023-08-19 17:53:00+00:00,542.1188589579345
2023-08-20 17:53:00+00:00,540.9165299631829
2023-08-21 17:53:00+00:00,541.3963688667598
2023-08-22 17:53:00+00:00,535.4040194628941
2023-08-23 17:53:00+00:00,534.2129190044519
2023-08-24 17:53:00+00:00,529.7533011655785
2023-08-25 17:53:00+00:00,528.6935416122782
2023-08-26 17:53:00+00:00,529.0559362839243
2023-08-27 17:53:00+00:00,528.9835977352968
2023-08-28 17:53:00+00:00,530.6496089405734
2023-08-29 17:53:00+00:00,533.7479718923521
2023-08-30 17:53:00+00:00,532.174718368103
2023-08-31 17:53:00+00:00,521.6591654684069
2023-09-01 17:53:00+00:00,515.8267414372715
2023-09-02 17:53:00+00:00,520.0257759565735
2023-09-03 17:53:00+00:00,519.8270281510195
2023-09-04 17:53:00+00:00,519.8492846873803
2023-09-05 17:53:00+00:00,521.2629489723265
2023-09-06 17:53:00+00:00,522.2213662636934
2023-09-07 17:53:00+00:00,522.8010705604293
2023-09-08 17:53:00+00:00,524.0084669036003
2023-09-09 17:53:00+00:00,524.7092331236179
2023-09-10 17:53:00+00:00,519.777568420513
2023-09-11 17:53:00+00:00,514.9240800137177
2023-09-12 17:53:00+00:00,511.06734698894195
2023-09-13 17:53:00+00:00,514.9093561936503
2023-09-14 17:53:00+00:00,516.3592018967186
2023-09-15 17:53:00+00:00,515.7304519416952
2023-09-16 17:53:00+00:00,518.0138862995345
2023-09-17 17:53:00+00:00,517.070121558397
2023-09-18 17:53:00+00:00,520.512802881426
2023-09-19 17:53:00+00:00,521.1919181394131
2023-09-20 17:53:00+00:00,519.5107182148713
2023-09-21 17:53:00+00:00,513.2836733820075
2023-09-22 17:53:00+00:00,513.722089599542
2023-09-23 17:53:00+00:00,513.7410523266207
2023-09-24 17:53:00+00:00,513.8718630032477
2023-09-25 17:53:00+00:00,515.1141009858981
2023-09-26 17:53:00+00:00,515.0132584377603
2023-09-27 17:53:00+00:00,513.8795882406789
2023-09-28 17:53:00+00:00,518.9643114894322
2023-09-29 17:53:00+00:00,519.4273366068884
2023-09-30 17:53:00+00:00,520.4154277716333
2023-10-01 17:53:00+00:00,520.311594954911
2023-10-02 17:53:00+00:00,515.8268572318152
2023-10-03 17:53:00+00:00,513.4477623436857
2023-10-04 17:53:00+00:00,512.067184752229
2023-10-05 17:53:00+00:00,507.948132609371
2023-10-06 17:53:00+00:00,508.5440462224904
2023-10-07 17:53:00+00:00,507.78133762289815
2023-10-08 17:53:00+00:00,507.7038806674548
2023-10-09 17:53:00+00:00,498.55034266973365
2023-10-10 17:53:00+00:00,497.9651789041412
2023-10-11 17:53:00+00:00,500.2293980581034
2023-10-12 17:53:00+00:00,496.3075705507805
2023-10-13 17:53:00+00:00,499.39059977142426
2023-10-14 17:53:00+00:00,504.09827806264207
2023-10-15 17:53:00+00:00,504.36777074960014
2023-10-16 17:53:00+00:00,501.10988229296754
2023-10-17 17:53:00+00:00,499.35020723356104
2023-10-18 17:53:00+00:00,499.35600836013055
2023-10-19 17:53:00+00:00,495.2859154238672
2023-10-20 17:53:00+00:00,495.95919565473076
2023-10-21 17:53:00+00:00,497.9346217681451
2023-10-22 17:53:00+00:00,498.1210819396248
2023-10-23 17:53:00+00:00,500.1110711975317
2023-10-24 17:53:00+00:00,502.5056242464723
2023-10-25 17:53:00+00:00,503.57641131877733
2023-10-26 17:53:00+00:00,501.04253827250176
2023-10-27 17:53:00+00:00,497.5508948212596
2023-10-28 17:53:00+00:00,501.4070697833906
2023-10-29 17:53:00+00:00,504.5471302841693
2023-10-30 17:53:00+00:00,505.598282140576
2023-10-31 17:53:00+00:00,506.324656804147
2023-11-01 17:53:00+00:00,510.5404949587034
2023-11-02 17:53:00+00:00,508.3308015273542
2023-11-03 17:53:00+00:00,507.86958768189186
2023-11-04 17:53:00+00:00,513.9390933061932
2023-11-05 17:53:00+00:00,520.3020556437291
2023-11-06 17:53:00+00:00,525.0068400283974
2023-11-07 17:53:00+00:00,524.1838485155026
2023-11-08 17:53:00+00:00,528.7654723703349
2023-11-09 17:53:00+00:00,535.7291654074008
2023-11-10 17:53:00+00:00,541.8013981090976
2023-11-11 17:53:00+00:00,538.6273228400776
2023-11-12 17:53:00+00:00,530.913115773672
2023-11-13 17:53:00+00:00,533.5570626162246
2023-11-14 17:53:00+00:00,526.4257503689116
2023-11-15 17:53:00+00:00,525.7979469352508
2023-11-16 17:53:00+00:00,524.648893392538
2023-11-17 17:53:00+00:00,519.3340595599076
2023-11-18 17:53:00+00:00,526.0135245665197
2023-11-19 17:53:00+00:00,526.0703411105795
2023-11-20 17:53:00+00:00,530.5144043158148
2023-11-21 17:53:00+00:00,522.8986777101442
2023-11-22 17:53:00+00:00,520.3119800194684
2023-11-23 17:53:00+00:00,521.6295587771967
2023-11-24 17:53:00+00:00,524.9642948217582
2023-11-25 17:53:00+00:00,522.6757768219923
2023-11-26 17:53:00+00:00,518.5314333032256
2023-11-27 17:53:00+00:00,515.1650739082136
2023-11-28 17:53:00+00:00,520.4178657634064
2023-11-29 17:53:00+00:00,519.9685039407864
2023-11-30 17:53:00+00:00,520.6288620987966
2023-12-01 17:53:00+00:00,524.9829220367561
2023-12-02 17:53:00+00:00,525.5257939521349
2023-12-03 17:53:00+00:00,526.3998612181321
2023-12-04 17:53:00+00:00,528.211919227195
2023-12-05 17:53:00+00:00,534.8191467868277
2023-12-06 17:53:00+00:00,537.2468027059097
2023-12-07 17:53:00+00:00,540.3626632263624
2023-12-08 17:53:00+00:00,541.1250432214864
2023-12-09 17:53:00+00:00,543.9084363132204
2023-12-10 17:53:00+00:00,543.8635065501944
2023-12-11 17:53:00+00:00,536.8955178976134
2023-12-12 17:53:00+00:00,536.5504068526268
2023-12-13 17:53:00+00:00,543.876600674286
2023-12-14 17:53:00+00:00,549.6191504263036
2023-12-15 17:53:00+00:00,541.7761852433149
2023-12-16 17:53:00+00:00,538.1067924219071
2023-12-17 17:53:00+00:00,538.2444020711393
2023-12-18 17:53:00+00:00,526.6228654001161
2023-12-19 17:53:00+00:00,518.4778346462695
2023-12-20 17:53:00+00:00,531.1868977001751
2023-12-21 17:53:00+00:00,534.8712545026353
2023-12-22 17:53:00+00:00,541.2584256774522
2023-12-23 17:53:00+00:00,540.048231625775
2023-12-24 17:53:00+00:00,539.2751340847063
2023-12-25 17:53:00+00:00,538.8522302679991
2023-12-26 17:53:00+00:00,529.4533601371027
2023-12-27 17:53:00+00:00,542.7270507794935
2023-12-28 17:53:00+00:00,540.6991439481105
2023-12-29 17:53:00+00:00,532.9126124541435
2023-12-30 17:53:00+00:00,536.9029723280004
2023-12-31 17:53:00+00:00,538.2197746272465
2024-01-01 17:53:00+00:00,541.6774698146756
2024-01-02 17:53:00+00:00,541.0373877851108
2024-01-03 17:53:00+00:00,524.9096424547522
2024-01-04 17:53:00+00:00,530.4676001450082
2024-01-05 17:53:00+00:00,532.5192354291605
2024-01-06 17:53:00+00:00,538.5366975348718
2024-01-07 17:53:00+00:00,537.1597831094563
2024-01-08 17:53:00+00:00,542.5611152210179
2024-01-09 17:53:00+00:00,531.215362242638
2024-01-10 17:53:00+00:00,550.3913828080717
2024-01-11 17:53:00+00:00,560.5308501847802
2024-01-12 17:53:00+00:00,558.1041044155631
2024-01-13 17:53:00+00:00,548.0746531999957
2024-01-14 17:53:00+00:00,546.1909418173682
2024-01-15 17:53:00+00:00,546.9749477704224
2024-01-16 17:53:00+00:00,552.3564157874954
2024-01-17 17:53:00+00:00,549.4407888951437
2024-01-18 17:53:00+00:00,540.6343311768969
2024-01-19 17:53:00+00:00,544.6283877351082
2024-01-20 17:53:00+00:00,545.1368935615469
2024-01-21 17:53:00+00:00,545.6651950706458
2024-01-22 17:53:00+00:00,536.5965759958822
2024-01-23 17:53:00+00:00,520.8805228125277
2024-01-24 17:53:00+00:00,528.1468667116417
2024-01-25 17:53:00+00:00,524.8145914539704
2024-01-26 17:53:00+00:00,532.8596711553245
2024-01-27 17:53:00+00:00,532.9557723368528
2024-01-28 17:53:00+00:00,533.2886960557818
2024-01-29 17:53:00+00:00,536.8407662097691
2024-01-30 17:53:00+00:00,538.162339156266
2024-01-31 17:53:00+00:00,539.1662612741875
2024-02-01 17:53:00+00:00,527.9308099865896
2024-02-02 17:53:00+00:00,527.822897262092
2024-02-03 17:53:00+00:00,529.039162560343
2024-02-04 17:53:00+00:00,528.6428641059389
2024-02-05 17:53:00+00:00,531.7370930613748
2024-02-06 17:53:00+00:00,534.8420506246199
2024-02-07 17:53:00+00:00,536.0494078975016
2024-02-08 17:53:00+00:00,535.8374926512734
2024-02-09 17:53:00+00:00,540.0938489375197
2024-02-10 17:53:00+00:00,540.34734561908
2024-02-11 17:53:00+00:00,542.7568035359619
2024-02-12 17:53:00+00:00,546.6613648704654
2024-02-13 17:53:00+00:00,544.6110888664024
2024-02-14 17:53:00+00:00,551.7869832852691
2024-02-15 17:53:00+00:00,554.7324736615741
2024-02-16 17:53:00+00:00,553.5487311308465
2024-02-17 17:53:00+00:00,552.540792914254
2024-02-18 17:53:00+00:00,558.1215364777761
2024-02-19 17:53:00+00:00,565.3915067542874
2024-02-20 17:53:00+00:00,567.9162774780575
2024-02-21 17:53:00+00:00,568.0385602356713
2024-02-22 17:53:00+00:00,578.572398585867
2024-02-23 17:53:00+00:00,577.5588156347212
2024-02-24 17:53:00+00:00,583.6474128546379
2024-02-25 17:53:00+00:00,586.4133717092056
2024-02-26 17:53:00+00:00,590.7016664946646
2024-02-27 17:53:00+00:00,592.9748119426778
2024-02-28 17:53:00+00:00,593.2260405639557
2024-02-29 17:53:00+00:00,591.3318813831276
2024-03-01 17:53:00+00:00,589.0148951687893
2024-03-02 17:53:00+00:00,590.2996259782801
2024-03-03 17:53:00+00:00,594.6260010529734
2024-03-04 17:53:00+00:00,601.674605019953
2024-03-05 17:53:00+00:00,603.8735677789163
2024-03-06 17:53:00+00:00,603.9497166144479
2024-03-07 17:53:00+00:00,611.2223596250659
2024-03-08 17:53:00+00:00,618.4457580436695
2024-03-09 17:53:00+00:00,616.7914662755398
2024-03-10 17:53:00+00:00,620.601509210642
2024-03-11 17:53:00+00:00,609.6049712782059
2024-03-12 17:53:00+00:00,598.65425808929
2024-03-13 17:53:00+00:00,601.1806018585223
2024-03-14 17:53:00+00:00,588.2190693070831
2024-03-15 17:53:00+00:00,581.2264918208692
2024-03-16 17:53:00+00:00,567.4247740913424
2024-03-17 17:53:00+00:00,570.7985455359891
2024-03-18 17:53:00+00:00,557.9680756460292
2024-03-19 17:53:00+00:00,548.0516392528685
2024-03-20 17:53:00+00:00,528.5238840222055
2024-03-21 17:53:00+00:00,532.0034067693346
2024-03-22 17:53:00+00:00,522.5849232673586
2024-03-23 17:53:00+00:00,527.7137723104437
2024-03-24 17:53:00+00:00,531.3304021346911
2024-03-25 17:53:00+00:00,535.7693834300804
2024-03-26 17:53:00+00:00,537.2941762536133
2024-03-27 17:53:00+00:00,532.5071697556704
2024-03-28 17:53:00+00:00,530.7582547026499
2024-03-29 17:53:00+00:00,526.660035961838
2024-03-30 17:53:00+00:00,533.6671300646369
2024-03-31 17:53:00+00:00,537.601067643226
2024-04-01 17:53:00+00:00,524.3307630648087
2024-04-02 17:53:00+00:00,516.5776641840372
2024-04-03 17:53:00+00:00,525.0128512590641
2024-04-04 17:53:00+00:00,529.6487747675951
2024-04-05 17:53:00+00:00,520.9017653354966
2024-04-06 17:53:00+00:00,521.1743658436466
2024-04-07 17:53:00+00:00,522.6287825675237
2024-04-08 17:53:00+00:00,526.278962592788
2024-04-09 17:53:00+00:00,514.9663275918117
2024-04-10 17:53:00+00:00,522.4333157905572
2024-04-11 17:53:00+00:00,522.4101369889379
2024-04-12 17:53:00+00:00,510.44715910336447
2024-04-13 17:53:00+00:00,507.71086726840775
2024-04-14 17:53:00+00:00,507.0762557095029
2024-04-15 17:53:00+00:00,502.14072944388533
2024-04-16 17:53:00+00:00,505.8886513265953
2024-04-17 17:53:00+00:00,504.23352002396814
2024-04-18 17:53:00+00:00,510.7457104646377
2024-04-19 17:53:00+00:00,509.8454886575046
2024-04-20 17:53:00+00:00,513.4188958698569
2024-04-21 17:53:00+00:00,513.9949492607005
2024-04-22 17:53:00+00:00,520.9188132145125
2024-04-23 17:53:00+00:00,522.33469197925
2024-04-24 17:53:00+00:00,516.9636108196592
2024-04-25 17:53:00+00:00,516.7369079455509
2024-04-26 17:53:00+00:00,516.7868226548696
2024-04-27 17:53:00+00:00,520.5652267511624
2024-04-28 17:53:00+00:00,522.4516002127672
2024-04-29 17:53:00+00:00,512.3805589299227
2024-04-30 17:53:00+00:00,495.1884637746665
2024-05-01 17:53:00+00:00,483.11006818780805
2024-05-02 17:53:00+00:00,490.68333270475716
2024-05-03 17:53:00+00:00,493.9767144377692
2024-05-04 17:53:00+00:00,494.423272526864
2024-05-05 17:53:00+00:00,497.6796939489188
2024-05-06 17:53:00+00:00,488.929860801765
2024-05-07 17:53:00+00:00,487.4696858714815
2024-05-08 17:53:00+00:00,482.6324754359696
2024-05-09 17:53:00+00:00,480.29956822362567
2024-05-10 17:53:00+00:00,469.7004678436087
2024-05-11 17:53:00+00:00,471.51606897383795
2024-05-12 17:53:00+00:00,473.123939309874
2024-05-13 17:53:00+00:00,475.2855965585467
2024-05-14 17:53:00+00:00,469.6729412411951
2024-05-15 17:53:00+00:00,479.90548581453197
2024-05-16 17:53:00+00:00,476.65167213244024
2024-05-17 17:53:00+00:00,484.0141181259304
2024-05-18 17:53:00+00:00,486.4977750070169
2024-05-19 17:53:00+00:00,484.1932139580538
2024-05-20 17:53:00+00:00,492.8256870307151
2024-05-21 17:53:00+00:00,505.9317254291301
2024-05-22 17:53:00+00:00,506.3191141928478
2024-05-23 17:53:00+00:00,514.7995666119674
2024-05-24 17:53:00+00:00,509.061423206722
2024-05-25 17:53:00+00:00,510.71492716302805
2024-05-26 17:53:00+00:00,512.1161892866411
2024-05-27 17:53:00+00:00,516.3264883412373
2024-05-28 17:53:00+00:00,509.84984660538805
2024-05-29 17:53:00+00:00,504.8567815710691
2024-05-30 17:53:00+00:00,509.1551379413958
2024-05-31 17:53:00+00:00,512.5283496313639
2024-06-01 17:53:00+00:00,514.8842047874903
2024-06-02 17:53:00+00:00,514.6506867100508
2024-06-03 17:53:00+00:00,514.8333786528634
2024-06-04 17:53:00+00:00,518.534867485295
2024-06-05 17:53:00+00:00,519.2909772666827
2024-06-06 17:53:00+00:00,519.3007541378187
2024-06-07 17:53:00+00:00,516.4651781227114
2024-06-08 17:53:00+00:00,510.2946572183176
2024-06-09 17:53:00+00:00,510.40858965056555
2024-06-10 17:53:00+00:00,512.0367983461429
2024-06-11 17:53:00+00:00,495.90361453520285
2024-06-12 17:53:00+00:00,502.831941617074
2024-06-13 17:53:00+00:00,491.3013665047017
2024-06-14 17:53:00+00:00,484.87470989398406
2024-06-15 17:53:00+00:00,496.62548994300073
2024-06-16 17:53:00+00:00,497.24745431117157
2024-06-17 17:53:00+00:00,494.0704910712252
2024-06-18 17:53:00+00:00,489.557167685364
2024-06-19 17:53:00+00:00,495.20608839004376
2024-06-20 17:53:00+00:00,496.09208205567137
2024-06-21 17:53:00+00:00,493.75351685092943
2024-06-22 17:53:00+00:00,494.5672306560442
2024-06-23 17:53:00+00:00,494.9661415312685
2024-06-24 17:53:00+00:00,489.9353617843717
2024-06-25 17:53:00+00:00,493.3444602235551
2024-06-26 17:53:00+00:00,492.86244709584065
2024-06-27 17:53:00+00:00,499.4139125329963
2024-06-28 17:53:00+00:00,496.4056298940036
2024-06-29 17:53:00+00:00,496.85298532282513
2024-06-30 17:53:00+00:00,497.163867682984
2024-07-01 17:53:00+00:00,497.8337072689146
2024-07-02 17:53:00+00:00,495.62195579898605
2024-07-03 17:53:00+00:00,486.1645074190929
2024-07-04 17:53:00+00:00,470.5413728813259
2024-07-05 17:53:00+00:00,462.3837430286923
2024-07-06 17:53:00+00:00,464.46455187230714
2024-07-07 17:53:00+00:00,461.2101164338772
2024-07-08 17:53:00+00:00,449.0880327315044
2024-07-09 17:53:00+00:00,452.6486142342369
2024-07-10 17:53:00+00:00,457.37838932270296
2024-07-11 17:53:00+00:00,459.9061020613958
2024-07-12 17:53:00+00:00,460.7080660102436
2024-07-13 17:53:00+00:00,461.71029643231986
2024-07-14 17:53:00+00:00,464.44219199175245
2024-07-15 17:53:00+00:00,466.84272878181747
2024-07-16 17:53:00+00:00,470.8883258443817
2024-07-17 17:53:00+00:00,470.41594765453806
2024-07-18 17:53:00+00:00,473.5586358801884
2024-07-19 17:53:00+00:00,479.01374841311645
2024-07-20 17:53:00+00:00,480.2694518919514
2024-07-21 17:53:00+00:00,476.33805322780427
2024-07-22 17:53:00+00:00,480.919051327595
2024-07-23 17:53:00+00:00,481.5559237220177
2024-07-24 17:53:00+00:00,481.4340662102543
2024-07-25 17:53:00+00:00,465.93259208389577
2024-07-26 17:53:00+00:00,467.6937620375811
2024-07-27 17:53:00+00:00,468.28363293874645
2024-07-28 17:53:00+00:00,473.9956223618347
2024-07-29 17:53:00+00:00,475.5013402104488
2024-07-30 17:53:00+00:00,477.29260090382814
2024-07-31 17:53:00+00:00,481.4909999265859
2024-08-01 17:53:00+00:00,468.68921353083306
2024-08-02 17:53:00+00:00,466.66850706795464
2024-08-03 17:53:00+00:00,458.13159262710997
2024-08-04 17:53:00+00:00,450.3246347024201
2024-08-05 17:53:00+00:00,431.33940571922494
2024-08-06 17:53:00+00:00,431.49850078701166
2024-08-07 17:53:00+00:00,426.12646078852197
2024-08-08 17:53:00+00:00,437.07100494603895
2024-08-09 17:53:00+00:00,431.7459609697389
2024-08-10 17:53:00+00:00,435.4079396673841
2024-08-11 17:53:00+00:00,434.6808113002992
2024-08-12 17:53:00+00:00,433.0415667975507
2024-08-13 17:53:00+00:00,428.99149304340847
2024-08-14 17:53:00+00:00,426.0873054996493
2024-08-15 17:53:00+00:00,422.2406524290784
2024-08-16 17:53:00+00:00,419.8180832893519
2024-08-17 17:53:00+00:00,421.4931135535499
2024-08-18 17:53:00+00:00,422.1614861145721
2024-08-19 17:53:00+00:00,419.504494490865
2024-08-20 17:53:00+00:00,416.2281400367361
2024-08-21 17:53:00+00:00,420.1393532188281
2024-08-22 17:53:00+00:00,418.87805817819617
2024-08-23 17:53:00+00:00,426.41010762002264
2024-08-24 17:53:00+00:00,429.8223765308655
2024-08-25 17:53:00+00:00,430.011034514734
2024-08-26 17:53:00+00:00,422.8183563692095
2024-08-27 17:53:00+00:00,416.65693509752384
2024-08-28 17:53:00+00:00,419.23726999456335
2024-08-29 17:53:00+00:00,425.02124601514305
2024-08-30 17:53:00+00:00,415.71747048279786
2024-08-31 17:53:00+00:00,415.70694602289313
2024-09-01 17:53:00+00:00,413.93588886391944
2024-09-02 17:53:00+00:00,408.8195411527241
2024-09-03 17:53:00+00:00,403.58933103539346
2024-09-04 17:53:00+00:00,402.79173404632905
2024-09-05 17:53:00+00:00,397.77157228189463
2024-09-06 17:53:00+00:00,385.6057952292161
2024-09-07 17:53:00+00:00,380.75579679878825
2024-09-08 17:53:00+00:00,384.2965522353986
2024-09-09 17:53:00+00:00,390.39617877002235
2024-09-10 17:53:00+00:00,391.7104610567092
2024-09-11 17:53:00+00:00,393.99813538465276
2024-09-12 17:53:00+00:00,395.322936580362
2024-09-13 17:53:00+00:00,399.6223790687798
2024-09-14 17:53:00+00:00,399.19278367231556
2024-09-15 17:53:00+00:00,396.27924786199253
2024-09-16 17:53:00+00:00,397.0918560642864
2024-09-17 17:53:00+00:00,398.3071092100248
2024-09-18 17:53:00+00:00,394.82870276466474
2024-09-19 17:53:00+00:00,402.5345023245915
2024-09-20 17:53:00+00:00,406.27630223835524
2024-09-21 17:53:00+00:00,408.6059876569945
2024-09-22 17:53:00+00:00,409.723514723049
2024-09-23 17:53:00+00:00,413.8127672399478
2024-09-24 17:53:00+00:00,414.7488340453689
2024-09-25 17:53:00+00:00,410.56396300456566
2024-09-26 17:53:00+00:00,418.4074386074298
2024-09-27 17:53:00+00:00,420.78633600140586
2024-09-28 17:53:00+00:00,420.0651749365329
2024-09-29 17:53:00+00:00,418.8312798463135
2024-09-30 17:53:00+00:00,413.41197768453014
2024-10-01 17:53:00+00:00,406.8290063577663
2024-10-02 17:53:00+00:00,400.98146154677556
2024-10-03 17:53:00+00:00,396.7928565779023
2024-10-04 17:53:00+00:00,402.4422438597958
2024-10-05 17:53:00+00:00,402.36597209480436
2024-10-06 17:53:00+00:00,404.020863155313
2024-10-07 17:53:00+00:00,406.19683398758025
2024-10-08 17:53:00+00:00,402.96400598541584
2024-10-09 17:53:00+00:00,402.3685796561748
2024-10-10 17:53:00+00:00,398.4971987792112
2024-10-11 17:53:00+00:00,403.13180373566667
2024-10-12 17:53:00+00:00,403.81399508030023
2024-10-13 17:53:00+00:00,403.3605666490515
2024-10-14 17:53:00+00:00,406.1592183537977
2024-10-15 17:53:00+00:00,399.13844661930887
2024-10-16 17:53:00+00:00,401.4045691287713
2024-10-17 17:53:00+00:00,401.3616795353595
2024-10-18 17:53:00+00:00,404.24563017154964
2024-10-19 17:53:00+00:00,403.99711737612233
2024-10-20 17:53:00+00:00,404.89011906694867
2024-10-21 17:53:00+00:00,401.86290456906596
2024-10-22 17:53:00+00:00,396.5645416871702
2024-10-23 17:53:00+00:00,387.57595023841986
2024-10-24 17:53:00+00:00,389.86726185174433
2024-10-25 17:53:00+00:00,391.91194156148606
2024-10-26 17:53:00+00:00,385.6012093676343
2024-10-27 17:53:00+00:00,386.4169374257535
2024-10-28 17:53:00+00:00,388.1059502227522
2024-10-29 17:53:00+00:00,392.1716263998277
2024-10-30 17:53:00+00:00,394.5451907039293
2024-10-31 17:53:00+00:00,385.3248149556084
2024-11-01 17:53:00+00:00,387.093296308768
2024-11-02 17:53:00+00:00,383.9001452960956
2024-11-03 17:53:00+00:00,381.43487546223434
2024-11-04 17:53:00+00:00,381.0446704808659
2024-11-05 17:53:00+00:00,375.2873072719439
2024-11-06 17:53:00+00:00,382.43383773637856
2024-11-07 17:53:00+00:00,388.09818868506113
2024-11-08 17:53:00+00:00,390.7435052395477
2024-11-09 17:53:00+00:00,393.326560590832
2024-11-10 17:53:00+00:00,399.4535786621385
2024-11-11 17:53:00+00:00,411.20404920757665
2024-11-12 17:53:00+00:00,411.94157191451325
2024-11-13 17:53:00+00:00,407.1094027262527
2024-11-14 17:53:00+00:00,391.5464640080433
2024-11-15 17:53:00+00:00,386.3822277229674
2024-11-16 17:53:00+00:00,395.7405598023896
2024-11-17 17:53:00+00:00,387.05742679907667
2024-11-18 17:53:00+00:00,391.42763980021306
2024-11-19 17:53:00+00:00,391.175507321288
2024-11-20 17:53:00+00:00,388.53567837786875
2024-11-21 17:53:00+00:00,390.6945065209779
2024-11-22 17:53:00+00:00,388.3984861748875
2024-11-23 17:53:00+00:00,395.4827322860475
2024-11-24 17:53:00+00:00,388.67086951936136
2024-11-25 17:53:00+00:00,393.14025984669394
2024-11-26 17:53:00+00:00,387.8223167480521
2024-11-27 17:53:00+00:00,392.4720425514697
2024-11-28 17:53:00+00:00,390.3120466236202
2024-11-29 17:53:00+00:00,392.6485025725898
2024-11-30 17:53:00+00:00,396.80364361408004
2024-12-01 17:53:00+00:00,398.29058644982194
2024-12-02 17:53:00+00:00,392.1347565502879
2024-12-03 17:53:00+00:00,389.22019067940914
2024-12-04 17:53:00+00:00,397.00996155961394
2024-12-05 17:53:00+00:00,401.7626707519779
2024-12-06 17:53:00+00:00,397.3960794737949
2024-12-07 17:53:00+00:00,396.7233570559686
2024-12-08 17:53:00+00:00,397.2206011819529
2024-12-09 17:53:00+00:00,386.1025785322964
2024-12-10 17:53:00+00:00,360.81362858836883
2024-12-11 17:53:00+00:00,366.8561910858303
2024-12-12 17:53:00+00:00,367.6303320185114
2024-12-13 17:53:00+00:00,370.6106100656108
2024-12-14 17:53:00+00:00,367.5569371873575
2024-12-15 17:53:00+00:00,370.7700897631335
2024-12-16 17:53:00+00:00,374.73080533793643
2024-12-17 17:53:00+00:00,373.7028355050593
2024-12-18 17:53:00+00:00,369.1056577474834
2024-12-19 17:53:00+00:00,353.90246638219145
2024-12-20 17:53:00+00:00,342.38209507555194
2024-12-21 17:53:00+00:00,337.4333896781461
2024-12-22 17:53:00+00:00,338.13673836420105
2024-12-23 17:53:00+00:00,340.7832287327002
2024-12-24 17:53:00+00:00,345.93568352058054
2024-12-25 17:53:00+00:00,347.2177237061992
2024-12-26 17:53:00+00:00,339.72995720899223
2024-12-27 17:53:00+00:00,339.63746268131274
2024-12-28 17:53:00+00:00,342.4758555692292
2024-12-29 17:53:00+00:00,342.82802992790243
2024-12-30 17:53:00+00:00,348.0051031978043
2024-12-31 17:53:00+00:00,348.24649340127417
2025-01-01 17:53:00+00:00,347.24122290190803
2025-01-02 17:53:00+00:00,352.4062377104695
2025-01-03 17:53:00+00:00,354.49940010526154
2025-01-04 17:53:00+00:00,356.0430187439379
2025-01-05 17:53:00+00:00,356.21314572924734
2025-01-06 17:53:00+00:00,357.3294616812446
2025-01-07 17:53:00+00:00,344.9963579340565
2025-01-08 17:53:00+00:00,334.34840454327923
2025-01-09 17:53:00+00:00,331.54350407147945
2025-01-10 17:53:00+00:00,330.9342083487178
2025-01-11 17:53:00+00:00,331.28244082327757
2025-01-12 17:53:00+00:00,334.8002560709045
2025-01-13 17:53:00+00:00,321.06810815923245
2025-01-14 17:53:00+00:00,325.0616099737492
2025-01-15 17:53:00+00:00,327.3995832143082
2025-01-16 17:53:00+00:00,320.68161903287705
2025-01-17 17:53:00+00:00,323.5065756956385
2025-01-18 17:53:00+00:00,319.00025858963045
2025-01-19 17:53:00+00:00,322.6730804604884
2025-01-20 17:53:00+00:00,308.9691695347846
2025-01-21 17:53:00+00:00,314.2458763998189
2025-01-22 17:53:00+00:00,312.4999251017631
2025-01-23 17:53:00+00:00,308.6518351234854
2025-01-24 17:53:00+00:00,313.2822352914881
2025-01-25 17:53:00+00:00,311.30024225657047
2025-01-26 17:53:00+00:00,311.2341492726912
2025-01-27 17:53:00+00:00,300.8720245320127
2025-01-28 17:53:00+00:00,304.32094547743054
2025-01-29 17:53:00+00:00,299.34665735937415
2025-01-30 17:53:00+00:00,304.8023366489305
2025-01-31 17:53:00+00:00,307.01710036483126
2025-02-01 17:53:00+00:00,300.3006837805333
2025-02-02 17:53:00+00:00,287.6394983880776
2025-02-03 17:53:00+00:00,302.6608937119184
2025-02-04 17:53:00+00:00,306.102556210719
2025-02-05 17:53:00+00:00,304.57887412891654
2025-02-06 17:53:00+00:00,301.90348224722527
2025-02-07 17:53:00+00:00,302.6900802980076
2025-02-08 17:53:00+00:00,301.5718019718795
2025-02-09 17:53:00+00:00,302.7438339558392
2025-02-10 17:53:00+00:00,300.9210729123304
2025-02-11 17:53:00+00:00,299.7333247645583
2025-02-12 17:53:00+00:00,302.2033349871911
2025-02-13 17:53:00+00:00,296.7683913490058
2025-02-14 17:53:00+00:00,300.9579006977434
2025-02-15 17:53:00+00:00,296.40339361542806
2025-02-16 17:53:00+00:00,296.91711507438674
2025-02-17 17:53:00+00:00,290.81397047867665
2025-02-18 17:53:00+00:00,282.1734021260976
2025-02-19 17:53:00+00:00,283.9508269985793
2025-02-20 17:53:00+00:00,285.3657765433979
2025-02-21 17:53:00+00:00,281.28807400861734
2025-02-22 17:53:00+00:00,285.0780796813745
2025-02-23 17:53:00+00:00,286.3235584813131
2025-02-24 17:53:00+00:00,278.5429584976447
2025-02-25 17:53:00+00:00,271.5289368306829
2025-02-26 17:53:00+00:00,264.39082106970955
2025-02-27 17:53:00+00:00,265.4869764259746
2025-02-28 17:53:00+00:00,258.07547196789415
2025-03-01 17:53:00+00:00,256.2844829920692
2025-03-02 17:53:00+00:00,266.4595279566356
2025-03-03 17:53:00+00:00,258.17028306514237
2025-03-04 17:53:00+00:00,249.4118406402853
2025-03-05 17:53:00+00:00,251.26283340344435
2025-03-06 17:53:00+00:00,250.51316710581045
2025-03-07 17:53:00+00:00,245.15665749372187
2025-03-08 17:53:00+00:00,244.306324472035
2025-03-09 17:53:00+00:00,234.3115420354917
2025-03-10 17:53:00+00:00,227.361758886698
2025-03-11 17:53:00+00:00,222.64261970461146
2025-03-12 17:53:00+00:00,217.56522176652774
2025-03-13 17:53:00+00:00,217.13416369641902
2025-03-14 17:53:00+00:00,222.51783435369023
2025-03-15 17:53:00+00:00,223.39010088061337
2025-03-16 17:53:00+00:00,222.78707531526598
2025-03-17 17:53:00+00:00,224.46432183527105
2025-03-18 17:53:00+00:00,222.35359279141667
2025-03-19 17:53:00+00:00,227.16365522040542
2025-03-20 17:53:00+00:00,224.7658798491438
2025-03-21 17:53:00+00:00,225.66232619123343
2025-03-22 17:53:00+00:00,226.5439750009475
2025-03-23 17:53:00+00:00,226.59227245323964
2025-03-24 17:53:00+00:00,228.70496487857145
2025-03-25 17:53:00+00:00,229.36550546314766
2025-03-26 17:53:00+00:00,224.80739099099247
2025-03-27 17:53:00+00:00,223.60906800271033
2025-03-28 17:53:00+00:00,216.76978374165816
2025-03-29 17:53:00+00:00,212.21406954724256
2025-03-30 17:53:00+00:00,211.66970168698208
2025-03-31 17:53:00+00:00,212.44237716743788
2025-04-01 17:53:00+00:00,214.9470682462481
2025-04-02 17:53:00+00:00,215.84166103705314
2025-04-03 17:53:00+00:00,207.83161605519444
2025-04-04 17:53:00+00:00,210.25539772660125
2025-04-05 17:53:00+00:00,209.43474210010962
2025-04-06 17:53:00+00:00,203.98927217049442
2025-04-07 17:53:00+00:00,193.18736399797493
2025-04-08 17:53:00+00:00,186.65147464187206
2025-04-09 17:53:00+00:00,189.4198528248461
2025-04-10 17:53:00+00:00,182.57965604387766
2025-04-11 17:53:00+00:00,186.42209790115626
2025-04-12 17:53:00+00:00,187.22359794371727
2025-04-13 17:53:00+00:00,183.86361727684155
2025-04-14 17:53:00+00:00,186.32331123419385
2025-04-15 17:53:00+00:00,184.1076004828614
2025-04-16 17:53:00+00:00,183.9936157677957
2025-04-17 17:53:00+00:00,188.10287571818097
2025-04-18 17:53:00+00:00,188.25087186301715
2025-04-19 17:53:00+00:00,188.8891393815418
2025-04-20 17:53:00+00:00,187.39374317722888
2025-04-21 17:53:00+00:00,187.08535539279458
2025-04-22 17:53:00+00:00,187.6574215054479
2025-04-23 17:53:00+00:00,192.42527769980885
2025-04-24 17:53:00+00:00,187.57941283153085
2025-04-25 17:53:00+00:00,190.3367225886001
2025-04-26 17:53:00+00:00,192.42433555800613
2025-04-27 17:53:00+00:00,191.9499031199329
2025-04-28 17:53:00+00:00,188.04942453615055
2025-04-29 17:53:00+00:00,190.95017915166684
2025-04-30 17:53:00+00:00,186.5878924851428
2025-05-01 17:53:00+00:00,187.1410007394102
2025-05-02 17:53:00+00:00,188.25996502910368
2025-05-03 17:53:00+00:00,187.20704859792338
2025-05-04 17:53:00+00:00,187.489517043332
2025-05-05 17:53:00+00:00,185.74078672535416
2025-05-06 17:53:00+00:00,183.72770196548504
2025-05-07 17:53:00+00:00,185.57241430998974
2025-05-08 17:53:00+00:00,189.42686045580484
2025-05-09 17:53:00+00:00,194.96221320384132
2025-05-10 17:53:00+00:00,200.34702232267503
2025-05-11 17:53:00+00:00,198.5649615011464
2025-05-12 17:53:00+00:00,196.35203671945825
2025-05-13 17:53:00+00:00,200.06220480052235
2025-05-14 17:53:00+00:00,196.97387191296679
2025-05-15 17:53:00+00:00,194.985534561179
2025-05-16 17:53:00+00:00,196.22533211199925
2025-05-17 17:53:00+00:00,193.2297384615993
2025-05-18 17:53:00+00:00,193.07843847206766
2025-05-19 17:53:00+00:00,185.89861498377493
2025-05-20 17:53:00+00:00,186.33619215772626
2025-05-21 17:53:00+00:00,185.1062167484657
2025-05-22 17:53:00+00:00,188.7152018214403
2025-05-23 17:53:00+00:00,186.9309026027999
2025-05-24 17:53:00+00:00,187.08951415462798
2025-05-25 17:53:00+00:00,184.93474355069358
2025-05-26 17:53:00+00:00,187.22618576575616
2025-05-27 17:53:00+00:00,191.29845159800277
2025-05-28 17:53:00+00:00,192.76485500036432
2025-05-29 17:53:00+00:00,189.5320458501666
2025-05-30 17:53:00+00:00,186.05929523072155
2025-05-31 17:53:00+00:00,185.6874609813009
2025-06-01 17:53:00+00:00,186.6783013201706
2025-06-02 17:53:00+00:00,188.72233909293558
2025-06-03 17:53:00+00:00,189.6600895283119
2025-06-04 17:53:00+00:00,191.06490892702234
2025-06-05 17:53:00+00:00,188.4209614637237
2025-06-06 17:53:00+00:00,185.21612449047674
2025-06-07 17:53:00+00:00,186.68119073262588
2025-06-08 17:53:00+00:00,186.93897787465897
2025-06-09 17:53:00+00:00,188.45095216252818
2025-06-10 17:53:00+00:00,190.17157494334674
2025-06-11 17:53:00+00:00,193.2139026838532
2025-06-12 17:53:00+00:00,189.8079197840787
2025-06-13 17:53:00+00:00,183.70509674395498
2025-06-14 17:53:00+00:00,183.94793184228416
2025-06-15 17:53:00+00:00,185.94899995464243
2025-06-16 17:53:00+00:00,187.1918432284125
2025-06-17 17:53:00+00:00,180.25923583323862
2025-06-18 17:53:00+00:00,181.61933185345094
2025-06-19 17:53:00+00:00,183.09396506991084
2025-06-20 17:53:00+00:00,179.65482530320853
2025-06-21 17:53:00+00:00,181.24607882745173
2025-06-22 17:53:00+00:00,173.1281833719152
2025-06-23 17:53:00+00:00,175.28929667255275
2025-06-24 17:53:00+00:00,179.8876978203365
2025-06-25 17:53:00+00:00,179.2764870056655
2025-06-26 17:53:00+00:00,179.20665605698795
2025-06-27 17:53:00+00:00,178.3276908501885
2025-06-28 17:53:00+00:00,180.1679820588946
2025-06-29 17:53:00+00:00,179.26794881976338
2025-06-30 17:53:00+00:00,180.76049587753567
2025-07-01 17:53:00+00:00,179.16519527558347
2025-07-02 17:53:00+00:00,178.05575316499267
2025-07-03 17:53:00+00:00,178.77919653394122
2025-07-04 17:53:00+00:00,175.1874811056364
2025-07-05 17:53:00+00:00,175.18834528310913
2025-07-06 17:53:00+00:00,175.5861466564852
2025-07-07 17:53:00+00:00,175.12364463976692
2025-07-08 17:53:00+00:00,177.7261817120949
2025-07-09 17:53:00+00:00,178.1780736153361
2025-07-10 17:53:00+00:00,180.0840227749813
2025-07-11 17:53:00+00:00,182.30339296993972
2025-07-12 17:53:00+00:00,180.32211303052816
2025-07-13 17:53:00+00:00,182.360502207078
2025-07-14 17:53:00+00:00,183.50019280189088
2025-07-15 17:53:00+00:00,186.6535896131039
2025-07-16 17:53:00+00:00,188.3972380128317
2025-07-17 17:53:00+00:00,189.7893916138396
2025-07-18 17:53:00+00:00,193.3097890795828
2025-07-19 17:53:00+00:00,191.75515381106595
2025-07-20 17:53:00+00:00,195.1799884587769
2025-07-21 17:53:00+00:00,197.3944820792001
2025-07-22 17:53:00+00:00,195.48701436869837
2025-07-23 17:53:00+00:00,191.79783568752825
2025-07-24 17:53:00+00:00,195.49781932206355
2025-07-25 17:53:00+00:00,195.43859076956284
2025-07-26 17:53:00+00:00,198.42899926082896
2025-07-27 17:53:00+00:00,200.29979916165215
2025-07-28 17:53:00+00:00,198.3748818044171
2025-07-29 17:53:00+00:00,196.41661295927435
2025-07-30 17:53:00+00:00,197.4665459568993
2025-07-31 17:53:00+00:00,197.73572276218317
2025-08-01 17:53:00+00:00,191.80114764984376
2025-08-02 17:53:00+00:00,187.81624813221015
2025-08-03 17:53:00+00:00,187.87719923074843
2025-08-04 17:53:00+00:00,188.96522299592567
2025-08-05 17:53:00+00:00,186.9361890397292
2025-08-06 17:53:00+00:00,189.27820134412661
2025-08-07 17:53:00+00:00,190.84101995522232
2025-08-08 17:53:00+00:00,192.36956066609005
2025-08-09 17:53:00+00:00,193.5982448835359
2025-08-10 17:53:00+00:00,193.0528471880197
2025-08-11 17:53:00+00:00,196.54420372166777
2025-08-12 17:53:00+00:00,199.83389604270874
2025-08-13 17:53:00+00:00,201.8109761948123
2025-08-14 17:53:00+00:00,197.41740655816747
2025-08-15 17:53:00+00:00,196.3688707471608
2025-08-16 17:53:00+00:00,196.72293215853134
2025-08-17 17:53:00+00:00,198.84326406371343
2025-08-18 17:53:00+00:00,196.71481247219117
2025-08-19 17:53:00+00:00,192.25984440853966
2025-08-20 17:53:00+00:00,195.7028303424334
2025-08-21 17:53:00+00:00,195.48199791926226
2025-08-22 17:53:00+00:00,201.78899870028084
2025-08-23 17:53:00+00:00,200.76407242481724
2025-08-24 17:53:00+00:00,203.71519575585847
2025-08-25 17:53:00+00:00,197.1787389934027
2025-08-26 17:53:00+00:00,196.4417997756844
2025-08-27 17:53:00+00:00,198.5524744848413
2025-08-28 17:53:00+00:00,197.44924112371348
2025-08-29 17:53:00+00:00,194.80120782994703
2025-08-30 17:53:00+00:00,195.31364427389917
2025-08-31 17:53:00+00:00,197.14232483483437
2025-09-01 17:53:00+00:00,195.77072422812216
2025-09-02 17:53:00+00:00,195.5481743183737
2025-09-03 17:53:00+00:00,197.0733050874752
2025-09-04 17:53:00+00:00,194.48990657613254
2025-09-05 17:53:00+00:00,194.85991130912936
2025-09-06 17:53:00+00:00,193.74645821663117
2025-09-07 17:53:00+00:00,193.81051675641515
2025-09-08 17:53:00+00:00,194.1931653651482
2025-09-09 17:53:00+00:00,194.38982358551624
2025-09-10 17:53:00+00:00,195.34130179051272
2025-09-11 17:53:00+00:00,198.52472349299308
2025-09-12 17:53:00+00:00,199.26991357296498
2025-09-13 17:53:00+00:00,198.4149744571253
2025-09-14 17:53:00+00:00,197.83148064744233
2025-09-15 17:53:00+00:00,195.12703390037436
2025-09-16 17:53:00+00:00,195.4775806137765
2025-09-17 17:53:00+00:00,196.60720953939312
2025-09-18 17:53:00+00:00,198.32349154707066
2025-09-19 17:53:00+00:00,195.81373071669958
2025-09-20 17:53:00+00:00,196.5315615537313
2025-09-21 17:53:00+00:00,196.57167325941847
2025-09-22 17:53:00+00:00,190.4113161291005
2025-09-23 17:53:00+00:00,189.8788152273675
2025-09-24 17:53:00+00:00,190.85019049866065
2025-09-25 17:53:00+00:00,180.75411972448433
2025-09-26 17:53:00+00:00,184.88148102385776
2025-09-27 17:53:00+00:00,184.58835890406425
2025-09-28 17:53:00+00:00,185.59420291664736
2025-09-29 17:53:00+00:00,186.1745027807558
2025-09-30 17:53:00+00:00,185.32502959395958
2025-10-01 17:53:00+00:00,188.26047774088292
2025-10-02 17:53:00+00:00,189.9613350270578
2025-10-03 17:53:00+00:00,190.13914895254527
2025-10-04 17:53:00+00:00,190.01052859426704
2025-10-05 17:53:00+00:00,192.44132838674827
2025-10-06 17:53:00+00:00,194.33686876779328
2025-10-07 17:53:00+00:00,190.0530550198923
2025-10-08 17:53:00+00:00,192.50023665731086
2025-10-09 17:53:00+00:00,188.27375333115103
2025-10-10 17:53:00+00:00,184.17120312985963
2025-10-11 17:53:00+00:00,194.2876707997367
2025-10-12 17:53:00+00:00,193.17419216137372
2025-10-13 17:53:00+00:00,197.6638438510243
2025-10-14 17:53:00+00:00,195.74077558411452
2025-10-15 17:53:00+00:00,192.7623340609609
2025-10-16 17:53:00+00:00,193.736522263888
2025-10-17 17:53:00+00:00,189.33812548223278
2025-10-18 17:53:00+00:00,190.81713861766414
2025-10-19 17:53:00+00:00,192.83585927198877
2025-10-20 17:53:00+00:00,192.31800003491162
2025-10-21 17:53:00+00:00,190.73714558178662
2025-10-22 17:53:00+00:00,186.82706211860307
2025-10-23 17:53:00+00:00,189.6216107581143
2025-10-24 17:53:00+00:00,189.61333964000178
2025-10-25 17:53:00+00:00,190.90116973482836
2025-10-26 17:53:00+00:00,192.46448008587055
2025-10-27 17:53:00+00:00,194.21552940680812
2025-10-28 17:53:00+00:00,191.9266463980789
2025-10-29 17:53:00+00:00,190.77969550611186
2025-10-30 17:53:00+00:00,186.55570650872696
2025-10-31 17:53:00+00:00,187.90923823401872
2025-11-01 17:53:00+00:00,189.20860489576563
2025-11-02 17:53:00+00:00,189.081658463814
2025-11-03 17:53:00+00:00,186.3133345106197
2025-11-04 17:53:00+00:00,180.37469551452048
2025-11-05 17:53:00+00:00,176.20040562587954
2025-11-06 17:53:00+00:00,174.00496455393463
2025-11-07 17:53:00+00:00,173.08891986370958
2025-11-08 17:53:00+00:00,173.23681208356066
2025-11-09 17:53:00+00:00,175.09112549715573
2025-11-10 17:53:00+00:00,175.44299100473933
2025-11-11 17:53:00+00:00,173.38742532309155
2025-11-12 17:53:00+00:00,170.169683517269
2025-11-13 17:53:00+00:00,166.2154475154887
2025-11-14 17:53:00+00:00,163.18419610441882
2025-11-15 17:53:00+00:00,164.2774378987098
2025-11-16 17:53:00+00:00,160.7857233913731
2025-11-17 17:53:00+00:00,161.8140920745512
2025-11-18 17:53:00+00:00,164.79915019844768
2025-11-19 17:53:00+00:00,159.99096560252949
2025-11-20 17:53:00+00:00,158.4979682797632
2025-11-21 17:53:00+00:00,160.82821384316696
2025-11-22 17:53:00+00:00,163.0827910500541
2025-11-23 17:53:00+00:00,164.28968962132063
2025-11-24 17:53:00+00:00,167.91680383476242
2025-11-25 17:53:00+00:00,169.1055202400329
2025-11-26 17:53:00+00:00,171.3892902875581
2025-11-27 17:53:00+00:00,171.60524366655085
2025-11-28 17:53:00+00:00,173.11699269815068
2025-11-29 17:53:00+00:00,171.15103990386245
2025-11-30 17:53:00+00:00,173.379743055056
2025-12-01 17:53:00+00:00,165.33401117540555
2025-12-02 17:53:00+00:00,167.24651845714445
2025-12-03 17:53:00+00:00,169.21946149431798
2025-12-04 17:53:00+00:00,170.60235737294238
2025-12-05 17:53:00+00:00,167.5316413766615
2025-12-06 17:53:00+00:00,169.30912012274052
2025-12-07 17:53:00+00:00,170.41569861520736
2025-12-08 17:53:00+00:00,171.61883841527438
2025-12-09 17:53:00+00:00,174.14850137068672
2025-12-10 17:53:00+00:00,176.09149982779775
2025-12-11 17:53:00+00:00,172.39874945194543
2025-12-12 17:53:00+00:00,170.87209620187153
2025-12-13 17:53:00+00:00,171.54385674661083
2025-12-14 17:53:00+00:00,171.54768766299307
2025-12-15 17:53:00+00:00,168.55807488835558
2025-12-16 17:53:00+00:00,167.97719004574964
2025-12-17 17:53:00+00:00,166.62918826867823
2025-12-18 17:53:00+00:00,164.65041440233793
2025-12-19 17:53:00+00:00,167.14200241416364
2025-12-20 17:53:00+00:00,167.76519623067855
2025-12-21 17:53:00+00:00,168.92459878859012
2025-12-22 17:53:00+00:00,170.30515873522754
2025-12-23 17:53:00+00:00,166.53379288117802
2025-12-24 17:53:00+00:00,167.07092779609545
2025-12-25 17:53:00+00:00,167.88453272239775
2025-12-26 17:53:00+00:00,168.34230174944392
2025-12-27 17:53:00+00:00,168.67743458855696
2025-12-28 17:53:00+00:00,169.2272318657252
2025-12-29 17:53:00+00:00,168.16190532271702
2025-12-30 17:53:00+00:00,169.38552550733164
2025-12-31 17:53:00+00:00,170.7326010784683
2026-01-01 17:53:00+00:00,171.0079517212819
2026-01-02 17:53:00+00:00,172.39620746434147
2026-01-03 17:53:00+00:00,172.44030168515025
2026-01-04 17:53:00+00:00,172.73248626089423
2026-01-05 17:53:00+00:00,174.15356854869813
2026-01-06 17:53:00+00:00,174.41707522820298
2026-01-07 17:53:00+00:00,173.58060218041533
2026-01-08 17:53:00+00:00,172.92762217770783
2026-01-09 17:53:00+00:00,174.16998190161718
2026-01-10 17:53:00+00:00,174.0467981619268
2026-01-11 17:53:00+00:00,174.69488433474
2026-01-12 17:53:00+00:00,175.97643490944887
2026-01-13 17:53:00+00:00,176.94586011325
2026-01-14 17:53:00+00:00,178.5626650983536
2026-01-15 17:53:00+00:00,180.0292737955932
2026-01-16 17:53:00+00:00,179.11309106746123
2026-01-17 17:53:00+00:00,180.46840277203992
2026-01-18 17:53:00+00:00,180.61420368234545
2026-01-19 17:53:00+00:00,176.58451357915834
2026-01-20 17:53:00+00:00,171.54212670945662
2026-01-21 17:53:00+00:00,167.14707795764383
2026-01-22 17:53:00+00:00,166.5852915800723
2026-01-23 17:53:00+00:00,167.78871130502233
2026-01-24 17:53:00+00:00,167.56750285493484
2026-01-25 17:53:00+00:00,165.03043560561582
2026-01-26 17:53:00+00:00,165.9342743136948
2026-01-27 17:53:00+00:00,165.9801193661503
2026-01-28 17:53:00+00:00,168.42694241075534
2026-01-29 17:53:00+00:00,164.29731415448225
2026-01-30 17:53:00+00:00,161.71419544239473
2026-01-31 17:53:00+00:00,153.26245876561634
2026-02-01 17:53:00+00:00,146.5924475384187
2026-02-02 17:53:00+00:00,147.34969802038108
2026-02-03 17:53:00+00:00,142.614228138184
2026-02-04 17:53:00+00:00,137.33477834136588
2026-02-05 17:53:00+00:00,131.57867593379257
2026-02-06 17:53:00+00:00,129.38660700131734
2026-02-07 17:53:00+00:00,133.76453810214
2026-02-08 17:53:00+00:00,134.55169875012183
2026-02-09 17:53:00+00:00,134.285265925182
2026-02-10 17:53:00+00:00,132.78013266787516
2026-02-11 17:53:00+00:00,128.71607942181163
2026-02-12 17:53:00+00:00,128.64082639776558
2026-02-13 17:53:00+00:00,132.2716884568506
2026-02-14 17:53:00+00:00,132.48081414274748
2026-02-15 17:53:00+00:00,130.0193560968405
2026-02-16 17:53:00+00:00,131.0216804133687
2026-02-17 17:53:00+00:00,130.187135491088
2026-02-18 17:53:00+00:00,131.9066787742417
2026-02-19 17:53:00+00:00,129.12972338133977
2026-02-20 17:53:00+00:00,132.90203023525282
2026-02-21 17:53:00+00:00,133.2872523932672
2026-02-22 17:53:00+00:00,132.19150403342093
2026-02-23 17:53:00+00:00,129.09190491197324
2026-02-24 17:53:00+00:00,128.83166692598806
2026-02-25 17:53:00+00:00,130.39751800869672
2026-02-26 17:53:00+00:00,127.15879696983761
2026-02-27 17:53:00+00:00,125.0970213520754
2026-02-28 17:53:00+00:00,124.08890189624404
2026-03-01 17:53:00+00:00,125.51843162787378
2026-03-02 17:53:00+00:00,126.23404450373256
2026-03-03 17:53:00+00:00,124.97326780166473
2026-03-04 17:53:00+00:00,127.64538340747788
2026-03-05 17:53:00+00:00,124.75820306667163
2026-03-06 17:53:00+00:00,122.322443080701
2026-03-07 17:53:00+00:00,122.96579041213081
2026-03-08 17:53:00+00:00,121.78729800959698
2026-03-09 17:53:00+00:00,124.40024439139556
2026-03-10 17:53:00+00:00,126.43290239362932
2026-03-11 17:53:00+00:00,127.80138173000186
2026-03-12 17:53:00+00:00,128.86931176368176
2026-03-13 17:53:00+00:00,127.34921838563874
2026-03-14 17:53:00+00:00,127.28351567161627
2026-03-15 17:53:00+00:00,128.01494170310937
2026-03-16 17:53:00+00:00,129.63020069708557
2026-03-17 17:53:00+00:00,129.90620575776978
2026-03-18 17:53:00+00:00,126.05387953583462
2026-03-19 17:53:00+00:00,123.7220190501224
2026-03-20 17:53:00+00:00,124.5519358916216
2026-03-21 17:53:00+00:00,125.45276229426082
2026-03-22 17:53:00+00:00,122.55926898353292
2026-03-23 17:53:00+00:00,124.27126446699648
2026-03-24 17:53:00+00:00,122.74087109458367
2026-03-25 17:53:00+00:00,125.245703640853
2026-03-26 17:53:00+00:00,122.25758705284015
2026-03-27 17:53:00+00:00,119.60607433795946
2026-03-28 17:53:00+00:00,120.24844062684359
2026-03-29 17:53:00+00:00,119.97794054124228
2026-03-30 17:53:00+00:00,120.99160837814739
2026-03-31 17:53:00+00:00,123.2040638309233
2026-04-01 17:53:00+00:00,124.15592365100443
2026-04-02 17:53:00+00:00,122.15113050869377
2026-04-03 17:53:00+00:00,122.15316392855226
2026-04-04 17:53:00+00:00,122.22041871646888
2026-04-05 17:53:00+00:00,122.79652089794638
2026-04-06 17:53:00+00:00,123.75013384465387
2026-04-07 17:53:00+00:00,122.65356268162569
2026-04-08 17:53:00+00:00,124.86845954825031
2026-04-09 17:53:00+00:00,124.46193730829029
2026-04-10 17:53:00+00:00,125.39210951025441
2026-04-11 17:53:00+00:00,125.22475192807606
2026-04-12 17:53:00+00:00,122.6035301661977
2026-04-13 17:53:00+00:00,123.23158153465373
2026-04-14 17:53:00+00:00,122.72150491040907
2026-04-15 17:53:00+00:00,123.19292292511955
2026-04-16 17:53:00+00:00,121.18511348235947
2026-04-17 17:53:00+00:00,122.72528693660098
2026-04-18 17:53:00+00:00,121.00593252185124
2026-04-19 17:53:00+00:00,119.81740374829963
2026-04-20 17:53:00+00:00,120.34761529144569
2026-04-21 17:53:00+00:00,121.38651662550487
2026-04-22 17:53:00+00:00,122.58959412101922
2026-04-23 17:53:00+00:00,119.70915609298626
2026-04-24 17:53:00+00:00,119.76405345560272
2026-04-25 17:53:00+00:00,119.69789023723666
2026-04-26 17:53:00+00:00,119.95999708142061
2026-04-27 17:53:00+00:00,117.4618658147184
2026-04-28 17:53:00+00:00,117.63995022062733
2026-04-29 17:53:00+00:00,117.46993829061104
2026-04-30 17:53:00+00:00,117.01930355406765
2026-05-01 17:53:00+00:00,118.81744236096051
2026-05-02 17:53:00+00:00,118.94051929106125
2026-05-03 17:53:00+00:00,119.44713573640968
2026-05-04 17:53:00+00:00,121.13995081484806
2026-05-05 17:53:00+00:00,121.09492212640617
2026-05-06 17:53:00+00:00,120.38128152632109
2026-05-07 17:53:00+00:00,118.61993408526426
2026-05-08 17:53:00+00:00,119.01310122936006
2026-05-09 17:53:00+00:00,119.0514075531367
2026-05-10 17:53:00+00:00,119.27428071918135
2026-05-11 17:53:00+00:00,119.84725090250018
2026-05-12 17:53:00+00:00,117.9760137133373
2026-05-13 17:53:00+00:00,116.9219593502328
2026-05-14 17:53:00+00:00,117.20465898546587
2026-05-15 17:53:00+00:00,115.44136176721105
2026-05-16 17:53:00+00:00,114.531119869929
2026-05-17 17:53:00+00:00,114.61200408356376
2026-05-18 17:53:00+00:00,112.63023305477503
2026-05-19 17:53:00+00:00,111.96151951754436
2026-05-20 17:53:00+00:00,112.45874098453439
2026-05-21 17:53:00+00:00,113.1461459630099
2026-05-22 17:53:00+00:00,112.94303912724908
2026-05-23 17:53:00+00:00,110.96050668591639
2026-05-24 17:53:00+00:00,110.7838894303041
2026-05-25 17:53:00+00:00,111.80195400304747
2026-05-26 17:53:00+00:00,111.3840861565786
2026-05-27 17:53:00+00:00,110.82526678883974
2026-05-28 17:53:00+00:00,110.50142627977581
2026-05-29 17:53:00+00:00,111.13757032843056
2026-05-30 17:53:00+00:00,111.20658223566431
2026-05-31 17:53:00+00:00,110.84174948869574
2026-06-01 17:53:00+00:00,110.10843073698793
2026-06-02 17:53:00+00:00,107.97824075094671
2026-06-03 17:53:00+00:00,104.91035988174164
2026-06-04 17:53:00+00:00,101.92819865104613
2026-06-05 17:53:00+00:00,98.84234516990202
2026-06-06 17:53:00+00:00,97.87971525930092
2026-06-07 17:53:00+00:00,99.53425054678299
2026-06-08 17:53:00+00:00,101.47675426852517
2026-06-09 17:53:00+00:00,99.51316318771535
2026-06-10 17:53:00+00:00,99.94474843671205
2026-06-11 17:53:00+00:00,101.47383564106732
2026-06-12 17:53:00+00:00,101.61240772873457
2026-06-13 17:53:00+00:00,101.72231443739645
2026-06-14 17:53:00+00:00,101.84661440428766
2026-06-15 17:53:00+00:00,102.93033456117566
2026-06-16 17:53:00+00:00,103.30502186636838
2026-06-17 17:53:00+00:00,103.02435857459594
2026-06-18 17:53:00+00:00,99.67244050453323
2026-06-19 17:53:00+00:00,100.42611269431238
2026-06-20 17:53:00+00:00,101.88867373117303
2026-06-21 17:53:00+00:00,101.9134761538832
2026-06-22 17:53:00+00:00,102.2193361218898
2026-06-23 17:53:00+00:00,100.12694571139497
2026-06-24 17:53:00+00:00,98.45057758722143
2026-06-25 17:53:00+00:00,98.59049136033407
2026-06-26 17:53:00+00:00,99.95354864210185
2026-06-27 17:53:00+00:00,100.1193917100631
2026-06-28 17:53:00+00:00,99.95761895646373
2026-06-29 17:53:00+00:00,101.50456354379546
2026-06-30 17:53:00+00:00,100.12860111963184
2026-07-01 17:53:00+00:00,102.29381012167377
2026-07-02 17:53:00+00:00,103.35358415857297
2026-07-03 17:53:00+00:00,103.94340312868331
2026-07-04 17:53:00+00:00,104.3323718044007
2026-07-05 17:53:00+00:00,104.65990040795033
2026-07-06 17:53:00+00:00,105.5314780615281
2026-07-07 17:53:00+00:00,106.07276551424067
2026-07-08 17:53:00+00:00,103.43437534813644
2026-07-09 17:53:00+00:00,103.8434351888402
2026-07-10 17:53:00+00:00,104.06351350268382
2026-07-11 17:53:00+00:00,104.33529674453304
2026-07-12 17:53:00+00:00,104.81593290018544
2026-07-13 17:53:00+00:00,103.17457418728424
2026-07-14 17:53:00+00:00,105.87478636647953
2026-07-15 17:53:00+00:00,106.58993800898594
2026-07-16 17:53:00+00:00,105.56915718882131
2026-07-17 17:53:00+00:00,104.20778921224755
2026-07-18 17:53:00+00:00,104.23146901943882
2026-07-19 17:53:00+00:00,104.2748180609849
2026-07-20 17:53:00+00:00,105.28900802493716
2026-07-21 17:53:00+00:00,105.39104070990882
2026-07-22 17:53:00+00:00,105.91903259321396
2026-07-23 17:53:00+00:00,104.53793804889548
2026-07-24 17:53:00+00:00,103.43913135268842
2026-07-25 17:53:00+00:00,103.46117797704294
2026-07-26 17:53:00+00:00,103.54734170245086
2026-07-27 17:53:00+00:00,103.97686703953539
2026-07-28 17:53:00+00:00,101.94920827114638
2026-07-29 17:53:00+00:00,102.98377553209791
2026-07-30 17:53:00+00:00,104.07534609174182
2026-07-31 17:53:00+00:00,103.17273067767007
