phase,sl,ref,tp,hold_h,score,seconds,param_initial_pct,param_dca_level_weights,param_sub_order_weights,param_dca_depths,param_take_profit_pct,param_fee_rate,param_capital,param_reentry_delay_bars,param_stop_loss_pct,param_stop_loss_ref,param_max_hold_bars,equity_final,total_return_pct,buy_hold_return_pct,num_cycles,win_rate,avg_pnl_pct,max_drawdown_pct,profit_factor,total_fees,avg_hold_bars,median_hold_bars,max_hold_bars_seen,tp_exits,sl_exits,time_exits
sl_full,0.0,p0,0.012,0.0,39.61810667062852,5.590309143066406,0.05,"[8, 4, 2, 1]","[2, 3, 4]","[0.02, 0.08, 0.2, 0.4]",0.012,0.001,10000.0,0,0.0,p0,0,17179.653688188588,71.79653688188587,152.72041464275054,481,99.7920997920998,0.8752285777670719,79.9378206771385,1.3037284037008645,6269.7682243098,6099.058212058212,78.0,1944007.0,480,0,0
sl_full,0.08,p0,0.012,0.0,-296.91616982517314,8.466723680496216,0.05,"[8, 4, 2, 1]","[2, 3, 4]","[0.02, 0.08, 0.2, 0.4]",0.012,0.001,10000.0,0,0.08,p0,0,308.3830174826886,-96.91616982517311,152.72041464275054,7015,93.74198146828225,0.5997350477337796,97.8560624864413,0.8958264373766079,20175.569728156217,418.19629365645045,75.0,18300.0,6576,438,0
sl_full,0.1,p0,0.012,0.0,-121.53832954326698,8.154301881790161,0.05,"[8, 4, 2, 1]","[2, 3, 4]","[0.02, 0.08, 0.2, 0.4]",0.012,0.001,10000.0,0,0.1,p0,0,1480.696176152394,-85.19303823847606,152.72041464275054,6004,95.50299800133244,0.6196392174873933,90.82251031005637,0.9253358205466763,24244.370400319993,488.61542305129916,76.0,25983.0,5734,269,0
sl_full,0.12,p0,0.012,0.0,-124.64495183454244,8.17154860496521,0.05,"[8, 4, 2, 1]","[2, 3, 4]","[0.02, 0.08, 0.2, 0.4]",0.012,0.001,10000.0,0,0.12,p0,0,1226.7168190379755,-87.73283180962025,152.72041464275054,5304,96.36123680241327,0.6190448674343404,92.23420832336629,0.9053308431874552,18782.615584759766,553.1008672699849,72.5,48938.0,5111,192,0
sl_full,0.15,p0,0.012,0.0,-86.30737962653934,7.883807897567749,0.05,"[8, 4, 2, 1]","[2, 3, 4]","[0.02, 0.08, 0.2, 0.4]",0.012,0.001,10000.0,0,0.15,p0,0,4716.475617690201,-52.83524382309799,152.72041464275054,4313,97.40319962902852,0.6644115641164119,83.62365724954165,0.9617236274057656,28943.825923542143,680.1871087410155,75.0,57342.0,4201,111,0
sl_full,0.18,p0,0.012,0.0,-98.23021200183256,7.702721834182739,0.05,"[8, 4, 2, 1]","[2, 3, 4]","[0.02, 0.08, 0.2, 0.4]",0.012,0.001,10000.0,0,0.18,p0,0,3613.557144428438,-63.86442855571563,152.72041464275054,3929,97.88750318147112,0.6629869015101246,85.85223652739892,0.9442530562973553,23223.39856969343,746.6650547213031,74.0,76029.0,3846,82,0
sl_full,0.2,p0,0.012,0.0,-97.69854887448922,7.554213285446167,0.05,"[8, 4, 2, 1]","[2, 3, 4]","[0.02, 0.08, 0.2, 0.4]",0.012,0.001,10000.0,0,0.2,p0,0,3564.219940597629,-64.35780059402371,152.72041464275054,3671,98.1476436938164,0.6844850641981305,83.28527560899997,0.9368313331460519,20407.382696533925,799.141105965677,72.0,82586.0,3603,67,0
sl_full,0.25,p0,0.012,0.0,-84.6533825192095,7.587089538574219,0.05,"[8, 4, 2, 1]","[2, 3, 4]","[0.02, 0.08, 0.2, 0.4]",0.012,0.001,10000.0,0,0.25,p0,0,4965.889651889281,-50.34110348110718,152.72041464275054,3133,98.6275135652729,0.6970685776155516,85.70266676750815,0.9515715316052779,20815.694888000748,936.3699329715927,74.0,174845.0,3090,42,0
sl_full,0.3,p0,0.012,0.0,-17.543278854937725,7.2765953540802,0.05,"[8, 4, 2, 1]","[2, 3, 4]","[0.02, 0.08, 0.2, 0.4]",0.012,0.001,10000.0,0,0.3,p0,0,11208.183830874994,12.081838308749937,152.72041464275054,2373,98.98862199747155,0.7329288156765286,73.95977117161556,1.0100181434835935,25369.211439116032,1236.260851243152,85.0,295410.0,2349,23,0
sl_full,0.4,p0,0.012,0.0,2.272590798477466,6.98958420753479,0.05,"[8, 4, 2, 1]","[2, 3, 4]","[0.02, 0.08, 0.2, 0.4]",0.012,0.001,10000.0,0,0.4,p0,0,13178.912046472073,31.78912046472073,152.72041464275054,1821,99.34102141680395,0.7656322884745891,73.65707343340974,1.0314456567750512,21498.51834637064,1611.0087863811093,97.0,295410.0,1809,11,0
sl_full,0.0,wap,0.012,0.0,39.61810667062852,5.378091335296631,0.05,"[8, 4, 2, 1]","[2, 3, 4]","[0.02, 0.08, 0.2, 0.4]",0.012,0.001,10000.0,0,0.0,wap,0,17179.653688188588,71.79653688188587,152.72041464275054,481,99.7920997920998,0.8752285777670719,79.9378206771385,1.3037284037008645,6269.7682243098,6099.058212058212,78.0,1944007.0,480,0,0
sl_full,0.08,wap,0.012,0.0,-292.6339425927433,8.334740161895752,0.05,"[8, 4, 2, 1]","[2, 3, 4]","[0.02, 0.08, 0.2, 0.4]",0.012,0.001,10000.0,0,0.08,wap,0,736.6057407256649,-92.63394259274335,152.72041464275054,5824,95.7760989010989,0.6106027199074558,95.76381515631138,0.9123259791653245,21907.495592458774,503.7168612637363,76.0,35453.0,5578,245,0
sl_full,0.1,wap,0.012,0.0,-127.19891815472195,8.057841539382935,0.05,"[8, 4, 2, 1]","[2, 3, 4]","[0.02, 0.08, 0.2, 0.4]",0.012,0.001,10000.0,0,0.1,wap,0,1057.9502547878503,-89.4204974521215,152.72041464275054,5068,96.58642462509866,0.6173704145897836,94.39781367770611,0.906228651191589,19198.523162232777,578.8569455406472,75.0,49795.0,4895,172,0
sl_full,0.12,wap,0.012,0.0,-67.76623204518903,7.8373353481292725,0.05,"[8, 4, 2, 1]","[2, 3, 4]","[0.02, 0.08, 0.2, 0.4]",0.012,0.001,10000.0,0,0.12,wap,0,6500.534890929601,-34.99465109070399,152.72041464275054,4254,97.50822755054067,0.6713738186979366,81.87148398392452,0.9795259536094971,36390.19139632745,689.6208274565115,75.0,57342.0,4148,105,0
sl_full,0.15,wap,0.012,0.0,-105.28816380946925,7.649374723434448,0.05,"[8, 4, 2, 1]","[2, 3, 4]","[0.02, 0.08, 0.2, 0.4]",0.012,0.001,10000.0,0,0.15,wap,0,3020.5888192640737,-69.79411180735926,152.72041464275054,3884,97.88877445932029,0.6592500655357935,88.6721870126557,0.9372241304474399,22361.299932468777,755.3159114315139,73.5,76050.0,3802,81,0
sl_full,0.18,wap,0.012,0.0,-98.16511342960372,7.704495906829834,0.05,"[8, 4, 2, 1]","[2, 3, 4]","[0.02, 0.08, 0.2, 0.4]",0.012,0.001,10000.0,0,0.18,wap,0,3590.5695958324122,-64.09430404167587,152.72041464275054,3471,98.35782195332757,0.6871227012218445,85.10659114964297,0.9343773083838953,19377.10336104559,845.1878421204264,72.0,82612.0,3414,56,0
sl_full,0.2,wap,0.012,0.0,-57.219956166267686,7.552404403686523,0.05,"[8, 4, 2, 1]","[2, 3, 4]","[0.02, 0.08, 0.2, 0.4]",0.012,0.001,10000.0,0,0.2,wap,0,7491.149429506677,-25.08850570493323,152.72041464275054,3122,98.5906470211403,0.7047015184948819,80.25032039313967,0.9792468233831685,24948.683633953053,939.6691223574632,78.0,174844.0,3078,43,0
sl_full,0.25,wap,0.012,0.0,-44.687257492005436,7.199657917022705,0.05,"[8, 4, 2, 1]","[2, 3, 4]","[0.02, 0.08, 0.2, 0.4]",0.012,0.001,10000.0,0,0.25,wap,0,8713.30338525314,-12.866966147468595,152.72041464275054,2496,98.91826923076923,0.7233399919635497,79.45278341609638,0.9887877639674161,23680.279604131287,1175.339342948718,79.5,295410.0,2469,26,0
sl_full,0.3,wap,0.012,0.0,-51.2617144197753,7.059970140457153,0.05,"[8, 4, 2, 1]","[2, 3, 4]","[0.02, 0.08, 0.2, 0.4]",0.012,0.001,10000.0,0,0.3,wap,0,8165.662798415752,-18.343372015842473,152.72041464275054,2219,99.09869310500225,0.7288493357102388,82.18568449864082,0.9802001424546072,18836.288952861865,1322.0581342947273,89.0,295410.0,2199,19,0
sl_full,0.4,wap,0.012,0.0,24.73158746228883,7.181210994720459,0.05,"[8, 4, 2, 1]","[2, 3, 4]","[0.02, 0.08, 0.2, 0.4]",0.012,0.001,10000.0,0,0.4,wap,0,15489.643590521338,54.89643590521338,152.72041464275054,1952,99.43647540983606,0.7769927859937789,75.28688002978406,1.0379128896833558,30888.870539590553,1502.892930327869,86.5,295410.0,1941,10,0
refine,0.0,p0,0.012,6.0,-299.28974679097,,0.05,"[8, 4, 2, 1]","[2, 3, 4]","[0.02, 0.08, 0.2, 0.4]",0.012,0.001,10000.0,0,0.0,p0,360,71.02532090299957,-99.28974679097,152.72041464275054,13483,70.54068085737596,0.3634876765310173,99.4077610960432,0.8356436855311666,17179.663098096345,217.58117629607653,249.0,360.0,7856,0,5626
refine,0.0,p0,0.012,12.0,-298.2014073860492,,0.05,"[8, 4, 2, 1]","[2, 3, 4]","[0.02, 0.08, 0.2, 0.4]",0.012,0.001,10000.0,0,0.0,p0,720,179.85926139507995,-98.2014073860492,152.72041464275054,9165,80.20731042007637,0.47375483273677027,98.75271549209516,0.8582639663264107,17357.432937385638,320.0924168030551,212.0,720.0,6823,0,2341
refine,0.0,p0,0.012,24.0,-295.39407181458614,,0.05,"[8, 4, 2, 1]","[2, 3, 4]","[0.02, 0.08, 0.2, 0.4]",0.012,0.001,10000.0,0,0.0,p0,1440,460.59281854138305,-95.39407181458617,152.72041464275054,6721,87.08525517036155,0.5427495426445436,97.50912273421696,0.8890013144935491,20220.68846769191,436.4896592768933,184.0,1440.0,5713,0,1007
refine,0.0,p0,0.012,48.0,-120.29045519717444,,0.05,"[8, 4, 2, 1]","[2, 3, 4]","[0.02, 0.08, 0.2, 0.4]",0.012,0.001,10000.0,0,0.0,p0,2880,1711.4887026709964,-82.88511297329005,152.72041464275054,4876,91.81706316652995,0.5970949773322828,93.46321803236616,0.9234034284764511,24464.28727386009,601.6503281378178,180.0,2880.0,4446,0,429
refine,0.0,p0,0.012,72.0,-122.09531976932556,,0.05,"[8, 4, 2, 1]","[2, 3, 4]","[0.02, 0.08, 0.2, 0.4]",0.012,0.001,10000.0,0,0.0,p0,4320,1522.268280005796,-84.77731719994203,152.72041464275054,4224,93.48958333333334,0.6130066235354458,93.2371298649045,0.9024106191309341,18537.72598706802,694.5187026515151,169.0,4320.0,3940,0,283
refine,0.0,p0,0.015,0.0,29.429271069460185,,0.05,"[8, 4, 2, 1]","[2, 3, 4]","[0.02, 0.08, 0.2, 0.4]",0.015,0.001,10000.0,0,0.0,p0,0,16178.114015995105,61.78114015995104,152.72041464275054,333,99.69969969969969,1.1143767125373194,80.14552683033125,1.2593941818173442,4713.548093795338,8809.75075075075,122.0,1944763.0,332,0,0
refine,0.0,p0,0.015,6.0,-298.7069015981973,,0.05,"[8, 4, 2, 1]","[2, 3, 4]","[0.02, 0.08, 0.2, 0.4]",0.015,0.001,10000.0,0,0.0,p0,360,129.30984018026837,-98.70690159819732,152.72041464275054,11615,66.66379681446406,0.3993696193579835,98.93453304050092,0.8461899735940932,16435.582944097816,252.57399913904433,360.0,360.0,5466,0,6148
refine,0.0,p0,0.015,12.0,-296.0845222065159,,0.05,"[8, 4, 2, 1]","[2, 3, 4]","[0.02, 0.08, 0.2, 0.4]",0.015,0.001,10000.0,0,0.0,p0,720,391.54777934841127,-96.08452220651589,152.72041464275054,7509,75.80237048874685,0.5466560525884165,97.70770973049027,0.8899012353283885,19935.280780200097,390.68411239845517,361.0,720.0,4890,0,2618
refine,0.0,p0,0.015,24.0,-293.0332126687081,,0.05,"[8, 4, 2, 1]","[2, 3, 4]","[0.02, 0.08, 0.2, 0.4]",0.015,0.001,10000.0,0,0.0,p0,1440,696.6787331291962,-93.03321266870805,152.72041464275054,5279,83.17863231672665,0.6465152365175906,95.55465510329397,0.8890831229759987,16560.19641264631,555.7202121613942,310.0,1440.0,4184,0,1094
refine,0.0,p0,0.015,48.0,-111.80301895423086,,0.05,"[8, 4, 2, 1]","[2, 3, 4]","[0.02, 0.08, 0.2, 0.4]",0.015,0.001,10000.0,0,0.0,p0,2880,2384.0571823427904,-76.15942817657209,152.72041464275054,3760,88.82978723404256,0.725502406558173,89.04395817198379,0.9341625582027302,21674.294478082273,780.2252659574468,301.0,2880.0,3293,0,466
refine,0.0,p0,0.015,72.0,-112.61934787593673,,0.05,"[8, 4, 2, 1]","[2, 3, 4]","[0.02, 0.08, 0.2, 0.4]",0.015,0.001,10000.0,0,0.0,p0,4320,2309.680385905654,-76.90319614094346,152.72041464275054,3200,90.875,0.7498841764252691,89.21398228019152,0.922420477007589,17580.95197391445,916.7646875,280.5,4320.0,2894,0,305
refine,0.0,p0,0.02,0.0,51.01732753058655,,0.05,"[8, 4, 2, 1]","[2, 3, 4]","[0.02, 0.08, 0.2, 0.4]",0.02,0.001,10000.0,0,0.0,p0,0,18351.05840092031,83.51058400920309,152.72041464275054,221,99.5475113122172,1.52572689877581,80.12693946200137,1.330120011215304,3844.3658126864284,13274.420814479638,221.0,1944791.0,220,0,0
refine,0.0,p0,0.02,6.0,-296.31791360239066,,0.05,"[8, 4, 2, 1]","[2, 3, 4]","[0.02, 0.08, 0.2, 0.4]",0.02,0.001,10000.0,0,0.0,p0,360,368.20863976093403,-96.31791360239066,152.72041464275054,10041,62.71287720346579,0.42847551695283603,96.93894024438025,0.8716791935767216,18242.356039944752,292.16681605417784,360.0,360.0,3300,0,6740
refine,0.0,p0,0.02,12.0,-292.89266496965195,,0.05,"[8, 4, 2, 1]","[2, 3, 4]","[0.02, 0.08, 0.2, 0.4]",0.02,0.001,10000.0,0,0.0,p0,720,710.733503034804,-92.89266496965196,152.72041464275054,6096,70.45603674540682,0.6189404951607216,96.0968181471831,0.9072258453111844,20331.39518505109,481.2413057742782,676.0,720.0,3125,0,2970
refine,0.0,p0,0.02,24.0,-123.68957993800203,,0.05,"[8, 4, 2, 1]","[2, 3, 4]","[0.02, 0.08, 0.2, 0.4]",0.02,0.001,10000.0,0,0.0,p0,1440,1353.2943497914828,-86.46705650208517,152.72041464275054,4045,77.45364647713227,0.7765551616200158,92.99587086832528,0.9187853901351579,18224.13836703444,725.2526576019777,587.0,1440.0,2796,0,1248
refine,0.0,p0,0.02,48.0,-95.64223997836267,,0.05,"[8, 4, 2, 1]","[2, 3, 4]","[0.02, 0.08, 0.2, 0.4]",0.02,0.001,10000.0,0,0.0,p0,2880,3871.817227473803,-61.28182772526196,152.72041464275054,2750,83.81818181818181,0.8961628394163703,85.81213223881237,0.959579427069048,23684.791665040808,1066.7807272727273,572.5,2880.0,2226,0,523
refine,0.0,p0,0.02,72.0,-91.29798398577508,,0.05,"[8, 4, 2, 1]","[2, 3, 4]","[0.02, 0.08, 0.2, 0.4]",0.02,0.001,10000.0,0,0.0,p0,4320,4202.280854283524,-57.97719145716476,152.72041464275054,2288,86.75699300699301,0.9489772525520761,83.19513229034861,0.9546381576710673,18700.32634948265,1282.1883741258741,515.0,4320.0,1951,0,336
refine,0.0,p0,0.025,0.0,41.393551244290116,,0.05,"[8, 4, 2, 1]","[2, 3, 4]","[0.02, 0.08, 0.2, 0.4]",0.025,0.001,10000.0,0,0.0,p0,0,17433.553591369728,74.33553591369729,152.72041464275054,154,99.35064935064936,1.9044164903287986,80.7674903531716,1.3104122559375218,2826.2107877078965,19049.655844155845,361.0,1974558.0,153,0,0
refine,0.0,p0,0.025,6.0,-294.24362683714605,,0.05,"[8, 4, 2, 1]","[2, 3, 4]","[0.02, 0.08, 0.2, 0.4]",0.025,0.001,10000.0,0,0.0,p0,360,575.6373162853971,-94.24362683714604,152.72041464275054,9242,60.87426963860636,0.4336109392245842,96.35820367496329,0.9026691737458622,23613.763410651518,317.42555723869293,360.0,360.0,2057,0,7184
refine,0.0,p0,0.025,12.0,-119.8540316981665,,0.05,"[8, 4, 2, 1]","[2, 3, 4]","[0.02, 0.08, 0.2, 0.4]",0.025,0.001,10000.0,0,0.0,p0,720,1656.959039904592,-83.43040960095408,152.72041464275054,5308,66.74830444611906,0.6561044566002183,91.01299823788156,0.9258843916884274,22618.19943637347,552.6840617935192,720.0,720.0,2073,0,3234
refine,0.0,p0,0.025,24.0,-114.1323564049114,,0.05,"[8, 4, 2, 1]","[2, 3, 4]","[0.02, 0.08, 0.2, 0.4]",0.025,0.001,10000.0,0,0.0,p0,1440,2172.890886420981,-78.27109113579019,152.72041464275054,3341,72.82250823106854,0.8538518587321245,89.579990295421,0.9386983386088548,20444.061761898716,878.0745285842562,970.0,1440.0,1955,0,1385
refine,0.0,p0,0.025,48.0,-76.85280841127937,,0.05,"[8, 4, 2, 1]","[2, 3, 4]","[0.02, 0.08, 0.2, 0.4]",0.025,0.001,10000.0,0,0.0,p0,2880,5504.85823088214,-44.951417691178605,152.72041464275054,2194,78.8514129443938,1.022420808538242,79.64204991632606,0.971303399652821,22153.193194017178,1337.1226071103008,908.5,2880.0,1600,0,593
refine,0.0,p0,0.025,72.0,-84.35757611267155,,0.05,"[8, 4, 2, 1]","[2, 3, 4]","[0.02, 0.08, 0.2, 0.4]",0.025,0.001,10000.0,0,0.0,p0,4320,4824.091137934918,-51.759088620650815,152.72041464275054,1811,82.21976808393153,1.0946361144645786,81.36122669066293,0.9625072195505489,17442.66508536668,1619.9044726670347,874.0,4320.0,1444,0,366
refine,0.0,wap,0.012,6.0,-299.28974679097,,0.05,"[8, 4, 2, 1]","[2, 3, 4]","[0.02, 0.08, 0.2, 0.4]",0.012,0.001,10000.0,0,0.0,wap,360,71.02532090299957,-99.28974679097,152.72041464275054,13483,70.54068085737596,0.3634876765310173,99.4077610960432,0.8356436855311666,17179.663098096345,217.58117629607653,249.0,360.0,7856,0,5626
refine,0.0,wap,0.012,12.0,-298.2014073860492,,0.05,"[8, 4, 2, 1]","[2, 3, 4]","[0.02, 0.08, 0.2, 0.4]",0.012,0.001,10000.0,0,0.0,wap,720,179.85926139507995,-98.2014073860492,152.72041464275054,9165,80.20731042007637,0.47375483273677027,98.75271549209516,0.8582639663264107,17357.432937385638,320.0924168030551,212.0,720.0,6823,0,2341
refine,0.0,wap,0.012,24.0,-295.39407181458614,,0.05,"[8, 4, 2, 1]","[2, 3, 4]","[0.02, 0.08, 0.2, 0.4]",0.012,0.001,10000.0,0,0.0,wap,1440,460.59281854138305,-95.39407181458617,152.72041464275054,6721,87.08525517036155,0.5427495426445436,97.50912273421696,0.8890013144935491,20220.68846769191,436.4896592768933,184.0,1440.0,5713,0,1007
refine,0.0,wap,0.012,48.0,-120.29045519717444,,0.05,"[8, 4, 2, 1]","[2, 3, 4]","[0.02, 0.08, 0.2, 0.4]",0.012,0.001,10000.0,0,0.0,wap,2880,1711.4887026709964,-82.88511297329005,152.72041464275054,4876,91.81706316652995,0.5970949773322828,93.46321803236616,0.9234034284764511,24464.28727386009,601.6503281378178,180.0,2880.0,4446,0,429
refine,0.0,wap,0.012,72.0,-122.09531976932556,,0.05,"[8, 4, 2, 1]","[2, 3, 4]","[0.02, 0.08, 0.2, 0.4]",0.012,0.001,10000.0,0,0.0,wap,4320,1522.268280005796,-84.77731719994203,152.72041464275054,4224,93.48958333333334,0.6130066235354458,93.2371298649045,0.9024106191309341,18537.72598706802,694.5187026515151,169.0,4320.0,3940,0,283
refine,0.0,wap,0.015,0.0,29.429271069460185,,0.05,"[8, 4, 2, 1]","[2, 3, 4]","[0.02, 0.08, 0.2, 0.4]",0.015,0.001,10000.0,0,0.0,wap,0,16178.114015995105,61.78114015995104,152.72041464275054,333,99.69969969969969,1.1143767125373194,80.14552683033125,1.2593941818173442,4713.548093795338,8809.75075075075,122.0,1944763.0,332,0,0
refine,0.0,wap,0.015,6.0,-298.7069015981973,,0.05,"[8, 4, 2, 1]","[2, 3, 4]","[0.02, 0.08, 0.2, 0.4]",0.015,0.001,10000.0,0,0.0,wap,360,129.30984018026837,-98.70690159819732,152.72041464275054,11615,66.66379681446406,0.3993696193579835,98.93453304050092,0.8461899735940932,16435.582944097816,252.57399913904433,360.0,360.0,5466,0,6148
refine,0.0,wap,0.015,12.0,-296.0845222065159,,0.05,"[8, 4, 2, 1]","[2, 3, 4]","[0.02, 0.08, 0.2, 0.4]",0.015,0.001,10000.0,0,0.0,wap,720,391.54777934841127,-96.08452220651589,152.72041464275054,7509,75.80237048874685,0.5466560525884165,97.70770973049027,0.8899012353283885,19935.280780200097,390.68411239845517,361.0,720.0,4890,0,2618
refine,0.0,wap,0.015,24.0,-293.0332126687081,,0.05,"[8, 4, 2, 1]","[2, 3, 4]","[0.02, 0.08, 0.2, 0.4]",0.015,0.001,10000.0,0,0.0,wap,1440,696.6787331291962,-93.03321266870805,152.72041464275054,5279,83.17863231672665,0.6465152365175906,95.55465510329397,0.8890831229759987,16560.19641264631,555.7202121613942,310.0,1440.0,4184,0,1094
refine,0.0,wap,0.015,48.0,-111.80301895423086,,0.05,"[8, 4, 2, 1]","[2, 3, 4]","[0.02, 0.08, 0.2, 0.4]",0.015,0.001,10000.0,0,0.0,wap,2880,2384.0571823427904,-76.15942817657209,152.72041464275054,3760,88.82978723404256,0.725502406558173,89.04395817198379,0.9341625582027302,21674.294478082273,780.2252659574468,301.0,2880.0,3293,0,466
refine,0.0,wap,0.015,72.0,-112.61934787593673,,0.05,"[8, 4, 2, 1]","[2, 3, 4]","[0.02, 0.08, 0.2, 0.4]",0.015,0.001,10000.0,0,0.0,wap,4320,2309.680385905654,-76.90319614094346,152.72041464275054,3200,90.875,0.7498841764252691,89.21398228019152,0.922420477007589,17580.95197391445,916.7646875,280.5,4320.0,2894,0,305
refine,0.0,wap,0.02,0.0,51.01732753058655,,0.05,"[8, 4, 2, 1]","[2, 3, 4]","[0.02, 0.08, 0.2, 0.4]",0.02,0.001,10000.0,0,0.0,wap,0,18351.05840092031,83.51058400920309,152.72041464275054,221,99.5475113122172,1.52572689877581,80.12693946200137,1.330120011215304,3844.3658126864284,13274.420814479638,221.0,1944791.0,220,0,0
refine,0.0,wap,0.02,6.0,-296.31791360239066,,0.05,"[8, 4, 2, 1]","[2, 3, 4]","[0.02, 0.08, 0.2, 0.4]",0.02,0.001,10000.0,0,0.0,wap,360,368.20863976093403,-96.31791360239066,152.72041464275054,10041,62.71287720346579,0.42847551695283603,96.93894024438025,0.8716791935767216,18242.356039944752,292.16681605417784,360.0,360.0,3300,0,6740
refine,0.0,wap,0.02,12.0,-292.89266496965195,,0.05,"[8, 4, 2, 1]","[2, 3, 4]","[0.02, 0.08, 0.2, 0.4]",0.02,0.001,10000.0,0,0.0,wap,720,710.733503034804,-92.89266496965196,152.72041464275054,6096,70.45603674540682,0.6189404951607216,96.0968181471831,0.9072258453111844,20331.39518505109,481.2413057742782,676.0,720.0,3125,0,2970
refine,0.0,wap,0.02,24.0,-123.68957993800203,,0.05,"[8, 4, 2, 1]","[2, 3, 4]","[0.02, 0.08, 0.2, 0.4]",0.02,0.001,10000.0,0,0.0,wap,1440,1353.2943497914828,-86.46705650208517,152.72041464275054,4045,77.45364647713227,0.7765551616200158,92.99587086832528,0.9187853901351579,18224.13836703444,725.2526576019777,587.0,1440.0,2796,0,1248
refine,0.0,wap,0.02,48.0,-95.64223997836267,,0.05,"[8, 4, 2, 1]","[2, 3, 4]","[0.02, 0.08, 0.2, 0.4]",0.02,0.001,10000.0,0,0.0,wap,2880,3871.817227473803,-61.28182772526196,152.72041464275054,2750,83.81818181818181,0.8961628394163703,85.81213223881237,0.959579427069048,23684.791665040808,1066.7807272727273,572.5,2880.0,2226,0,523
refine,0.0,wap,0.02,72.0,-91.29798398577508,,0.05,"[8, 4, 2, 1]","[2, 3, 4]","[0.02, 0.08, 0.2, 0.4]",0.02,0.001,10000.0,0,0.0,wap,4320,4202.280854283524,-57.97719145716476,152.72041464275054,2288,86.75699300699301,0.9489772525520761,83.19513229034861,0.9546381576710673,18700.32634948265,1282.1883741258741,515.0,4320.0,1951,0,336
refine,0.0,wap,0.025,0.0,41.393551244290116,,0.05,"[8, 4, 2, 1]","[2, 3, 4]","[0.02, 0.08, 0.2, 0.4]",0.025,0.001,10000.0,0,0.0,wap,0,17433.553591369728,74.33553591369729,152.72041464275054,154,99.35064935064936,1.9044164903287986,80.7674903531716,1.3104122559375218,2826.2107877078965,19049.655844155845,361.0,1974558.0,153,0,0
refine,0.0,wap,0.025,6.0,-294.24362683714605,,0.05,"[8, 4, 2, 1]","[2, 3, 4]","[0.02, 0.08, 0.2, 0.4]",0.025,0.001,10000.0,0,0.0,wap,360,575.6373162853971,-94.24362683714604,152.72041464275054,9242,60.87426963860636,0.4336109392245842,96.35820367496329,0.9026691737458622,23613.763410651518,317.42555723869293,360.0,360.0,2057,0,7184
refine,0.0,wap,0.025,12.0,-119.8540316981665,,0.05,"[8, 4, 2, 1]","[2, 3, 4]","[0.02, 0.08, 0.2, 0.4]",0.025,0.001,10000.0,0,0.0,wap,720,1656.959039904592,-83.43040960095408,152.72041464275054,5308,66.74830444611906,0.6561044566002183,91.01299823788156,0.9258843916884274,22618.19943637347,552.6840617935192,720.0,720.0,2073,0,3234
refine,0.0,wap,0.025,24.0,-114.1323564049114,,0.05,"[8, 4, 2, 1]","[2, 3, 4]","[0.02, 0.08, 0.2, 0.4]",0.025,0.001,10000.0,0,0.0,wap,1440,2172.890886420981,-78.27109113579019,152.72041464275054,3341,72.82250823106854,0.8538518587321245,89.579990295421,0.9386983386088548,20444.061761898716,878.0745285842562,970.0,1440.0,1955,0,1385
refine,0.0,wap,0.025,48.0,-76.85280841127937,,0.05,"[8, 4, 2, 1]","[2, 3, 4]","[0.02, 0.08, 0.2, 0.4]",0.025,0.001,10000.0,0,0.0,wap,2880,5504.85823088214,-44.951417691178605,152.72041464275054,2194,78.8514129443938,1.022420808538242,79.64204991632606,0.971303399652821,22153.193194017178,1337.1226071103008,908.5,2880.0,1600,0,593
refine,0.0,wap,0.025,72.0,-84.35757611267155,,0.05,"[8, 4, 2, 1]","[2, 3, 4]","[0.02, 0.08, 0.2, 0.4]",0.025,0.001,10000.0,0,0.0,wap,4320,4824.091137934918,-51.759088620650815,152.72041464275054,1811,82.21976808393153,1.0946361144645786,81.36122669066293,0.9625072195505489,17442.66508536668,1619.9044726670347,874.0,4320.0,1444,0,366
refine,0.4,wap,0.012,6.0,-299.28974679097,,0.05,"[8, 4, 2, 1]","[2, 3, 4]","[0.02, 0.08, 0.2, 0.4]",0.012,0.001,10000.0,0,0.4,wap,360,71.02532090299957,-99.28974679097,152.72041464275054,13483,70.54068085737596,0.3634876765310173,99.4077610960432,0.8356436855311666,17179.663098096345,217.58117629607653,249.0,360.0,7856,0,5626
refine,0.4,wap,0.012,12.0,-298.2014073860492,,0.05,"[8, 4, 2, 1]","[2, 3, 4]","[0.02, 0.08, 0.2, 0.4]",0.012,0.001,10000.0,0,0.4,wap,720,179.85926139507995,-98.2014073860492,152.72041464275054,9165,80.20731042007637,0.47375483273677027,98.75271549209516,0.8582639663264107,17357.432937385638,320.0924168030551,212.0,720.0,6823,0,2341
refine,0.4,wap,0.012,24.0,-295.39407181458614,,0.05,"[8, 4, 2, 1]","[2, 3, 4]","[0.02, 0.08, 0.2, 0.4]",0.012,0.001,10000.0,0,0.4,wap,1440,460.59281854138305,-95.39407181458617,152.72041464275054,6721,87.08525517036155,0.5427495426445436,97.50912273421696,0.8890013144935491,20220.68846769191,436.4896592768933,184.0,1440.0,5713,0,1007
refine,0.4,wap,0.012,48.0,-120.1780127245009,,0.05,"[8, 4, 2, 1]","[2, 3, 4]","[0.02, 0.08, 0.2, 0.4]",0.012,0.001,10000.0,0,0.4,wap,2880,1721.195571945561,-82.7880442805444,152.72041464275054,5012,92.0391061452514,0.603287077763894,93.4261440581488,0.9274484672209107,25670.875323505745,585.3246209098164,166.5,2880.0,4582,1,428
refine,0.4,wap,0.012,72.0,-122.09531976932556,,0.05,"[8, 4, 2, 1]","[2, 3, 4]","[0.02, 0.08, 0.2, 0.4]",0.012,0.001,10000.0,0,0.4,wap,4320,1522.268280005796,-84.77731719994203,152.72041464275054,4224,93.48958333333334,0.6130066235354458,93.2371298649045,0.9024106191309341,18537.72598706802,694.5187026515151,169.0,4320.0,3940,0,283
refine,0.4,wap,0.015,0.0,27.41943180365412,,0.05,"[8, 4, 2, 1]","[2, 3, 4]","[0.02, 0.08, 0.2, 0.4]",0.015,0.001,10000.0,0,0.4,wap,0,15686.222653740007,56.862226537400076,152.72041464275054,1352,99.18639053254438,0.9766158778827192,73.42616539698817,1.043092276794431,21917.768946600663,2169.85724852071,153.0,295417.0,1341,10,0
refine,0.4,wap,0.015,6.0,-298.7069015981973,,0.05,"[8, 4, 2, 1]","[2, 3, 4]","[0.02, 0.08, 0.2, 0.4]",0.015,0.001,10000.0,0,0.4,wap,360,129.30984018026837,-98.70690159819732,152.72041464275054,11615,66.66379681446406,0.3993696193579835,98.93453304050092,0.8461899735940932,16435.582944097816,252.57399913904433,360.0,360.0,5466,0,6148
refine,0.4,wap,0.015,12.0,-296.0845222065159,,0.05,"[8, 4, 2, 1]","[2, 3, 4]","[0.02, 0.08, 0.2, 0.4]",0.015,0.001,10000.0,0,0.4,wap,720,391.54777934841127,-96.08452220651589,152.72041464275054,7509,75.80237048874685,0.5466560525884165,97.70770973049027,0.8899012353283885,19935.280780200097,390.68411239845517,361.0,720.0,4890,0,2618
refine,0.4,wap,0.015,24.0,-293.0332126687081,,0.05,"[8, 4, 2, 1]","[2, 3, 4]","[0.02, 0.08, 0.2, 0.4]",0.015,0.001,10000.0,0,0.4,wap,1440,696.6787331291962,-93.03321266870805,152.72041464275054,5279,83.17863231672665,0.6465152365175906,95.55465510329397,0.8890831229759987,16560.19641264631,555.7202121613942,310.0,1440.0,4184,0,1094
refine,0.4,wap,0.015,48.0,-109.84492620805104,,0.05,"[8, 4, 2, 1]","[2, 3, 4]","[0.02, 0.08, 0.2, 0.4]",0.015,0.001,10000.0,0,0.4,wap,2880,2549.398536389918,-74.50601463610083,152.72041464275054,3871,89.1500904159132,0.7358356177316342,88.28412455546751,0.9411467949361932,23688.277279865964,757.8524928958925,284.0,2880.0,3404,1,465
refine,0.4,wap,0.015,72.0,-112.61934787593673,,0.05,"[8, 4, 2, 1]","[2, 3, 4]","[0.02, 0.08, 0.2, 0.4]",0.015,0.001,10000.0,0,0.4,wap,4320,2309.680385905654,-76.90319614094346,152.72041464275054,3200,90.875,0.7498841764252691,89.21398228019152,0.922420477007589,17580.95197391445,916.7646875,280.5,4320.0,2894,0,305
refine,0.4,wap,0.02,0.0,50.52653519623582,,0.05,"[8, 4, 2, 1]","[2, 3, 4]","[0.02, 0.08, 0.2, 0.4]",0.02,0.001,10000.0,0,0.4,wap,0,18048.808351207328,80.48808351207329,152.72041464275054,874,98.74141876430205,1.2932994416357495,74.62415616335416,1.0536697032834375,18383.581615722425,3356.575514874142,268.0,298224.0,863,10,0
refine,0.4,wap,0.02,6.0,-296.31791360239066,,0.05,"[8, 4, 2, 1]","[2, 3, 4]","[0.02, 0.08, 0.2, 0.4]",0.02,0.001,10000.0,0,0.4,wap,360,368.20863976093403,-96.31791360239066,152.72041464275054,10041,62.71287720346579,0.42847551695283603,96.93894024438025,0.8716791935767216,18242.356039944752,292.16681605417784,360.0,360.0,3300,0,6740
refine,0.4,wap,0.02,12.0,-292.89266496965195,,0.05,"[8, 4, 2, 1]","[2, 3, 4]","[0.02, 0.08, 0.2, 0.4]",0.02,0.001,10000.0,0,0.4,wap,720,710.733503034804,-92.89266496965196,152.72041464275054,6096,70.45603674540682,0.6189404951607216,96.0968181471831,0.9072258453111844,20331.39518505109,481.2413057742782,676.0,720.0,3125,0,2970
refine,0.4,wap,0.02,24.0,-123.68957993800203,,0.05,"[8, 4, 2, 1]","[2, 3, 4]","[0.02, 0.08, 0.2, 0.4]",0.02,0.001,10000.0,0,0.4,wap,1440,1353.2943497914828,-86.46705650208517,152.72041464275054,4045,77.45364647713227,0.7765551616200158,92.99587086832528,0.9187853901351579,18224.13836703444,725.2526576019777,587.0,1440.0,2796,0,1248
refine,0.4,wap,0.02,48.0,-97.46784677117418,,0.05,"[8, 4, 2, 1]","[2, 3, 4]","[0.02, 0.08, 0.2, 0.4]",0.02,0.001,10000.0,0,0.4,wap,2880,3712.526335646775,-62.874736643532245,152.72041464275054,2812,84.17496443812233,0.9059312323312401,86.39583698932768,0.9587701640773649,23489.445040001203,1043.2599573257469,542.0,2880.0,2288,1,522
refine,0.4,wap,0.02,72.0,-96.55816026254764,,0.05,"[8, 4, 2, 1]","[2, 3, 4]","[0.02, 0.08, 0.2, 0.4]",0.02,0.001,10000.0,0,0.4,wap,4320,3748.6952000682786,-62.51304799931721,152.72041464275054,2356,87.09677419354838,0.9578498273222198,85.0090155547937,0.9490071516337579,17595.766875301655,1245.1812393887947,486.0,4320.0,2018,1,336
refine,0.4,wap,0.025,0.0,9.473074893638332,,0.05,"[8, 4, 2, 1]","[2, 3, 4]","[0.02, 0.08, 0.2, 0.4]",0.025,0.001,10000.0,0,0.4,wap,0,13986.458478846804,39.864584788468036,152.72041464275054,600,98.16666666666667,1.553538430816065,75.57132376485204,1.0319186686424766,11881.335473051131,4889.411666666667,475.0,301012.0,589,10,0
refine,0.4,wap,0.025,6.0,-294.24362683714605,,0.05,"[8, 4, 2, 1]","[2, 3, 4]","[0.02, 0.08, 0.2, 0.4]",0.025,0.001,10000.0,0,0.4,wap,360,575.6373162853971,-94.24362683714604,152.72041464275054,9242,60.87426963860636,0.4336109392245842,96.35820367496329,0.9026691737458622,23613.763410651518,317.42555723869293,360.0,360.0,2057,0,7184
refine,0.4,wap,0.025,12.0,-119.8540316981665,,0.05,"[8, 4, 2, 1]","[2, 3, 4]","[0.02, 0.08, 0.2, 0.4]",0.025,0.001,10000.0,0,0.4,wap,720,1656.959039904592,-83.43040960095408,152.72041464275054,5308,66.74830444611906,0.6561044566002183,91.01299823788156,0.9258843916884274,22618.19943637347,552.6840617935192,720.0,720.0,2073,0,3234
refine,0.4,wap,0.025,24.0,-114.1323564049114,,0.05,"[8, 4, 2, 1]","[2, 3, 4]","[0.02, 0.08, 0.2, 0.4]",0.025,0.001,10000.0,0,0.4,wap,1440,2172.890886420981,-78.27109113579019,152.72041464275054,3341,72.82250823106854,0.8538518587321245,89.579990295421,0.9386983386088548,20444.061761898716,878.0745285842562,970.0,1440.0,1955,0,1385
refine,0.4,wap,0.025,48.0,-84.56397937768058,,0.05,"[8, 4, 2, 1]","[2, 3, 4]","[0.02, 0.08, 0.2, 0.4]",0.025,0.001,10000.0,0,0.4,wap,2880,4833.055000267139,-51.66944999732861,152.72041464275054,2226,79.15543575920935,1.0288858270461478,82.12649839098177,0.9645851446806625,20164.460137136102,1317.9007187780774,884.0,2880.0,1632,1,592
refine,0.4,wap,0.025,72.0,-84.35757611267155,,0.05,"[8, 4, 2, 1]","[2, 3, 4]","[0.02, 0.08, 0.2, 0.4]",0.025,0.001,10000.0,0,0.4,wap,4320,4824.091137934918,-51.759088620650815,152.72041464275054,1811,82.21976808393153,1.0946361144645786,81.36122669066293,0.9625072195505489,17442.66508536668,1619.9044726670347,874.0,4320.0,1444,0,366
refine,0.4,p0,0.012,6.0,-299.28974679097,,0.05,"[8, 4, 2, 1]","[2, 3, 4]","[0.02, 0.08, 0.2, 0.4]",0.012,0.001,10000.0,0,0.4,p0,360,71.02532090299957,-99.28974679097,152.72041464275054,13483,70.54068085737596,0.3634876765310173,99.4077610960432,0.8356436855311666,17179.663098096345,217.58117629607653,249.0,360.0,7856,0,5626
refine,0.4,p0,0.012,12.0,-298.2014073860492,,0.05,"[8, 4, 2, 1]","[2, 3, 4]","[0.02, 0.08, 0.2, 0.4]",0.012,0.001,10000.0,0,0.4,p0,720,179.85926139507995,-98.2014073860492,152.72041464275054,9165,80.20731042007637,0.47375483273677027,98.75271549209516,0.8582639663264107,17357.432937385638,320.0924168030551,212.0,720.0,6823,0,2341
refine,0.4,p0,0.012,24.0,-295.39407181458614,,0.05,"[8, 4, 2, 1]","[2, 3, 4]","[0.02, 0.08, 0.2, 0.4]",0.012,0.001,10000.0,0,0.4,p0,1440,460.59281854138305,-95.39407181458617,152.72041464275054,6721,87.08525517036155,0.5427495426445436,97.50912273421696,0.8890013144935491,20220.68846769191,436.4896592768933,184.0,1440.0,5713,0,1007
refine,0.4,p0,0.012,48.0,-118.57319361641761,,0.05,"[8, 4, 2, 1]","[2, 3, 4]","[0.02, 0.08, 0.2, 0.4]",0.012,0.001,10000.0,0,0.4,p0,2880,1860.4088929480627,-81.39591107051938,152.72041464275054,5013,92.04069419509275,0.6042605745413088,92.89443904311516,0.9322402241501483,27212.95588394303,585.2078595651307,166.0,2880.0,4583,1,428
refine,0.4,p0,0.012,72.0,-124.16807925014218,,0.05,"[8, 4, 2, 1]","[2, 3, 4]","[0.02, 0.08, 0.2, 0.4]",0.012,0.001,10000.0,0,0.4,p0,4320,1346.2554592006113,-86.53744540799389,152.72041464275054,4252,93.53245531514581,0.612402238247599,94.01908917184925,0.8942615669990398,17211.251469810875,689.945202257761,167.0,4320.0,3968,1,282
refine,0.4,p0,0.015,0.0,21.46175906334943,,0.05,"[8, 4, 2, 1]","[2, 3, 4]","[0.02, 0.08, 0.2, 0.4]",0.015,0.001,10000.0,0,0.4,p0,0,15063.06615219576,50.630661521957606,152.72041464275054,1293,99.07192575406032,0.968121898182374,72.73318376961917,1.0470595561789529,18005.352502096637,2268.8685228151585,159.0,295417.0,1281,11,0
refine,0.4,p0,0.015,6.0,-298.7069015981973,,0.05,"[8, 4, 2, 1]","[2, 3, 4]","[0.02, 0.08, 0.2, 0.4]",0.015,0.001,10000.0,0,0.4,p0,360,129.30984018026837,-98.70690159819732,152.72041464275054,11615,66.66379681446406,0.3993696193579835,98.93453304050092,0.8461899735940932,16435.582944097816,252.57399913904433,360.0,360.0,5466,0,6148
refine,0.4,p0,0.015,12.0,-296.0845222065159,,0.05,"[8, 4, 2, 1]","[2, 3, 4]","[0.02, 0.08, 0.2, 0.4]",0.015,0.001,10000.0,0,0.4,p0,720,391.54777934841127,-96.08452220651589,152.72041464275054,7509,75.80237048874685,0.5466560525884165,97.70770973049027,0.8899012353283885,19935.280780200097,390.68411239845517,361.0,720.0,4890,0,2618
refine,0.4,p0,0.015,24.0,-293.0332126687081,,0.05,"[8, 4, 2, 1]","[2, 3, 4]","[0.02, 0.08, 0.2, 0.4]",0.015,0.001,10000.0,0,0.4,p0,1440,696.6787331291962,-93.03321266870805,152.72041464275054,5279,83.17863231672665,0.6465152365175906,95.55465510329397,0.8890831229759987,16560.19641264631,555.7202121613942,310.0,1440.0,4184,0,1094
refine,0.4,p0,0.015,48.0,-107.34981263148605,,0.05,"[8, 4, 2, 1]","[2, 3, 4]","[0.02, 0.08, 0.2, 0.4]",0.015,0.001,10000.0,0,0.4,p0,2880,2760.165651905009,-72.3983434809499,152.72041464275054,3872,89.15289256198346,0.737139076178228,87.31553481246291,0.9459656078371617,25248.40693127908,757.6567665289256,284.0,2880.0,3405,1,465
refine,0.4,p0,0.015,72.0,-116.04308440970726,,0.05,"[8, 4, 2, 1]","[2, 3, 4]","[0.02, 0.08, 0.2, 0.4]",0.015,0.001,10000.0,0,0.4,p0,4320,2021.177296212489,-79.78822703787512,152.72041464275054,3222,90.9373060211049,0.7492488115076519,90.56126801575869,0.9133725272930157,16070.729744642886,910.5049658597145,275.0,4320.0,2916,1,304
refine,0.4,p0,0.02,0.0,-24.25791149547584,,0.05,"[8, 4, 2, 1]","[2, 3, 4]","[0.02, 0.08, 0.2, 0.4]",0.02,0.001,10000.0,0,0.4,p0,0,10819.763841508491,8.197638415084917,152.72041464275054,909,98.45984598459846,1.23847478975567,80.86993024028162,1.0080845534000675,11970.51516513529,3227.3344334433446,260.0,298224.0,895,13,0
refine,0.4,p0,0.02,6.0,-296.31791360239066,,0.05,"[8, 4, 2, 1]","[2, 3, 4]","[0.02, 0.08, 0.2, 0.4]",0.02,0.001,10000.0,0,0.4,p0,360,368.20863976093403,-96.31791360239066,152.72041464275054,10041,62.71287720346579,0.42847551695283603,96.93894024438025,0.8716791935767216,18242.356039944752,292.16681605417784,360.0,360.0,3300,0,6740
refine,0.4,p0,0.02,12.0,-292.89266496965195,,0.05,"[8, 4, 2, 1]","[2, 3, 4]","[0.02, 0.08, 0.2, 0.4]",0.02,0.001,10000.0,0,0.4,p0,720,710.733503034804,-92.89266496965196,152.72041464275054,6096,70.45603674540682,0.6189404951607216,96.0968181471831,0.9072258453111844,20331.39518505109,481.2413057742782,676.0,720.0,3125,0,2970
refine,0.4,p0,0.02,24.0,-123.68957993800203,,0.05,"[8, 4, 2, 1]","[2, 3, 4]","[0.02, 0.08, 0.2, 0.4]",0.02,0.001,10000.0,0,0.4,p0,1440,1353.2943497914828,-86.46705650208517,152.72041464275054,4045,77.45364647713227,0.7765551616200158,92.99587086832528,0.9187853901351579,18224.13836703444,725.2526576019777,587.0,1440.0,2796,0,1248
refine,0.4,p0,0.02,48.0,-92.8241067348831,,0.05,"[8, 4, 2, 1]","[2, 3, 4]","[0.02, 0.08, 0.2, 0.4]",0.02,0.001,10000.0,0,0.4,p0,2880,4117.532526474926,-58.82467473525074,152.72041464275054,2815,84.19182948490231,0.9084734126246503,84.91173432116499,0.9643604802662318,25636.79555820775,1042.148134991119,542.0,2880.0,2291,1,522
refine,0.4,p0,0.02,72.0,-97.64451947901252,,0.05,"[8, 4, 2, 1]","[2, 3, 4]","[0.02, 0.08, 0.2, 0.4]",0.02,0.001,10000.0,0,0.4,p0,4320,3655.011647081794,-63.44988352918206,152.72041464275054,2375,87.2,0.9604928915111687,85.38365489212003,0.9481546315802839,17461.248667972526,1235.2197894736842,480.0,4320.0,2037,2,335
refine,0.4,p0,0.025,0.0,7.474456177301867,,0.05,"[8, 4, 2, 1]","[2, 3, 4]","[0.02, 0.08, 0.2, 0.4]",0.025,0.001,10000.0,0,0.4,p0,0,13765.37872386798,37.653787238679804,152.72041464275054,625,97.92,1.5335987818639267,75.0571747201115,1.0340261043433243,10617.259013271823,4693.8352,454.0,301012.0,612,12,0
refine,0.4,p0,0.025,6.0,-294.24362683714605,,0.05,"[8, 4, 2, 1]","[2, 3, 4]","[0.02, 0.08, 0.2, 0.4]",0.025,0.001,10000.0,0,0.4,p0,360,575.6373162853971,-94.24362683714604,152.72041464275054,9242,60.87426963860636,0.4336109392245842,96.35820367496329,0.9026691737458622,23613.763410651518,317.42555723869293,360.0,360.0,2057,0,7184
refine,0.4,p0,0.025,12.0,-119.8540316981665,,0.05,"[8, 4, 2, 1]","[2, 3, 4]","[0.02, 0.08, 0.2, 0.4]",0.025,0.001,10000.0,0,0.4,p0,720,1656.959039904592,-83.43040960095408,152.72041464275054,5308,66.74830444611906,0.6561044566002183,91.01299823788156,0.9258843916884274,22618.19943637347,552.6840617935192,720.0,720.0,2073,0,3234
refine,0.4,p0,0.025,24.0,-114.1323564049114,,0.05,"[8, 4, 2, 1]","[2, 3, 4]","[0.02, 0.08, 0.2, 0.4]",0.025,0.001,10000.0,0,0.4,p0,1440,2172.890886420981,-78.27109113579019,152.72041464275054,3341,72.82250823106854,0.8538518587321245,89.579990295421,0.9386983386088548,20444.061761898716,878.0745285842562,970.0,1440.0,1955,0,1385
refine,0.4,p0,0.025,48.0,-78.44723402866312,,0.05,"[8, 4, 2, 1]","[2, 3, 4]","[0.02, 0.08, 0.2, 0.4]",0.025,0.001,10000.0,0,0.4,p0,2880,5365.902916694482,-46.34097083305518,152.72041464275054,2228,79.17414721723519,1.0320358084504788,80.15593151535141,0.9706508575870629,22044.557792148076,1316.717684021544,880.5,2880.0,1634,1,592
refine,0.4,p0,0.025,72.0,-84.35757611267155,,0.05,"[8, 4, 2, 1]","[2, 3, 4]","[0.02, 0.08, 0.2, 0.4]",0.025,0.001,10000.0,0,0.4,p0,4320,4824.091137934918,-51.759088620650815,152.72041464275054,1811,82.21976808393153,1.0946361144645786,81.36122669066293,0.9625072195505489,17442.66508536668,1619.9044726670347,874.0,4320.0,1444,0,366
best:crash_2022,,,,,-103.60291368300277,,0.05,"[8, 4, 2, 1]","[2, 3, 4]","[0.02, 0.08, 0.2, 0.4]",0.02,0.001,10000.0,0,0.0,p0,0,2990.500733989302,-70.09499266010698,-72.02787586383712,14,92.85714285714286,-3.5375854997016196,80.12693946200137,0.12758571146486603,129.24905144630875,43714.357142857145,1061.5,568631.0,13,0,0
best:crash_2025_26,,,,,-69.73246687825176,,0.05,"[8, 4, 2, 1]","[2, 3, 4]","[0.02, 0.08, 0.2, 0.4]",0.02,0.001,10000.0,0,0.0,p0,0,5735.701356166991,-42.64298643833009,-48.161876864513175,39,97.43589743589743,0.2972619178410658,65.85600665535974,0.43128184054093105,382.4821738848599,22412.333333333332,508.0,426873.0,38,0,0
best:full,,,,,51.01732753058655,,0.05,"[8, 4, 2, 1]","[2, 3, 4]","[0.02, 0.08, 0.2, 0.4]",0.02,0.001,10000.0,0,0.0,p0,0,18351.05840092031,83.51058400920309,152.72041464275054,221,99.5475113122172,1.52572689877581,80.12693946200137,1.330120011215304,3844.3658126864284,13274.420814479638,221.0,1944791.0,220,0,0
