stage,param,value,score,param_normal_initial_pct,param_normal_dca_pct,param_normal_dca_drop,param_normal_sl_pct,param_normal_tp_pct,param_recovery_initial_pct,param_recovery_dca1_pct,param_recovery_dca1_drop,param_recovery_dca2_pct,param_recovery_dca2_drop,param_recovery_sl_pct,param_recovery_tp_pct,param_sl_ref,param_fee_rate,param_capital,param_min_equity_frac_of_peak,equity_final,total_return_pct,buy_hold_return_pct,num_cycles,win_rate,avg_pnl_pct,max_drawdown_pct,profit_factor,total_fees,avg_hold_bars,median_hold_bars,max_hold_bars_seen,normal_cycles,recovery_cycles,normal_wins,recovery_wins,tp_exits,sl_exits
baseline,,,-209.66320965503695,0.25,0.25,0.03,0.03,0.01,0.5,0.25,0.03,0.25,0.05,0.1,0.01,p0,0.001,10000.0,0.0,1033.6790344963063,-89.66320965503694,-72.02787586383712,1972,78.24543610547667,0.14016204171059135,90.50075066096622,0.5927841439969342,4791.101787783795,310.3453346855984,87.0,22247.0,1544,428,1150,393,1543,428
search:normal_sl_pct,normal_sl_pct,0.02,-207.4747176956986,0.25,0.25,0.03,0.02,0.01,0.5,0.25,0.03,0.25,0.05,0.1,0.01,p0,0.001,10000.0,0.0,1252.5282304301422,-87.47471769569857,-72.02787586383712,2394,72.93233082706767,-0.11715711871322838,88.14612228569945,0.6545406781144683,5499.350202962546,255.63951545530492,70.0,9084.0,1747,647,1144,602,1746,647
search:normal_sl_pct,normal_sl_pct,0.03,-209.66320965503695,0.25,0.25,0.03,0.03,0.01,0.5,0.25,0.03,0.25,0.05,0.1,0.01,p0,0.001,10000.0,0.0,1033.6790344963063,-89.66320965503694,-72.02787586383712,1972,78.24543610547667,0.14016204171059135,90.50075066096622,0.5927841439969342,4791.101787783795,310.3453346855984,87.0,22247.0,1544,428,1150,393,1543,428
search:normal_sl_pct,normal_sl_pct,0.04,-206.44943872139345,0.25,0.25,0.03,0.04,0.01,0.5,0.25,0.03,0.25,0.05,0.1,0.01,p0,0.001,10000.0,0.0,1355.056127860656,-86.44943872139343,-72.02787586383712,1900,83.36842105263158,0.14196530807295432,87.3044617190039,0.6378086216207672,5099.374499898295,322.1057894736842,88.0,12628.0,1585,315,1294,290,1584,315
search:normal_sl_pct,normal_sl_pct,0.05,-203.1066205524819,0.25,0.25,0.03,0.05,0.01,0.5,0.25,0.03,0.25,0.05,0.1,0.01,p0,0.001,10000.0,0.0,1689.3379447518084,-83.10662055248191,-72.02787586383712,1720,86.86046511627907,0.1504355693836223,84.2794567863669,0.6653568391516871,5232.664199450191,355.8145348837209,87.0,22247.0,1495,225,1290,204,1494,225
search:normal_sl_pct,normal_sl_pct,0.06,-203.5682156107562,0.25,0.25,0.03,0.06,0.01,0.5,0.25,0.03,0.25,0.05,0.1,0.01,p0,0.001,10000.0,0.0,1643.1784389243794,-83.5682156107562,-72.02787586383712,1563,88.67562380038387,0.13266429861812648,84.55558819755062,0.634236657637621,4460.31823090194,391.555342290467,91.0,11738.0,1387,176,1228,158,1386,176
search:normal_sl_pct,normal_sl_pct,0.08,-113.15346695541038,0.25,0.25,0.03,0.08,0.01,0.5,0.25,0.03,0.25,0.05,0.1,0.01,p0,0.001,10000.0,0.0,2991.2268971242465,-70.08773102875753,-72.02787586383712,1277,91.30775254502741,0.13574843644498122,73.35149795615091,0.6886866962605598,4527.774481414952,479.2490211433046,82.0,11738.0,1167,110,1064,102,1166,110
search:recovery_sl_pct,recovery_sl_pct,0.06,-114.97582951277914,0.25,0.25,0.03,0.08,0.01,0.5,0.25,0.03,0.25,0.05,0.06,0.01,p0,0.001,10000.0,0.0,2846.578704345843,-71.53421295654157,-72.02787586383712,1333,90.77269317329333,0.13517524491244798,74.64015234228263,0.6840124032317426,4614.207483606349,459.11552888222053,78.0,11738.0,1211,122,1104,106,1210,122
search:recovery_sl_pct,recovery_sl_pct,0.08,-115.45868800870491,0.25,0.25,0.03,0.08,0.01,0.5,0.25,0.03,0.25,0.05,0.08,0.01,p0,0.001,10000.0,0.0,2824.928143153458,-71.75071856846542,-72.02787586383712,1297,91.05628373168851,0.13053050187818746,74.8330347427252,0.6797465679118254,4485.856589620294,471.85890516576717,81.0,11738.0,1182,115,1077,104,1181,115
search:recovery_sl_pct,recovery_sl_pct,0.1,-113.15346695541038,0.25,0.25,0.03,0.08,0.01,0.5,0.25,0.03,0.25,0.05,0.1,0.01,p0,0.001,10000.0,0.0,2991.2268971242465,-70.08773102875753,-72.02787586383712,1277,91.30775254502741,0.13574843644498122,73.35149795615091,0.6886866962605598,4527.774481414952,479.2490211433046,82.0,11738.0,1167,110,1064,102,1166,110
search:recovery_sl_pct,recovery_sl_pct,0.12,-109.80275818616037,0.25,0.25,0.03,0.08,0.01,0.5,0.25,0.03,0.25,0.05,0.12,0.01,p0,0.001,10000.0,0.0,3241.804320633291,-67.5819567936671,-72.02787586383712,1225,91.42857142857143,0.13720438144022667,71.11913203668723,0.696698498196667,4508.142174759459,499.5926530612245,84.0,11738.0,1121,104,1022,98,1120,104
search:recovery_sl_pct,recovery_sl_pct,0.15,-112.9743482826084,0.25,0.25,0.03,0.08,0.01,0.5,0.25,0.03,0.25,0.05,0.15,0.01,p0,0.001,10000.0,0.0,3022.0086973706075,-69.77991302629393,-72.02787586383712,1226,91.51712887438825,0.13436387643717093,73.07726637994814,0.6769922497336429,4239.187920511867,499.18515497553017,80.0,11738.0,1123,103,1024,98,1122,103
search:recovery_sl_pct,recovery_sl_pct,0.2,-123.47986499213619,0.25,0.25,0.03,0.08,0.01,0.5,0.25,0.03,0.25,0.05,0.2,0.01,p0,0.001,10000.0,0.0,2309.1369248386163,-76.90863075161384,-72.02787586383712,1190,91.59663865546219,0.11829910861176451,79.42816035779538,0.6180548627653919,3608.00961692063,514.2865546218487,84.0,11738.0,1091,99,996,94,1090,99
search:normal_tp_pct,normal_tp_pct,0.006,-200.0206913426214,0.25,0.25,0.03,0.08,0.006,0.5,0.25,0.03,0.25,0.05,0.12,0.01,p0,0.001,10000.0,0.0,1997.9308657378588,-80.0206913426214,-72.02787586383712,1970,94.61928934010152,0.02563945875051034,81.75004333170028,0.5780052752764803,5499.392922813629,310.66040609137053,33.0,11738.0,1865,105,1765,99,1864,105
search:normal_tp_pct,normal_tp_pct,0.008,-118.24105385601217,0.25,0.25,0.03,0.08,0.008,0.5,0.25,0.03,0.25,0.05,0.12,0.01,p0,0.001,10000.0,0.0,2569.061973375589,-74.30938026624412,-72.02787586383712,1490,92.88590604026845,0.077532686401681,76.9103091482162,0.6472072911218861,4944.654015596917,410.73892617449667,61.0,11738.0,1385,105,1285,99,1384,105
search:normal_tp_pct,normal_tp_pct,0.01,-109.80275818616037,0.25,0.25,0.03,0.08,0.01,0.5,0.25,0.03,0.25,0.05,0.12,0.01,p0,0.001,10000.0,0.0,3241.804320633291,-67.5819567936671,-72.02787586383712,1225,91.42857142857143,0.13720438144022667,71.11913203668723,0.696698498196667,4508.142174759459,499.5926530612245,84.0,11738.0,1121,104,1022,98,1120,104
search:normal_tp_pct,normal_tp_pct,0.012,-95.01225602435026,0.25,0.25,0.03,0.08,0.012,0.5,0.25,0.03,0.25,0.05,0.12,0.01,p0,0.001,10000.0,0.0,4374.903117932312,-56.25096882067688,-72.02787586383712,1010,89.70297029702971,0.17391604991735646,61.36413216312234,0.753425886398229,4233.65301628672,605.9415841584158,134.0,11738.0,907,103,806,100,906,103
search:normal_tp_pct,normal_tp_pct,0.015,-92.8718628536686,0.25,0.25,0.03,0.08,0.015,0.5,0.25,0.03,0.25,0.05,0.12,0.01,p0,0.001,10000.0,0.0,4647.761992358709,-53.522380076412915,-72.02787586383712,825,87.63636363636364,0.2315760171223142,58.91711504946089,0.7836107465305953,3987.4794107936355,741.819393939394,198.0,11738.0,724,101,626,97,723,101
search:normal_tp_pct,normal_tp_pct,0.02,-100.0448073133827,0.25,0.25,0.03,0.08,0.02,0.5,0.25,0.03,0.25,0.05,0.12,0.01,p0,0.001,10000.0,0.0,4345.675500990259,-56.543244990097406,-72.02787586383712,627,83.89154704944178,0.25096412384639477,60.97437398203043,0.7646903745891057,3140.9701755484552,976.0781499202552,306.0,12222.0,527,100,430,96,526,100
search:recovery_tp_pct,recovery_tp_pct,0.008,-101.92759078150254,0.25,0.25,0.03,0.08,0.015,0.5,0.25,0.03,0.25,0.05,0.12,0.008,p0,0.001,10000.0,0.0,3976.431588130927,-60.235684118690735,-72.02787586383712,876,87.55707762557078,0.20479607601330685,64.75364589792193,0.759672874338471,4076.4422880875672,698.6312785388128,175.0,11738.0,768,108,662,105,767,108
search:recovery_tp_pct,recovery_tp_pct,0.01,-92.8718628536686,0.25,0.25,0.03,0.08,0.015,0.5,0.25,0.03,0.25,0.05,0.12,0.01,p0,0.001,10000.0,0.0,4647.761992358709,-53.522380076412915,-72.02787586383712,825,87.63636363636364,0.2315760171223142,58.91711504946089,0.7836107465305953,3987.4794107936355,741.819393939394,198.0,11738.0,724,101,626,97,723,101
search:recovery_tp_pct,recovery_tp_pct,0.012,-84.78563877127397,0.25,0.25,0.03,0.08,0.015,0.5,0.25,0.03,0.25,0.05,0.12,0.012,p0,0.001,10000.0,0.0,5258.161833401759,-47.4183816659824,-72.02787586383712,782,87.46803069053708,0.24050941474297008,53.86491489259505,0.811114790652246,4036.1871282553298,782.6099744245524,230.5,11738.0,685,97,591,93,684,97
search:recovery_tp_pct,recovery_tp_pct,0.015,-100.42717423711116,0.25,0.25,0.03,0.08,0.015,0.5,0.25,0.03,0.25,0.05,0.12,0.015,p0,0.001,10000.0,0.0,4200.615523217026,-57.99384476782974,-72.02787586383712,760,87.36842105263159,0.24424034548651397,63.39293964031722,0.7526235025579486,3349.9767173505447,805.2644736842105,245.5,11738.0,665,95,578,86,664,95
search:recovery_tp_pct,recovery_tp_pct,0.02,-106.79417707510495,0.25,0.25,0.03,0.08,0.015,0.5,0.25,0.03,0.25,0.05,0.12,0.02,p0,0.001,10000.0,0.0,3831.1945809872786,-61.68805419012722,-72.02787586383712,712,87.07865168539325,0.25311754087669436,67.2908600021652,0.7542510734331246,3330.1698262871273,859.5519662921348,256.0,13687.0,621,91,542,78,620,91
search:recovery_tp_pct,recovery_tp_pct,0.025,-110.61461351383427,0.25,0.25,0.03,0.08,0.015,0.5,0.25,0.03,0.25,0.05,0.12,0.025,p0,0.001,10000.0,0.0,3624.13276500485,-63.758672349951496,-72.02787586383712,686,86.73469387755102,0.2605752677893595,69.92175599151676,0.7472912384033609,3094.8842852970497,892.1297376093295,281.0,13779.0,596,90,521,74,595,90
search:normal_dca_drop,normal_dca_drop,0.02,-107.65247455288774,0.25,0.25,0.02,0.08,0.015,0.5,0.25,0.03,0.25,0.05,0.12,0.012,p0,0.001,10000.0,0.0,3651.6277777129894,-63.48372222287011,-72.02787586383712,812,87.06896551724138,0.14003702914802837,68.23894965182508,0.7462401611686378,3688.5351095179376,753.6958128078818,205.5,15207.0,708,104,609,98,707,104
search:normal_dca_drop,normal_dca_drop,0.03,-84.78563877127397,0.25,0.25,0.03,0.08,0.015,0.5,0.25,0.03,0.25,0.05,0.12,0.012,p0,0.001,10000.0,0.0,5258.161833401759,-47.4183816659824,-72.02787586383712,782,87.46803069053708,0.24050941474297008,53.86491489259505,0.811114790652246,4036.1871282553298,782.6099744245524,230.5,11738.0,685,97,591,93,684,97
search:normal_dca_drop,normal_dca_drop,0.04,-95.88305226009193,0.25,0.25,0.04,0.08,0.015,0.5,0.25,0.03,0.25,0.05,0.12,0.012,p0,0.001,10000.0,0.0,4591.008781824207,-54.089912181757924,-72.02787586383712,771,87.02983138780804,0.2577432413988726,62.41893039445443,0.752757120203661,3348.485182148658,793.775616083009,211.0,14908.0,672,99,577,94,671,99
search:normal_dca_drop,normal_dca_drop,0.05,-81.01481887645903,0.25,0.25,0.05,0.08,0.015,0.5,0.25,0.03,0.25,0.05,0.12,0.012,p0,0.001,10000.0,0.0,5598.993091511169,-44.010069084888315,-72.02787586383712,768,86.84895833333334,0.31127112712738664,52.759464860919216,0.8091302116775696,3823.964438151507,796.8763020833334,200.5,14908.0,668,100,571,96,667,100
search:recovery_dca2_drop,recovery_dca2_drop,0.04,-79.66918551000316,0.25,0.25,0.05,0.08,0.015,0.5,0.25,0.03,0.25,0.04,0.12,0.012,p0,0.001,10000.0,0.0,5745.786092340587,-42.54213907659413,-72.02787586383712,764,86.91099476439791,0.31448826317462275,52.892801418301474,0.8157410341165158,3853.9511604286663,801.0484293193717,204.0,14908.0,665,99,569,95,664,99
search:recovery_dca2_drop,recovery_dca2_drop,0.05,-81.01481887645903,0.25,0.25,0.05,0.08,0.015,0.5,0.25,0.03,0.25,0.05,0.12,0.012,p0,0.001,10000.0,0.0,5598.993091511169,-44.010069084888315,-72.02787586383712,768,86.84895833333334,0.31127112712738664,52.759464860919216,0.8091302116775696,3823.964438151507,796.8763020833334,200.5,14908.0,668,100,571,96,667,100
search:recovery_dca2_drop,recovery_dca2_drop,0.06,-83.41481943710426,0.25,0.25,0.05,0.08,0.015,0.5,0.25,0.03,0.25,0.06,0.12,0.012,p0,0.001,10000.0,0.0,5469.14844104513,-45.30851558954869,-72.02787586383712,744,86.96236559139786,0.3154193123085949,54.27708798184948,0.7946461795424575,3588.3810115579536,822.5819892473119,216.0,14942.0,648,96,556,91,647,96
search:recovery_dca2_drop,recovery_dca2_drop,0.08,-78.25462645447,0.25,0.25,0.05,0.08,0.015,0.5,0.25,0.03,0.25,0.08,0.12,0.012,p0,0.001,10000.0,0.0,5834.459852283142,-41.655401477168574,-72.02787586383712,756,86.90476190476191,0.3195346471249433,51.61111309393264,0.817331378206686,3812.102793650281,809.5251322751323,210.5,14942.0,658,98,563,94,657,98
search:sl_ref,sl_ref,p0,-78.25462645447,0.25,0.25,0.05,0.08,0.015,0.5,0.25,0.03,0.25,0.08,0.12,0.012,p0,0.001,10000.0,0.0,5834.459852283142,-41.655401477168574,-72.02787586383712,756,86.90476190476191,0.3195346471249433,51.61111309393264,0.817331378206686,3812.102793650281,809.5251322751323,210.5,14942.0,658,98,563,94,657,98
search:sl_ref,sl_ref,wap,-88.39518159179016,0.25,0.25,0.05,0.08,0.015,0.5,0.25,0.03,0.25,0.08,0.12,0.012,wap,0.001,10000.0,0.0,5160.036984647935,-48.39963015352065,-72.02787586383712,626,89.45686900958466,0.264013403767086,53.920772738093866,0.7689530555653914,3102.5162423317847,977.6373801916933,206.0,14908.0,561,65,497,63,560,65
search:normal_initial_pct,normal_initial_pct,0.15,-58.14417006010761,0.15,0.25,0.05,0.08,0.015,0.5,0.25,0.03,0.25,0.08,0.12,0.012,p0,0.001,10000.0,0.0,7181.601088108978,-28.183989118910226,-72.02787586383712,785,87.77070063694268,0.45381601507895913,39.13051899492132,0.8465048614941304,3249.146775133222,779.6191082802547,216.0,14942.0,690,95,598,91,689,95
search:normal_initial_pct,normal_initial_pct,0.2,-84.88482484945051,0.2,0.25,0.05,0.08,0.015,0.5,0.25,0.03,0.25,0.08,0.12,0.012,p0,0.001,10000.0,0.0,5306.982884944127,-46.93017115055873,-72.02787586383712,754,87.40053050397879,0.3729786040400901,54.26470969663413,0.7684715225155428,3227.1010801694943,811.6724137931035,238.5,14942.0,660,94,572,87,659,94
search:normal_initial_pct,normal_initial_pct,0.25,-78.25462645447,0.25,0.25,0.05,0.08,0.015,0.5,0.25,0.03,0.25,0.08,0.12,0.012,p0,0.001,10000.0,0.0,5834.459852283142,-41.655401477168574,-72.02787586383712,756,86.90476190476191,0.3195346471249433,51.61111309393264,0.817331378206686,3812.102793650281,809.5251322751323,210.5,14942.0,658,98,563,94,657,98
search:normal_initial_pct,normal_initial_pct,0.3,-89.42361192318171,0.3,0.25,0.05,0.08,0.015,0.5,0.25,0.03,0.25,0.08,0.12,0.012,p0,0.001,10000.0,0.0,4942.927017230424,-50.57072982769576,-72.02787586383712,752,86.70212765957447,0.27240346721241143,56.00360107040454,0.7986037591633272,4067.019554333168,813.8311170212766,211.5,14942.0,653,99,558,94,652,99
search:recovery_initial_pct,recovery_initial_pct,0.4,-62.79942796880742,0.15,0.25,0.05,0.08,0.015,0.4,0.3,0.03,0.3,0.08,0.12,0.012,p0,0.001,10000.0,0.0,6777.078859406853,-32.229211405931466,-72.02787586383712,793,87.76796973518285,0.4558917803370295,40.56032383613443,0.8197937798330615,3073.9940152654317,771.7540983606557,218.0,12331.0,697,96,604,92,696,96
search:recovery_initial_pct,recovery_initial_pct,0.5,-58.14417006010761,0.15,0.25,0.05,0.08,0.015,0.5,0.25,0.03,0.25,0.08,0.12,0.012,p0,0.001,10000.0,0.0,7181.601088108978,-28.183989118910226,-72.02787586383712,785,87.77070063694268,0.45381601507895913,39.13051899492132,0.8465048614941304,3249.146775133222,779.6191082802547,216.0,14942.0,690,95,598,91,689,95
search:recovery_initial_pct,recovery_initial_pct,0.6,-69.03607358081898,0.15,0.25,0.05,0.08,0.015,0.6,0.2,0.03,0.2,0.08,0.12,0.012,p0,0.001,10000.0,0.0,6337.951030804315,-36.62048969195685,-72.02787586383712,754,87.79840848806366,0.43950483045837996,43.186570076574846,0.8042561678239429,3160.1815245893254,811.6724137931035,232.0,14908.0,663,91,577,85,662,91
baseline,,,-76.02890458254673,0.15,0.25,0.05,0.08,0.015,0.5,0.25,0.03,0.25,0.08,0.12,0.012,p0,0.001,10000.0,0.0,6171.984648171663,-38.28015351828336,-48.161876864513175,774,88.50129198966408,0.4887153774225422,45.38273899329848,0.7790161168538995,2801.5884119297352,1129.3036175710595,312.0,16850.0,686,88,604,81,685,88
search:normal_sl_pct,normal_sl_pct,0.02,-117.86884548303738,0.15,0.25,0.05,0.02,0.015,0.5,0.25,0.03,0.25,0.08,0.12,0.012,p0,0.001,10000.0,0.0,2815.5175556921045,-71.84482444307896,-48.161876864513175,1412,68.34277620396601,-0.06992461906750212,75.5403744689631,0.7327649901518649,4779.333982739539,619.0375354107649,193.0,18587.0,965,447,551,414,964,447
search:normal_sl_pct,normal_sl_pct,0.03,-109.54892661708936,0.15,0.25,0.05,0.03,0.015,0.5,0.25,0.03,0.25,0.08,0.12,0.012,p0,0.001,10000.0,0.0,3582.121229954938,-64.17878770045063,-48.161876864513175,1176,73.55442176870748,-0.08882844906424545,70.91984699427522,0.7263276737167389,3935.1054076713212,743.2661564625851,275.0,24914.0,866,310,579,286,865,310
search:normal_sl_pct,normal_sl_pct,0.04,-117.05052507365184,0.15,0.25,0.05,0.04,0.015,0.5,0.25,0.03,0.25,0.08,0.12,0.012,p0,0.001,10000.0,0.0,3132.0217888335114,-68.67978211166488,-48.161876864513175,1040,77.6923076923077,-0.07358608061680756,74.32915259064059,0.6729676467656448,3191.6183480557543,840.4625,328.0,25951.0,809,231,599,209,808,231
search:normal_sl_pct,normal_sl_pct,0.05,-110.42605669832005,0.15,0.25,0.05,0.05,0.015,0.5,0.25,0.03,0.25,0.08,0.12,0.012,p0,0.001,10000.0,0.0,3578.4158438394543,-64.21584156160546,-48.161876864513175,1014,79.88165680473372,0.43713927873580904,69.43342172642065,0.6884498298736694,3666.602156043101,862.0128205128206,288.5,24914.0,810,204,623,187,809,204
search:normal_sl_pct,normal_sl_pct,0.06,-103.56397492049189,0.15,0.25,0.05,0.06,0.015,0.5,0.25,0.03,0.25,0.08,0.12,0.012,p0,0.001,10000.0,0.0,4112.075489145554,-58.87924510854447,-48.161876864513175,938,83.7953091684435,0.44887235437846196,64.51996424365318,0.6994084617825088,3226.610916316178,931.8560767590618,299.5,24490.0,786,152,647,139,785,152
search:normal_sl_pct,normal_sl_pct,0.08,-76.02890458254673,0.15,0.25,0.05,0.08,0.015,0.5,0.25,0.03,0.25,0.08,0.12,0.012,p0,0.001,10000.0,0.0,6171.984648171663,-38.28015351828336,-48.161876864513175,774,88.50129198966408,0.4887153774225422,45.38273899329848,0.7790161168538995,2801.5884119297352,1129.3036175710595,312.0,16850.0,686,88,604,81,685,88
search:recovery_sl_pct,recovery_sl_pct,0.06,-78.54973790006412,0.15,0.25,0.05,0.08,0.015,0.5,0.25,0.03,0.25,0.08,0.06,0.012,p0,0.001,10000.0,0.0,5891.146051932039,-41.08853948067961,-48.161876864513175,836,87.32057416267942,0.4509528971611003,47.04102522792371,0.7843409897343251,3194.642328509695,1045.5514354066986,287.5,16850.0,731,105,643,87,730,105
search:recovery_sl_pct,recovery_sl_pct,0.08,-72.71551731812893,0.15,0.25,0.05,0.08,0.015,0.5,0.25,0.03,0.25,0.08,0.08,0.012,p0,0.001,10000.0,0.0,6331.1019545158615,-36.68898045484138,-48.161876864513175,811,88.03945745992601,0.4942911829901059,43.31222703524753,0.8040114869382552,3192.168297930329,1077.7817509247843,289.0,16850.0,715,96,630,84,714,96
search:recovery_sl_pct,recovery_sl_pct,0.1,-77.1223397856032,0.15,0.25,0.05,0.08,0.015,0.5,0.25,0.03,0.25,0.08,0.1,0.012,p0,0.001,10000.0,0.0,6062.255511227364,-39.37744488772636,-48.161876864513175,800,88.25,0.48554232939601116,46.35375646242035,0.7779051551408475,2895.3771331908833,1092.60125,297.5,16850.0,707,93,622,84,706,93
search:recovery_sl_pct,recovery_sl_pct,0.12,-76.02890458254673,0.15,0.25,0.05,0.08,0.015,0.5,0.25,0.03,0.25,0.08,0.12,0.012,p0,0.001,10000.0,0.0,6171.984648171663,-38.28015351828336,-48.161876864513175,774,88.50129198966408,0.4887153774225422,45.38273899329848,0.7790161168538995,2801.5884119297352,1129.3036175710595,312.0,16850.0,686,88,604,81,685,88
search:recovery_sl_pct,recovery_sl_pct,0.15,-82.80987739473616,0.15,0.25,0.05,0.08,0.015,0.5,0.25,0.03,0.25,0.08,0.15,0.012,p0,0.001,10000.0,0.0,5736.72923438131,-42.63270765618691,-48.161876864513175,749,88.78504672897196,0.4876769611217983,49.23441068315103,0.7465931577735765,2584.0072233843634,1166.9973297730307,336.0,16850.0,666,83,588,77,665,83
search:recovery_sl_pct,recovery_sl_pct,0.2,-47.12607079155704,0.15,0.25,0.05,0.08,0.015,0.5,0.25,0.03,0.25,0.08,0.2,0.012,p0,0.001,10000.0,0.0,8577.547196322776,-14.224528036772243,-48.161876864513175,682,89.00293255131965,0.5245729555535891,31.625920309178586,0.9185304851362642,3238.7901314370083,1281.6436950146629,404.0,27115.0,608,74,535,72,607,74
search:normal_tp_pct,normal_tp_pct,0.006,-96.47515923521323,0.15,0.25,0.05,0.08,0.006,0.5,0.25,0.03,0.25,0.08,0.2,0.012,p0,0.001,10000.0,0.0,4222.433085674136,-57.775669143258646,-48.161876864513175,1589,95.28005034612964,0.1338170746966428,62.73011506958148,0.6198690911005789,4292.73679738291,550.0824417872876,53.0,24191.0,1515,74,1444,70,1514,74
search:normal_tp_pct,normal_tp_pct,0.008,-75.86968878397587,0.15,0.25,0.05,0.08,0.008,0.5,0.25,0.03,0.25,0.08,0.2,0.012,p0,0.001,10000.0,0.0,5896.745860231684,-41.03254139768316,-48.161876864513175,1223,93.86753883892068,0.24100883853031266,50.61556487343035,0.7450947595206673,4054.1971397712623,714.7023712183156,112.0,27115.0,1149,74,1077,71,1148,74
search:normal_tp_pct,normal_tp_pct,0.01,-54.196417971673895,0.15,0.25,0.05,0.08,0.01,0.5,0.25,0.03,0.25,0.08,0.2,0.012,p0,0.001,10000.0,0.0,7629.939496132166,-23.700605038678347,-48.161876864513175,987,92.40121580547113,0.33906151999259926,37.37579337696713,0.8550201118364887,3855.5294311058456,885.5937183383992,202.0,27115.0,913,74,840,72,912,74
search:normal_tp_pct,normal_tp_pct,0.012,-82.18000793311218,0.15,0.25,0.05,0.08,0.012,0.5,0.25,0.03,0.25,0.08,0.2,0.012,p0,0.001,10000.0,0.0,5596.010953775075,-44.039890462249254,-48.161876864513175,876,91.0958904109589,0.3966420244812744,49.67198532224336,0.7562015698705921,3273.7456956359624,997.8093607305937,260.5,27042.0,799,77,725,73,798,77
search:normal_tp_pct,normal_tp_pct,0.015,-47.12607079155704,0.15,0.25,0.05,0.08,0.015,0.5,0.25,0.03,0.25,0.08,0.2,0.012,p0,0.001,10000.0,0.0,8577.547196322776,-14.224528036772243,-48.161876864513175,682,89.00293255131965,0.5245729555535891,31.625920309178586,0.9185304851362642,3238.7901314370083,1281.6436950146629,404.0,27115.0,608,74,535,72,607,74
search:normal_tp_pct,normal_tp_pct,0.02,-71.72253854188655,0.15,0.25,0.05,0.08,0.02,0.5,0.25,0.03,0.25,0.08,0.2,0.012,p0,0.001,10000.0,0.0,6969.554274328692,-30.30445725671308,-48.161876864513175,515,85.8252427184466,0.6255158961024447,37.576304965168944,0.8304149066592339,2549.8340627089383,1697.2446601941747,724.0,27112.0,442,73,372,70,441,73
search:recovery_tp_pct,recovery_tp_pct,0.008,-65.73313722009998,0.15,0.25,0.05,0.08,0.015,0.5,0.25,0.03,0.25,0.08,0.2,0.008,p0,0.001,10000.0,0.0,7029.207896059281,-29.707921039407193,-48.161876864513175,719,89.01251738525731,0.4845225400895546,39.632036441125955,0.8202975225194635,3044.288214008115,1215.6898470097358,364.0,26491.0,641,78,564,76,640,78
search:recovery_tp_pct,recovery_tp_pct,0.01,-53.157781178075865,0.15,0.25,0.05,0.08,0.015,0.5,0.25,0.03,0.25,0.08,0.2,0.01,p0,0.001,10000.0,0.0,8072.35184296296,-19.276481570370397,-48.161876864513175,693,89.17748917748918,0.516097630285062,34.127928700740426,0.8844115238102692,3124.1043449615017,1261.3001443001442,385.0,26483.0,619,74,546,72,618,74
search:recovery_tp_pct,recovery_tp_pct,0.012,-47.12607079155704,0.15,0.25,0.05,0.08,0.015,0.5,0.25,0.03,0.25,0.08,0.2,0.012,p0,0.001,10000.0,0.0,8577.547196322776,-14.224528036772243,-48.161876864513175,682,89.00293255131965,0.5245729555535891,31.625920309178586,0.9185304851362642,3238.7901314370083,1281.6436950146629,404.0,27115.0,608,74,535,72,607,74
search:recovery_tp_pct,recovery_tp_pct,0.015,-71.83957920214212,0.15,0.25,0.05,0.08,0.015,0.5,0.25,0.03,0.25,0.08,0.2,0.015,p0,0.001,10000.0,0.0,6711.792270435808,-32.88207729564192,-48.161876864513175,663,88.9894419306184,0.5162979295462482,42.758402505810864,0.8299351722179694,3038.1988132610795,1318.3725490196077,397.0,29085.0,591,72,522,68,590,72
search:recovery_tp_pct,recovery_tp_pct,0.02,-88.63219000983393,0.15,0.25,0.05,0.08,0.015,0.5,0.25,0.03,0.25,0.08,0.2,0.02,p0,0.001,10000.0,0.0,5631.522002191188,-43.684779978088116,-48.161876864513175,618,88.9967637540453,0.5200519397057425,52.178272059176635,0.7721637867408949,2539.6231058473236,1414.3705501618124,455.0,29097.0,551,67,489,61,550,67
search:recovery_tp_pct,recovery_tp_pct,0.025,-106.32898705632039,0.15,0.25,0.05,0.08,0.015,0.5,0.25,0.03,0.25,0.08,0.2,0.025,p0,0.001,10000.0,0.0,4536.979721244868,-54.63020278755132,-48.161876864513175,565,89.38053097345133,0.5300957135123909,62.14300806556173,0.698218363801174,2016.2469888204253,1547.046017699115,460.0,37114.0,506,59,454,51,505,59
search:normal_dca_drop,normal_dca_drop,0.02,-91.93778186847405,0.15,0.25,0.02,0.08,0.015,0.5,0.25,0.03,0.25,0.08,0.2,0.012,p0,0.001,10000.0,0.0,5153.828359437052,-48.461716405629474,-48.161876864513175,737,89.14518317503392,0.3139914444885958,55.325500441745234,0.7781118014212555,3306.5294227780823,1185.998643147897,299.0,27042.0,658,79,582,75,657,79
search:normal_dca_drop,normal_dca_drop,0.03,-108.94288382751365,0.15,0.25,0.03,0.08,0.015,0.5,0.25,0.03,0.25,0.08,0.2,0.012,p0,0.001,10000.0,0.0,4058.4485867939616,-59.41551413206039,-48.161876864513175,709,89.13963328631876,0.35735049159914656,66.1791023434218,0.6957188890248964,2718.7259750214575,1232.836389280677,383.0,27784.0,633,76,561,71,632,76
search:normal_dca_drop,normal_dca_drop,0.04,-95.66250668184209,0.15,0.25,0.04,0.08,0.015,0.5,0.25,0.03,0.25,0.08,0.2,0.012,p0,0.001,10000.0,0.0,4993.582666220086,-50.06417333779913,-48.161876864513175,719,89.01251738525731,0.4187401684251604,58.77827076782629,0.7421837389329341,2925.1823396814657,1215.6898470097358,361.0,27784.0,640,79,565,75,639,79
search:normal_dca_drop,normal_dca_drop,0.05,-47.12607079155704,0.15,0.25,0.05,0.08,0.015,0.5,0.25,0.03,0.25,0.08,0.2,0.012,p0,0.001,10000.0,0.0,8577.547196322776,-14.224528036772243,-48.161876864513175,682,89.00293255131965,0.5245729555535891,31.625920309178586,0.9185304851362642,3238.7901314370083,1281.6436950146629,404.0,27115.0,608,74,535,72,607,74
search:recovery_dca2_drop,recovery_dca2_drop,0.04,-98.3586292993887,0.15,0.25,0.05,0.08,0.015,0.5,0.25,0.03,0.25,0.04,0.2,0.012,p0,0.001,10000.0,0.0,4747.880596595925,-52.52119403404074,-48.161876864513175,690,89.13043478260869,0.4733100352570809,57.89396231813549,0.6806214544124051,2283.5459312949774,1266.7840579710146,335.0,37114.0,616,74,546,69,615,74
search:recovery_dca2_drop,recovery_dca2_drop,0.05,-81.93501662559191,0.15,0.25,0.05,0.08,0.015,0.5,0.25,0.03,0.25,0.05,0.2,0.012,p0,0.001,10000.0,0.0,5915.984162729683,-40.84015837270317,-48.161876864513175,674,89.16913946587538,0.4947684231612379,47.60688762348272,0.7680412681772335,2741.95965726585,1296.8560830860533,359.0,27047.0,602,72,533,68,601,72
search:recovery_dca2_drop,recovery_dca2_drop,0.06,-83.25867716244692,0.15,0.25,0.05,0.08,0.015,0.5,0.25,0.03,0.25,0.06,0.2,0.012,p0,0.001,10000.0,0.0,5765.08024654713,-42.349197534528706,-48.161876864513175,709,88.99858956276445,0.4879630711949099,48.94332220835168,0.7642127698125254,2795.038599409598,1232.836389280677,344.0,27047.0,632,77,558,73,631,77
search:recovery_dca2_drop,recovery_dca2_drop,0.08,-47.12607079155704,0.15,0.25,0.05,0.08,0.015,0.5,0.25,0.03,0.25,0.08,0.2,0.012,p0,0.001,10000.0,0.0,8577.547196322776,-14.224528036772243,-48.161876864513175,682,89.00293255131965,0.5245729555535891,31.625920309178586,0.9185304851362642,3238.7901314370083,1281.6436950146629,404.0,27115.0,608,74,535,72,607,74
search:sl_ref,sl_ref,p0,-47.12607079155704,0.15,0.25,0.05,0.08,0.015,0.5,0.25,0.03,0.25,0.08,0.2,0.012,p0,0.001,10000.0,0.0,8577.547196322776,-14.224528036772243,-48.161876864513175,682,89.00293255131965,0.5245729555535891,31.625920309178586,0.9185304851362642,3238.7901314370083,1281.6436950146629,404.0,27115.0,608,74,535,72,607,74
search:sl_ref,sl_ref,wap,-60.79031104253028,0.15,0.25,0.05,0.08,0.015,0.5,0.25,0.03,0.25,0.08,0.2,0.012,wap,0.001,10000.0,0.0,7767.521571825021,-22.32478428174979,-48.161876864513175,627,91.86602870813397,0.49546970747357466,39.75589137376725,0.8584339004849831,2555.1347105769937,1394.0685805422647,406.0,23083.0,577,50,527,49,576,50
search:normal_initial_pct,normal_initial_pct,0.15,-47.12607079155704,0.15,0.25,0.05,0.08,0.015,0.5,0.25,0.03,0.25,0.08,0.2,0.012,p0,0.001,10000.0,0.0,8577.547196322776,-14.224528036772243,-48.161876864513175,682,89.00293255131965,0.5245729555535891,31.625920309178586,0.9185304851362642,3238.7901314370083,1281.6436950146629,404.0,27115.0,608,74,535,72,607,74
search:normal_initial_pct,normal_initial_pct,0.2,-85.02078911501566,0.2,0.25,0.05,0.08,0.015,0.5,0.25,0.03,0.25,0.08,0.2,0.012,p0,0.001,10000.0,0.0,5755.666709890944,-42.44333290109056,-48.161876864513175,661,88.6535552193646,0.42793356500678836,49.89193713788548,0.7977200427769636,3359.181196552231,1322.3615733736763,404.0,27042.0,587,74,516,70,586,74
search:normal_initial_pct,normal_initial_pct,0.25,-93.85249590196857,0.25,0.25,0.05,0.08,0.015,0.5,0.25,0.03,0.25,0.08,0.2,0.012,p0,0.001,10000.0,0.0,5268.41535766801,-47.3158464233199,-48.161876864513175,649,88.13559322033898,0.35977491028599246,57.15831179756442,0.7914778022145988,3585.2944881640665,1346.8120184899847,404.0,27784.0,573,76,500,72,572,76
search:normal_initial_pct,normal_initial_pct,0.3,-99.74159294802737,0.3,0.25,0.05,0.08,0.015,0.5,0.25,0.03,0.25,0.08,0.2,0.012,p0,0.001,10000.0,0.0,4894.083687818878,-51.059163121811224,-48.161876864513175,628,87.89808917197452,0.30403167676768,60.24889362270829,0.7902647976620731,3816.4680631599495,1391.8487261146497,406.5,27784.0,552,76,480,72,551,76
search:recovery_initial_pct,recovery_initial_pct,0.4,-47.23236195565072,0.15,0.25,0.05,0.08,0.015,0.4,0.3,0.03,0.3,0.08,0.2,0.012,p0,0.001,10000.0,0.0,8578.317988847408,-14.21682011152592,-48.161876864513175,698,89.25501432664757,0.543629755494612,32.63734920878444,0.9179459792283229,3191.6178600176027,1252.2650429799428,397.0,26280.0,624,74,551,72,623,74
search:recovery_initial_pct,recovery_initial_pct,0.5,-47.12607079155704,0.15,0.25,0.05,0.08,0.015,0.5,0.25,0.03,0.25,0.08,0.2,0.012,p0,0.001,10000.0,0.0,8577.547196322776,-14.224528036772243,-48.161876864513175,682,89.00293255131965,0.5245729555535891,31.625920309178586,0.9185304851362642,3238.7901314370083,1281.6436950146629,404.0,27115.0,608,74,535,72,607,74
search:recovery_initial_pct,recovery_initial_pct,0.6,-81.07850112739263,0.15,0.25,0.05,0.08,0.015,0.6,0.2,0.03,0.2,0.08,0.2,0.012,p0,0.001,10000.0,0.0,5882.032981965762,-41.179670180342384,-48.161876864513175,706,88.81019830028329,0.4748986266275404,46.78232667219302,0.7751387667821473,2900.5334100085556,1238.0750708215298,360.0,27047.0,628,78,553,74,627,78
baseline,,,-8.927843597946879,0.15,0.25,0.05,0.08,0.015,0.5,0.25,0.03,0.25,0.08,0.2,0.012,p0,0.001,10000.0,0.0,11654.147653874237,16.541476538742362,152.72041464275054,3316,89.56574185765983,0.5736782786403266,52.61461894847823,1.0160539521396608,20982.359842620277,884.6945114595899,198.0,35943.0,2971,345,2630,340,2970,345
search:normal_sl_pct,normal_sl_pct,0.02,-244.59151087266866,0.15,0.25,0.05,0.02,0.015,0.5,0.25,0.03,0.25,0.08,0.2,0.012,p0,0.001,10000.0,0.0,540.8489127331341,-94.59151087266866,152.72041464275054,5001,69.54609078184363,-0.02022707703557887,97.14490172403755,0.8560214924511146,12926.600936182775,586.6120775844831,115.0,81383.0,3474,1527,2005,1473,3473,1527
search:normal_sl_pct,normal_sl_pct,0.03,-243.19643573126353,0.15,0.25,0.05,0.03,0.015,0.5,0.25,0.03,0.25,0.08,0.2,0.012,p0,0.001,10000.0,0.0,680.3564268736454,-93.19643573126355,152.72041464275054,4492,75.1113089937667,-0.022564116035531212,96.97175752132868,0.8572823383894562,12280.017674359655,653.0825912733749,150.5,54916.0,3375,1117,2300,1074,3374,1117
search:normal_sl_pct,normal_sl_pct,0.04,-238.5490819010355,0.15,0.25,0.05,0.04,0.015,0.5,0.25,0.03,0.25,0.08,0.2,0.012,p0,0.001,10000.0,0.0,1145.0918098964507,-88.54908190103549,152.72041464275054,4086,78.73225648556044,-0.014186581999917345,94.07726251504774,0.8640852792529498,11999.466110142424,717.9752814488497,159.0,54919.0,3218,868,2382,835,3217,868
search:normal_sl_pct,normal_sl_pct,0.05,-243.55013168589957,0.15,0.25,0.05,0.05,0.015,0.5,0.25,0.03,0.25,0.08,0.2,0.012,p0,0.001,10000.0,0.0,644.9868314100431,-93.55013168589957,152.72041464275054,3765,81.48738379814077,0.49910602416119376,96.99306218128717,0.8490444203794804,12818.931889186739,779.1891102257636,179.0,54911.0,3069,696,2401,667,3068,696
search:normal_sl_pct,normal_sl_pct,0.06,-236.7163586259644,0.15,0.25,0.05,0.06,0.015,0.5,0.25,0.03,0.25,0.08,0.2,0.012,p0,0.001,10000.0,0.0,1328.3641374035585,-86.71635862596442,152.72041464275054,3499,85.33866819091169,0.5225226316939385,92.90571110146692,0.867451497725615,12622.910624254255,838.424406973421,185.0,43863.0,2987,512,2495,491,2986,512
search:normal_sl_pct,normal_sl_pct,0.08,-8.927843597946879,0.15,0.25,0.05,0.08,0.015,0.5,0.25,0.03,0.25,0.08,0.2,0.012,p0,0.001,10000.0,0.0,11654.147653874237,16.541476538742362,152.72041464275054,3316,89.56574185765983,0.5736782786403266,52.61461894847823,1.0160539521396608,20982.359842620277,884.6945114595899,198.0,35943.0,2971,345,2630,340,2970,345
search:recovery_sl_pct,recovery_sl_pct,0.06,-105.407114545742,0.15,0.25,0.05,0.08,0.015,0.5,0.25,0.03,0.25,0.08,0.06,0.012,p0,0.001,10000.0,0.0,2947.225067987096,-70.52774932012905,152.72041464275054,3764,88.39001062699256,0.5168895208215087,77.45596154968595,0.9011374464485061,13339.85373299198,779.3961211477152,160.0,35943.0,3328,436,2948,379,3327,436
search:recovery_sl_pct,recovery_sl_pct,0.08,-95.46376518920407,0.15,0.25,0.05,0.08,0.015,0.5,0.25,0.03,0.25,0.08,0.08,0.012,p0,0.001,10000.0,0.0,3855.796176515477,-61.44203823484523,152.72041464275054,3656,88.86761487964989,0.5448972639325967,75.02406916379644,0.9260532533739243,15868.61537645769,802.4198577680526,173.0,35943.0,3250,406,2879,370,3249,406
search:recovery_sl_pct,recovery_sl_pct,0.1,-88.75889974568898,0.15,0.25,0.05,0.08,0.015,0.5,0.25,0.03,0.25,0.08,0.1,0.012,p0,0.001,10000.0,0.0,4445.176807842742,-55.54823192157258,152.72041464275054,3601,89.16967509025271,0.5511024713133974,72.84322398961616,0.9363235152618746,16658.404148584425,814.675645653985,173.0,35943.0,3212,389,2847,364,3211,389
search:recovery_sl_pct,recovery_sl_pct,0.12,-73.57385628264684,0.15,0.25,0.05,0.08,0.015,0.5,0.25,0.03,0.25,0.08,0.12,0.012,p0,0.001,10000.0,0.0,5647.139493494324,-43.52860506505676,152.72041464275054,3527,89.31102920328891,0.5551580615834303,64.71602356424741,0.9523180162928131,17613.728505477025,831.7683583782251,177.0,35943.0,3151,376,2791,359,3150,376
search:recovery_sl_pct,recovery_sl_pct,0.15,-72.57678987557479,0.15,0.25,0.05,0.08,0.015,0.5,0.25,0.03,0.25,0.08,0.15,0.012,p0,0.001,10000.0,0.0,5710.90999474707,-42.89090005252929,152.72041464275054,3468,89.47520184544406,0.559130477976743,63.64073738921696,0.9512746399950267,16867.879446189563,845.9189734717417,182.0,35943.0,3104,364,2752,351,3103,364
search:recovery_sl_pct,recovery_sl_pct,0.2,-8.927843597946879,0.15,0.25,0.05,0.08,0.015,0.5,0.25,0.03,0.25,0.08,0.2,0.012,p0,0.001,10000.0,0.0,11654.147653874237,16.541476538742362,152.72041464275054,3316,89.56574185765983,0.5736782786403266,52.61461894847823,1.0160539521396608,20982.359842620277,884.6945114595899,198.0,35943.0,2971,345,2630,340,2970,345
search:normal_tp_pct,normal_tp_pct,0.006,-240.59723893538018,0.15,0.25,0.05,0.08,0.006,0.5,0.25,0.03,0.25,0.08,0.2,0.012,p0,0.001,10000.0,0.0,940.2761064619831,-90.59723893538016,152.72041464275054,7663,95.51089651572491,0.1589298235770604,92.55264159346335,0.7952118582408414,16113.796347383362,382.8327025968942,30.0,35861.0,7320,343,6986,333,7319,343
search:normal_tp_pct,normal_tp_pct,0.008,-103.78087899901358,0.15,0.25,0.05,0.08,0.008,0.5,0.25,0.03,0.25,0.08,0.2,0.012,p0,0.001,10000.0,0.0,3076.648226615184,-69.23351773384816,152.72041464275054,5883,94.10164881862994,0.26685380476382786,80.13508895247672,0.8904585222046255,19007.78066172041,498.66513683494816,57.0,27115.0,5537,346,5197,339,5536,346
search:normal_tp_pct,normal_tp_pct,0.01,-91.02915549363769,0.15,0.25,0.05,0.08,0.01,0.5,0.25,0.03,0.25,0.08,0.2,0.012,p0,0.001,10000.0,0.0,4152.166354323159,-58.47833645676841,152.72041464275054,4894,92.6644871270944,0.3574135345365955,73.88407916144169,0.9122745734203372,16772.224260546842,599.4374744585207,86.0,31498.0,4536,358,4184,351,4535,358
search:normal_tp_pct,normal_tp_pct,0.012,-100.46675850553457,0.15,0.25,0.05,0.08,0.012,0.5,0.25,0.03,0.25,0.08,0.2,0.012,p0,0.001,10000.0,0.0,3453.5301394013904,-65.46469860598609,152.72041464275054,4042,91.46462147451756,0.4409358835861512,78.43276293541253,0.9091180336774816,15534.251529219035,725.7909450766947,128.5,35943.0,3698,344,3363,334,3697,344
search:normal_tp_pct,normal_tp_pct,0.015,-8.927843597946879,0.15,0.25,0.05,0.08,0.015,0.5,0.25,0.03,0.25,0.08,0.2,0.012,p0,0.001,10000.0,0.0,11654.147653874237,16.541476538742362,152.72041464275054,3316,89.56574185765983,0.5736782786403266,52.61461894847823,1.0160539521396608,20982.359842620277,884.6945114595899,198.0,35943.0,2971,345,2630,340,2970,345
search:normal_tp_pct,normal_tp_pct,0.02,0.5594456549168259,0.15,0.25,0.05,0.08,0.02,0.5,0.25,0.03,0.25,0.08,0.2,0.012,p0,0.001,10000.0,0.0,12344.00054898213,23.440005489821303,152.72041464275054,2575,86.48543689320388,0.7260852693560298,42.96039473289226,1.020325010378997,19721.575056384918,1139.2803883495146,309.0,33795.0,2228,347,1885,342,2227,347
search:recovery_tp_pct,recovery_tp_pct,0.008,-28.922473511427352,0.15,0.25,0.05,0.08,0.02,0.5,0.25,0.03,0.25,0.08,0.2,0.008,p0,0.001,10000.0,0.0,9605.476598515861,-3.9452340148413922,152.72041464275054,2735,86.94698354661791,0.7161056488170578,49.03520568844844,0.996116704024345,18245.548501981197,1072.6314442413163,277.0,35188.0,2379,356,2026,352,2378,356
search:recovery_tp_pct,recovery_tp_pct,0.01,-42.062894881568624,0.15,0.25,0.05,0.08,0.02,0.5,0.25,0.03,0.25,0.08,0.2,0.01,p0,0.001,10000.0,0.0,8360.809431567286,-16.391905684327135,152.72041464275054,2587,86.74139930421337,0.7155403730984701,50.00252614347095,0.9827472188648714,16260.895683295259,1133.9957479706222,290.0,33798.0,2245,342,1908,336,2244,342
search:recovery_tp_pct,recovery_tp_pct,0.012,0.5594456549168259,0.15,0.25,0.05,0.08,0.02,0.5,0.25,0.03,0.25,0.08,0.2,0.012,p0,0.001,10000.0,0.0,12344.00054898213,23.440005489821303,152.72041464275054,2575,86.48543689320388,0.7260852693560298,42.96039473289226,1.020325010378997,19721.575056384918,1139.2803883495146,309.0,33795.0,2228,347,1885,342,2227,347
search:recovery_tp_pct,recovery_tp_pct,0.015,-78.59262279884149,0.15,0.25,0.05,0.08,0.02,0.5,0.25,0.03,0.25,0.08,0.2,0.015,p0,0.001,10000.0,0.0,5685.5837646639975,-43.14416235336003,152.72041464275054,2431,86.9600987248046,0.754976604235464,73.53658200634045,0.9531689544429494,13715.30273973993,1206.765528589058,331.0,40191.0,2115,316,1812,302,2114,316
search:recovery_tp_pct,recovery_tp_pct,0.02,-87.62626498579762,0.15,0.25,0.05,0.08,0.02,0.5,0.25,0.03,0.25,0.08,0.2,0.02,p0,0.001,10000.0,0.0,5017.093512056172,-49.82906487943828,152.72041464275054,2158,86.70064874884153,0.7664177609407664,77.50014229555543,0.9473627995669373,12712.71444317431,1359.4286376274329,357.5,40179.0,1872,286,1603,268,1871,286
search:recovery_tp_pct,recovery_tp_pct,0.025,-73.82678333131389,0.15,0.25,0.05,0.08,0.02,0.5,0.25,0.03,0.25,0.08,0.2,0.025,p0,0.001,10000.0,0.0,6090.455871302717,-39.09544128697283,152.72041464275054,2002,86.41358641358642,0.7882598854730524,68.51137833762589,0.9567842713425279,11227.262564922587,1465.3581418581418,377.5,54849.0,1731,271,1479,251,1730,271
search:normal_dca_drop,normal_dca_drop,0.02,-66.01794397865491,0.15,0.25,0.02,0.08,0.02,0.5,0.25,0.03,0.25,0.08,0.2,0.012,p0,0.001,10000.0,0.0,6765.695878871267,-32.34304121128733,152.72041464275054,2664,86.97447447447448,0.512680850538412,70.4220213703709,0.975506164726632,19867.661541584894,1101.2188438438438,259.0,27784.0,2318,346,1980,337,2317,346
search:normal_dca_drop,normal_dca_drop,0.03,-52.90164916797776,0.15,0.25,0.03,0.08,0.02,0.5,0.25,0.03,0.25,0.08,0.2,0.012,p0,0.001,10000.0,0.0,7679.007952302001,-23.209920476979985,152.72041464275054,2743,87.09442216551221,0.6085947925755689,60.86053299253271,0.9834884383326561,21903.522324771882,1069.5030987969376,271.0,27115.0,2390,353,2043,346,2389,353
search:normal_dca_drop,normal_dca_drop,0.04,-36.9361662348299,0.15,0.25,0.04,0.08,0.02,0.5,0.25,0.03,0.25,0.08,0.2,0.012,p0,0.001,10000.0,0.0,8987.485219745711,-10.12514780254289,152.72041464275054,2661,86.99736940999624,0.6772195609491305,53.2467916650843,0.9908642856364777,17831.04221766055,1102.4603532506576,296.0,27790.0,2316,345,1977,338,2315,345
search:normal_dca_drop,normal_dca_drop,0.05,0.5594456549168259,0.15,0.25,0.05,0.08,0.02,0.5,0.25,0.03,0.25,0.08,0.2,0.012,p0,0.001,10000.0,0.0,12344.00054898213,23.440005489821303,152.72041464275054,2575,86.48543689320388,0.7260852693560298,42.96039473289226,1.020325010378997,19721.575056384918,1139.2803883495146,309.0,33795.0,2228,347,1885,342,2227,347
search:recovery_dca2_drop,recovery_dca2_drop,0.04,-56.07696407037219,0.15,0.25,0.05,0.08,0.02,0.5,0.25,0.03,0.25,0.04,0.2,0.012,p0,0.001,10000.0,0.0,7125.721548413848,-28.74278451586152,152.72041464275054,2602,86.51037663335896,0.7118075663509282,54.24221771794463,0.9679683589391327,14581.432664975327,1127.4584934665643,289.5,33795.0,2252,350,1909,342,2251,350
search:recovery_dca2_drop,recovery_dca2_drop,0.05,-17.915555337828003,0.15,0.25,0.05,0.08,0.02,0.5,0.25,0.03,0.25,0.05,0.2,0.012,p0,0.001,10000.0,0.0,10709.46428462584,7.094642846258403,152.72041464275054,2589,86.5198918501352,0.7227119310325496,48.3614987433369,1.0063736720946084,18777.158220345893,1133.1197373503283,314.0,33795.0,2241,348,1898,342,2240,348
search:recovery_dca2_drop,recovery_dca2_drop,0.06,-3.9894297253121005,0.15,0.25,0.05,0.08,0.02,0.5,0.25,0.03,0.25,0.06,0.2,0.012,p0,0.001,10000.0,0.0,12102.80130093452,21.0280130093452,152.72041464275054,2582,86.44461657629743,0.7220828593895877,48.34121043850228,1.0169554237254008,21162.774730402798,1136.1917118512781,312.5,33795.0,2233,349,1888,344,2232,349
search:recovery_dca2_drop,recovery_dca2_drop,0.08,0.5594456549168259,0.15,0.25,0.05,0.08,0.02,0.5,0.25,0.03,0.25,0.08,0.2,0.012,p0,0.001,10000.0,0.0,12344.00054898213,23.440005489821303,152.72041464275054,2575,86.48543689320388,0.7260852693560298,42.96039473289226,1.020325010378997,19721.575056384918,1139.2803883495146,309.0,33795.0,2228,347,1885,342,2227,347
search:sl_ref,sl_ref,p0,0.5594456549168259,0.15,0.25,0.05,0.08,0.02,0.5,0.25,0.03,0.25,0.08,0.2,0.012,p0,0.001,10000.0,0.0,12344.00054898213,23.440005489821303,152.72041464275054,2575,86.48543689320388,0.7260852693560298,42.96039473289226,1.020325010378997,19721.575056384918,1139.2803883495146,309.0,33795.0,2228,347,1885,342,2227,347
search:sl_ref,sl_ref,wap,-31.903796147886265,0.15,0.25,0.05,0.08,0.02,0.5,0.25,0.03,0.25,0.08,0.2,0.012,wap,0.001,10000.0,0.0,9493.470618937647,-5.065293810623539,152.72041464275054,2136,90.63670411985018,0.7691326285560061,49.92837780008565,0.9935693966284208,11554.62132687964,1373.430243445693,333.0,97796.0,1937,199,1741,195,1936,199
search:normal_initial_pct,normal_initial_pct,0.15,0.5594456549168259,0.15,0.25,0.05,0.08,0.02,0.5,0.25,0.03,0.25,0.08,0.2,0.012,p0,0.001,10000.0,0.0,12344.00054898213,23.440005489821303,152.72041464275054,2575,86.48543689320388,0.7260852693560298,42.96039473289226,1.020325010378997,19721.575056384918,1139.2803883495146,309.0,33795.0,2228,347,1885,342,2227,347
search:normal_initial_pct,normal_initial_pct,0.2,-74.94140874657387,0.2,0.25,0.05,0.08,0.02,0.5,0.25,0.03,0.25,0.08,0.2,0.012,p0,0.001,10000.0,0.0,5966.750420540494,-40.33249579459506,152.72041464275054,2495,86.2124248496994,0.639938895700038,71.82465211942598,0.9623144668385246,16759.40082681495,1175.8104208416833,292.0,27790.0,2152,343,1817,334,2151,343
search:normal_initial_pct,normal_initial_pct,0.25,-65.21320821892681,0.25,0.25,0.05,0.08,0.02,0.5,0.25,0.03,0.25,0.08,0.2,0.012,p0,0.001,10000.0,0.0,6655.206490764921,-33.44793509235079,152.72041464275054,2515,85.72564612326043,0.5724352601150127,64.83243231942214,0.9713310881264526,18164.405520856526,1166.4600397614315,282.0,27112.0,2157,358,1805,351,2156,358
search:normal_initial_pct,normal_initial_pct,0.3,-98.92400408439083,0.3,0.25,0.05,0.08,0.02,0.5,0.25,0.03,0.25,0.08,0.2,0.012,p0,0.001,10000.0,0.0,3857.1469102081282,-61.42853089791871,152.72041464275054,2446,85.60915780866722,0.5176587956270309,78.74661939299958,0.9487882858744398,17904.69441093233,1199.3650858544563,292.0,27042.0,2095,351,1753,341,2094,351
search:recovery_initial_pct,recovery_initial_pct,0.4,-43.50256244283253,0.15,0.25,0.05,0.08,0.02,0.4,0.3,0.03,0.3,0.08,0.2,0.012,p0,0.001,10000.0,0.0,8207.100192982789,-17.92899807017211,152.72041464275054,2638,86.54283548142531,0.7276329218951262,50.033005889952776,0.979944287882991,14573.804036649439,1112.0724033358606,292.5,33795.0,2284,354,1935,348,2283,354
search:recovery_initial_pct,recovery_initial_pct,0.5,0.5594456549168259,0.15,0.25,0.05,0.08,0.02,0.5,0.25,0.03,0.25,0.08,0.2,0.012,p0,0.001,10000.0,0.0,12344.00054898213,23.440005489821303,152.72041464275054,2575,86.48543689320388,0.7260852693560298,42.96039473289226,1.020325010378997,19721.575056384918,1139.2803883495146,309.0,33795.0,2228,347,1885,342,2227,347
search:recovery_initial_pct,recovery_initial_pct,0.6,-71.75729904704782,0.15,0.25,0.05,0.08,0.02,0.6,0.2,0.03,0.2,0.08,0.2,0.012,p0,0.001,10000.0,0.0,6033.480576308675,-39.66519423691325,152.72041464275054,2516,86.5262321144674,0.7033356071424945,65.6553067391679,0.9593762312037435,15849.329467736045,1165.9964228934816,287.0,40191.0,2178,338,1849,328,2177,338
