tag,score,dual_ok,param_initial_pct,param_dca_level_weights,param_sub_order_weights,param_dca_depths,param_take_profit_pct,param_fee_rate,param_capital,param_reentry_delay_bars,param_stop_loss_pct,param_stop_loss_ref,param_max_hold_bars,param_breakeven_after_bars,param_breakeven_buffer_pct,equity_final,total_return_pct,buy_hold_return_pct,num_cycles,win_rate,avg_pnl_pct,max_drawdown_pct,profit_factor,total_fees,avg_hold_bars,median_hold_bars,max_hold_bars_seen,tp_exits,sl_exits,time_exits,breakeven_exits
seed_sl35_wap,-60.41510297563492,False,0.08,"[1, 2, 4, 8]","[1, 2, 4]","[0.03, 0.08, 0.18, 0.35]",0.03,0.001,10000.0,0,0.35,wap,0,0,0.001,30918.607345439697,209.18607345439696,152.72041464275054,617,99.02755267423015,2.4769127786308633,66.67424691080724,1.492659573040066,4814.639228270606,4754.695299837926,904.0,156921.0,611,5,0,0
sl_wap=0.28,66.87024314641792,False,0.08,"[1, 2, 4, 8]","[1, 2, 4]","[0.03, 0.08, 0.18, 0.35]",0.03,0.001,10000.0,0,0.28,wap,0,0,0.001,41368.25294629135,313.6825294629135,152.72041464275054,639,98.90453834115806,2.4940805233415375,57.32603222564384,1.6074495952854508,6360.007300258959,4590.996870109546,904.0,156921.0,632,6,0,0
sl_wap=0.3,-17.177703259153642,False,0.08,"[1, 2, 4, 8]","[1, 2, 4]","[0.03, 0.08, 0.18, 0.35]",0.03,0.001,10000.0,0,0.3,wap,0,0,0.001,33803.9493036578,238.039493036578,152.72041464275054,636,98.89937106918238,2.473835115432771,61.2577916450903,1.4705390719888658,5701.226781271926,4612.652515723271,899.5,156921.0,629,6,0,0
sl_wap=0.32,33.276386044955444,False,0.08,"[1, 2, 4, 8]","[1, 2, 4]","[0.03, 0.08, 0.18, 0.35]",0.03,0.001,10000.0,0,0.32,wap,0,0,0.001,39752.79501539287,297.5279501539287,152.72041464275054,617,99.02755267423015,2.5011753637200034,63.999440750277934,1.6809146971274023,5578.328536801541,4754.695299837926,912.0,156921.0,611,5,0,0
sl_wap=0.35,-60.41510297563492,False,0.08,"[1, 2, 4, 8]","[1, 2, 4]","[0.03, 0.08, 0.18, 0.35]",0.03,0.001,10000.0,0,0.35,wap,0,0,0.001,30918.607345439697,209.18607345439696,152.72041464275054,617,99.02755267423015,2.4769127786308633,66.67424691080724,1.492659573040066,4814.639228270606,4754.695299837926,904.0,156921.0,611,5,0,0
sl_wap=0.38,-196.72957726836344,False,0.08,"[1, 2, 4, 8]","[1, 2, 4]","[0.03, 0.08, 0.18, 0.35]",0.03,0.001,10000.0,0,0.38,wap,0,0,0.001,20600.340668194152,106.00340668194153,152.72041464275054,594,98.98989898989899,2.4393058257457674,73.11717946100539,1.2645439791754445,3857.0430000338533,4938.799663299664,917.5,203851.0,588,5,0,0
sl_wap=0.4,-143.8495455575539,False,0.08,"[1, 2, 4, 8]","[1, 2, 4]","[0.03, 0.08, 0.18, 0.35]",0.03,0.001,10000.0,0,0.4,wap,0,0,0.001,25399.582069792552,153.9958206979255,152.72041464275054,559,99.10554561717353,2.476007313940941,63.93569765111151,1.3894606636825713,4156.277185933998,5248.026833631485,919.0,221085.0,554,4,0,0
sl_wap=0.45,-137.19948654573363,False,0.08,"[1, 2, 4, 8]","[1, 2, 4]","[0.03, 0.08, 0.18, 0.35]",0.03,0.001,10000.0,0,0.45,wap,0,0,0.001,30806.40371346539,208.06403713465392,152.72041464275054,493,99.39148073022312,2.530844591675947,68.11558135799567,1.6581303054889052,3942.8412931037515,5950.602434077079,965.0,285567.0,490,2,0,0
sl_p0=0.3,-29.480633151393832,False,0.08,"[1, 2, 4, 8]","[1, 2, 4]","[0.03, 0.08, 0.18, 0.35]",0.03,0.001,10000.0,0,0.3,p0,0,0,0.001,25814.44173862455,158.1444173862455,152.72041464275054,784,97.44897959183673,2.24395140108833,37.431815120477005,1.295174043678535,5552.143801564888,3741.8966836734694,864.5,146998.0,764,19,0,0
sl_p0=0.35,40.51100172385852,False,0.08,"[1, 2, 4, 8]","[1, 2, 4]","[0.03, 0.08, 0.18, 0.35]",0.03,0.001,10000.0,0,0.35,p0,0,0,0.001,33702.0443828879,237.020443828879,152.72041464275054,716,98.18435754189943,2.4277358320100313,36.68947005775394,1.3353560404838793,7555.7845801297335,4097.272346368715,926.0,146998.0,703,12,0,0
sl_p0=0.4,-68.45820679219369,False,0.08,"[1, 2, 4, 8]","[1, 2, 4]","[0.03, 0.08, 0.18, 0.35]",0.03,0.001,10000.0,0,0.4,p0,0,0,0.001,25956.922955835376,159.56922955835378,152.72041464275054,677,98.52289512555392,2.4180430744726635,52.808597907320745,1.3406510889568561,4901.430833102326,4333.304283604136,892.0,146998.0,667,9,0,0
sl_p0=0.5,-179.6301957214807,False,0.08,"[1, 2, 4, 8]","[1, 2, 4]","[0.03, 0.08, 0.18, 0.35]",0.03,0.001,10000.0,0,0.5,p0,0,0,0.001,22079.267568166182,120.79267568166183,152.72041464275054,593,98.98819561551433,2.445249163534134,71.8610169550612,1.2984803357167811,4000.027661738016,4947.1281618887015,921.0,203833.0,587,5,0,0
tp=0.012,45.326457896521305,False,0.08,"[1, 2, 4, 8]","[1, 2, 4]","[0.03, 0.08, 0.18, 0.35]",0.012,0.001,10000.0,0,0.28,wap,0,0,0.001,31663.045178703564,216.6304517870356,152.72041464275054,2124,99.71751412429379,0.9271168375575792,60.064628098767216,1.6564350696944825,11230.761859415992,1381.189736346516,153.5,146780.0,2118,5,0,0
tp=0.015,89.68031016564265,False,0.08,"[1, 2, 4, 8]","[1, 2, 4]","[0.03, 0.08, 0.18, 0.35]",0.015,0.001,10000.0,0,0.28,wap,0,0,0.001,36922.15034296672,269.2215034296672,152.72041464275054,1586,99.62168978562421,1.2013925954698776,59.646350211759156,1.7288926080199467,10155.771976854572,1849.7143757881463,241.0,146782.0,1580,5,0,0
tp=0.02,39.58629077995187,False,0.08,"[1, 2, 4, 8]","[1, 2, 4]","[0.03, 0.08, 0.18, 0.35]",0.02,0.001,10000.0,0,0.28,wap,0,0,0.001,33592.584720409795,235.92584720409798,152.72041464275054,1112,99.37050359712231,1.6301039249292233,58.12298112346432,1.5001341843861165,8254.448508760503,2638.171762589928,414.0,147183.0,1105,6,0,0
tp=0.025,143.357237426126,False,0.08,"[1, 2, 4, 8]","[1, 2, 4]","[0.03, 0.08, 0.18, 0.35]",0.025,0.001,10000.0,0,0.28,wap,0,0,0.001,46996.406566456426,369.96406566456426,152.72041464275054,784,99.23469387755102,2.0938495298663713,57.868555517066135,1.8917015807192623,7194.039922053079,3741.8966836734694,682.0,156732.0,778,5,0,0
tp=0.03,66.87024314641792,False,0.08,"[1, 2, 4, 8]","[1, 2, 4]","[0.03, 0.08, 0.18, 0.35]",0.03,0.001,10000.0,0,0.28,wap,0,0,0.001,41368.25294629135,313.6825294629135,152.72041464275054,639,98.90453834115806,2.4940805233415375,57.32603222564384,1.6074495952854508,6360.007300258959,4590.996870109546,904.0,156921.0,632,6,0,0
tp=0.035,39.056151739291494,False,0.08,"[1, 2, 4, 8]","[1, 2, 4]","[0.03, 0.08, 0.18, 0.35]",0.035,0.001,10000.0,0,0.28,wap,0,0,0.001,41446.40683685286,314.4640683685286,152.72041464275054,511,98.63013698630137,2.911105401843272,56.74090610574204,1.5573964162044924,5847.186824048635,5740.99217221135,1088.0,159969.0,504,6,0,0
be_after=48h,-3.852846555457056,False,0.08,"[1, 2, 4, 8]","[1, 2, 4]","[0.03, 0.08, 0.18, 0.35]",0.025,0.001,10000.0,0,0.28,wap,0,2880,0.001,27518.27363036907,175.1827363036907,152.72041464275054,1204,73.421926910299,1.5587427681142163,51.99117611863271,1.55370868040366,8465.159033468026,2436.5838870431894,866.5,147181.0,884,4,0,315
be_after=72h,7.60059062438625,False,0.08,"[1, 2, 4, 8]","[1, 2, 4]","[0.03, 0.08, 0.18, 0.35]",0.025,0.001,10000.0,0,0.28,wap,0,4320,0.001,29629.02425824191,196.29024258241907,152.72041464275054,1041,81.26801152737752,1.7310029464237986,52.049200418459016,1.593749256964541,8044.349156276032,2818.104707012488,821.0,147181.0,846,4,0,190
be_after=120h,4.226835917164237,False,0.08,"[1, 2, 4, 8]","[1, 2, 4]","[0.03, 0.08, 0.18, 0.35]",0.025,0.001,10000.0,0,0.28,wap,0,7200,0.001,29897.89419414547,198.97894194145468,152.72041464275054,958,88.62212943632568,1.8730144029339104,52.09746123705186,1.468687723463962,8105.710596854286,3062.2620041753653,765.5,146767.0,849,5,0,103
be_after=168h,22.64141584577198,False,0.08,"[1, 2, 4, 8]","[1, 2, 4]","[0.03, 0.08, 0.18, 0.35]",0.025,0.001,10000.0,0,0.28,wap,0,10080,0.001,31834.848861879083,218.34848861879084,152.72041464275054,918,91.39433551198258,1.9328973529528177,50.838045916331446,1.5003865728763353,8039.595669391905,3195.693899782135,736.0,147181.0,839,5,0,73
max_hold=7d,-70.93422315717545,False,0.08,"[1, 2, 4, 8]","[1, 2, 4]","[0.03, 0.08, 0.18, 0.35]",0.025,0.001,10000.0,0,0.28,wap,10080,0,0.001,17295.817078047425,72.95817078047423,152.72041464275054,1247,91.3392141138733,1.6485740208194644,36.68782451097954,1.1303935451923808,7191.139974626805,2352.563753007217,857.0,10080.0,1130,1,115,0
max_hold=14d,-55.05268837555438,False,0.08,"[1, 2, 4, 8]","[1, 2, 4]","[0.03, 0.08, 0.18, 0.35]",0.025,0.001,10000.0,0,0.28,wap,20160,0,0.001,21289.498763205498,112.89498763205499,152.72041464275054,1016,95.17716535433071,1.8304865096124299,45.34159001449919,1.2056667030987276,7106.108424272499,2887.4478346456694,776.0,20160.0,962,2,51,0
max_hold=30d,24.64707570714006,False,0.08,"[1, 2, 4, 8]","[1, 2, 4]","[0.03, 0.08, 0.18, 0.35]",0.025,0.001,10000.0,0,0.28,wap,43200,0,0.001,32217.40671387552,222.1740671387552,152.72041464275054,875,98.05714285714285,1.9827984353328234,54.31510280243008,1.397980580409871,7514.625861194076,3352.7394285714286,741.0,43200.0,858,3,13,0
refine_tp0.02_sl0.32_mh0d,11.354080081146819,False,0.08,"[1, 2, 4, 8]","[1, 2, 4]","[0.03, 0.08, 0.18, 0.35]",0.02,0.001,10000.0,0,0.32,wap,0,0,0.001,32129.72274077192,221.29722740771916,152.72041464275054,1075,99.44186046511628,1.6336742330430662,63.78974918844689,1.560299495108289,7145.01855379478,2728.973953488372,425.0,147183.0,1069,5,0,0
refine_tp0.02_sl0.32_mh30d,-119.97654190259092,False,0.08,"[1, 2, 4, 8]","[1, 2, 4]","[0.03, 0.08, 0.18, 0.35]",0.02,0.001,10000.0,0,0.32,wap,43200,0,0.001,17619.791635833346,76.19791635833346,152.72041464275054,1164,98.53951890034365,1.5433987615986566,64.04413792302482,1.1641704164797848,6510.215097629505,2520.3152920962198,478.0,43200.0,1147,3,13,0
refine_tp0.02_sl0.35_mh0d,42.27427682349854,False,0.08,"[1, 2, 4, 8]","[1, 2, 4]","[0.03, 0.08, 0.18, 0.35]",0.02,0.001,10000.0,0,0.35,wap,0,0,0.001,34432.37862362046,244.3237862362046,152.72041464275054,1020,99.50980392156863,1.6464413848248007,58.00354827756937,1.6342686104408575,7269.564584117301,2876.1245098039217,422.5,147183.0,1015,4,0,0
refine_tp0.02_sl0.35_mh30d,-148.3961407252393,False,0.08,"[1, 2, 4, 8]","[1, 2, 4]","[0.03, 0.08, 0.18, 0.35]",0.02,0.001,10000.0,0,0.35,wap,43200,0,0.001,15133.989006791728,51.33989006791728,152.72041464275054,1160,98.53448275862068,1.5347842599145136,65.71628990930918,1.1140749953314062,6036.885269793335,2529.0060344827584,479.0,43200.0,1143,3,13,0
refine_tp0.02_sl0.38_mh0d,-87.54693039327915,False,0.08,"[1, 2, 4, 8]","[1, 2, 4]","[0.03, 0.08, 0.18, 0.35]",0.02,0.001,10000.0,0,0.38,wap,0,0,0.001,24758.287500006296,147.58287500006296,152.72041464275054,980,99.48979591836735,1.6277615254871782,63.63178580370173,1.3954896263873025,6019.369815462725,2993.5173469387755,447.0,203850.0,975,4,0,0
refine_tp0.02_sl0.38_mh30d,-147.22528209944286,False,0.08,"[1, 2, 4, 8]","[1, 2, 4]","[0.03, 0.08, 0.18, 0.35]",0.02,0.001,10000.0,0,0.38,wap,43200,0,0.001,15646.651005075511,56.46651005075511,152.72041464275054,1146,98.51657940663176,1.536376590628771,67.30797856685739,1.1365865080750075,5659.718549524425,2559.9013961605583,481.0,43200.0,1129,2,14,0
refine_tp0.025_sl0.32_mh0d,19.890935500426792,False,0.08,"[1, 2, 4, 8]","[1, 2, 4]","[0.03, 0.08, 0.18, 0.35]",0.025,0.001,10000.0,0,0.32,wap,0,0,0.001,35801.35448664673,258.01354486646727,152.72041464275054,791,99.24146649810368,2.0703966231545308,64.0403727051674,1.6195255534421948,6180.51053804935,3708.7825537294566,674.0,156732.0,785,5,0,0
refine_tp0.025_sl0.32_mh30d,-41.57417440422418,False,0.08,"[1, 2, 4, 8]","[1, 2, 4]","[0.03, 0.08, 0.18, 0.35]",0.025,0.001,10000.0,0,0.32,wap,43200,0,0.001,26340.3225258628,163.40322525862803,152.72041464275054,871,98.04822043628015,1.9676144763676473,57.84784196807322,1.3068591928708606,6695.276383772572,3368.1366245694603,744.0,43200.0,854,3,13,0
refine_tp0.025_sl0.35_mh0d,-71.08735121432711,False,0.08,"[1, 2, 4, 8]","[1, 2, 4]","[0.03, 0.08, 0.18, 0.35]",0.025,0.001,10000.0,0,0.35,wap,0,0,0.001,27243.52017288829,172.4352017288829,152.72041464275054,785,99.23566878980891,2.0496090432041205,66.38600221154873,1.429714680980014,5259.1877665766115,3737.1299363057324,668.0,156732.0,779,5,0,0
refine_tp0.025_sl0.35_mh30d,-60.00051398858882,False,0.08,"[1, 2, 4, 8]","[1, 2, 4]","[0.03, 0.08, 0.18, 0.35]",0.025,0.001,10000.0,0,0.35,wap,43200,0,0.001,24363.0663345253,143.630663345253,152.72041464275054,860,98.0232558139535,1.9612904445224573,56.63622058743047,1.2923371242616444,6112.332147888441,3411.217441860465,755.0,43200.0,843,2,14,0
refine_tp0.025_sl0.38_mh0d,-149.5184120432054,False,0.08,"[1, 2, 4, 8]","[1, 2, 4]","[0.03, 0.08, 0.18, 0.35]",0.025,0.001,10000.0,0,0.38,wap,0,0,0.001,20424.409771355487,104.2440977135549,152.72041464275054,778,99.22879177377892,2.0281585686571133,71.08567358821234,1.2688100344480848,4512.498050202196,3770.754498714653,682.0,156732.0,772,5,0,0
refine_tp0.025_sl0.38_mh30d,-87.48851147073216,False,0.08,"[1, 2, 4, 8]","[1, 2, 4]","[0.03, 0.08, 0.18, 0.35]",0.025,0.001,10000.0,0,0.38,wap,43200,0,0.001,22055.726614924577,120.55726614924578,152.72041464275054,860,98.0232558139535,1.9543276468480395,58.84352073049853,1.2560010710166911,5689.270835395607,3411.217441860465,755.0,43200.0,843,2,14,0
refine_tp0.03_sl0.32_mh0d,33.276386044955444,False,0.08,"[1, 2, 4, 8]","[1, 2, 4]","[0.03, 0.08, 0.18, 0.35]",0.03,0.001,10000.0,0,0.32,wap,0,0,0.001,39752.79501539287,297.5279501539287,152.72041464275054,617,99.02755267423015,2.5011753637200034,63.999440750277934,1.6809146971274023,5578.328536801541,4754.695299837926,912.0,156921.0,611,5,0,0
refine_tp0.03_sl0.32_mh30d,-63.19764830796416,False,0.08,"[1, 2, 4, 8]","[1, 2, 4]","[0.03, 0.08, 0.18, 0.35]",0.03,0.001,10000.0,0,0.32,wap,43200,0,0.001,26396.443418087998,163.96443418087995,152.72041464275054,686,97.52186588921283,2.344919236576559,57.586224278566434,1.2966945385247646,5766.625337824875,4276.453352769679,945.5,43200.0,668,3,14,0
refine_tp0.03_sl0.35_mh0d,-60.41510297563492,False,0.08,"[1, 2, 4, 8]","[1, 2, 4]","[0.03, 0.08, 0.18, 0.35]",0.03,0.001,10000.0,0,0.35,wap,0,0,0.001,30918.607345439697,209.18607345439696,152.72041464275054,617,99.02755267423015,2.4769127786308633,66.67424691080724,1.492659573040066,4814.639228270606,4754.695299837926,904.0,156921.0,611,5,0,0
refine_tp0.03_sl0.35_mh30d,-101.09908443464494,False,0.08,"[1, 2, 4, 8]","[1, 2, 4]","[0.03, 0.08, 0.18, 0.35]",0.03,0.001,10000.0,0,0.35,wap,43200,0,0.001,22390.247560991964,123.90247560991963,152.72041464275054,683,97.51098096632504,2.329795429416574,56.271165105139886,1.2342227649502004,5249.729790553209,4295.237188872621,947.0,43200.0,665,3,14,0
refine_tp0.03_sl0.38_mh0d,-196.72957726836344,False,0.08,"[1, 2, 4, 8]","[1, 2, 4]","[0.03, 0.08, 0.18, 0.35]",0.03,0.001,10000.0,0,0.38,wap,0,0,0.001,20600.340668194152,106.00340668194153,152.72041464275054,594,98.98989898989899,2.4393058257457674,73.11717946100539,1.2645439791754445,3857.0430000338533,4938.799663299664,917.5,203851.0,588,5,0,0
refine_tp0.03_sl0.38_mh30d,-94.63418669574759,False,0.08,"[1, 2, 4, 8]","[1, 2, 4]","[0.03, 0.08, 0.18, 0.35]",0.03,0.001,10000.0,0,0.38,wap,43200,0,0.001,23492.38874885992,134.92388748859923,152.72041464275054,678,97.49262536873157,2.3344211711680503,58.15347479405087,1.2826033543374749,4927.6541934892375,4326.912979351033,955.5,43200.0,660,2,15,0
