stage,score_crash,score_full,param_initial_pct,param_dca_level_weights,param_sub_order_weights,param_dca_depths,param_take_profit_pct,param_fee_rate,param_capital,param_reentry_delay_bars,param_stop_loss_pct,param_stop_loss_ref,param_max_hold_bars,equity_final,total_return_pct,buy_hold_return_pct,num_cycles,win_rate,avg_pnl_pct,max_drawdown_pct,profit_factor,total_fees,avg_hold_bars,median_hold_bars,max_hold_bars_seen,tp_exits,sl_exits,time_exits,window,sl,ref,max_hold
baseline:crash_2022,-128.43207289280224,-103.47121616355449,0.05,"[8, 4, 2, 1]","[2, 3, 4]","[0.02, 0.08, 0.2, 0.4]",0.012,0.001,10000.0,0,0.0,wap,0,3003.290341605507,-69.96709658394494,-72.26310681185907,36,97.22222222222221,-1.0550842064073533,79.51630990999557,0.1340721212874981,232.44281876506727,283.3611111111111,4.5,9466.0,35,0,0,crash_2022,,,
baseline:crash_2025_26,-87.70347205653641,-69.37820370006226,0.05,"[8, 4, 2, 1]","[2, 3, 4]","[0.02, 0.08, 0.2, 0.4]",0.012,0.001,10000.0,0,0.0,wap,0,5722.0525418525485,-42.77947458147452,-48.024150476882454,96,98.95833333333334,0.3969023620745987,65.5609284340602,0.4285738323348498,665.6468389550255,151.76041666666666,4.5,7116.0,95,0,0,crash_2025_26,,,
baseline:full,1970.495519462255,2004.365705705792,0.05,"[8, 4, 2, 1]","[2, 3, 4]","[0.02, 0.08, 0.2, 0.4]",0.012,0.001,10000.0,0,0.0,wap,0,214228.18700786252,2042.2818700786252,153.7360197256392,1338,99.9252615844544,0.9536732991823332,79.51630990999557,1.6928438809323902,101302.17835919603,36.54559043348281,1.0,32400.0,1337,0,0,full,,,
sl_sweep:crash_2022,-128.43207289280224,-103.47121616355449,0.05,"[8, 4, 2, 1]","[2, 3, 4]","[0.02, 0.08, 0.2, 0.4]",0.012,0.001,10000.0,0,0.0,wap,0,3003.290341605507,-69.96709658394494,-72.26310681185907,36,97.22222222222221,-1.0550842064073533,79.51630990999557,0.1340721212874981,232.44281876506727,283.3611111111111,4.5,9466.0,35,0,0,crash_2022,0.0,wap,0.0
sl_sweep:crash_2025_26,-87.70347205653641,-69.37820370006226,0.05,"[8, 4, 2, 1]","[2, 3, 4]","[0.02, 0.08, 0.2, 0.4]",0.012,0.001,10000.0,0,0.0,wap,0,5722.0525418525485,-42.77947458147452,-48.024150476882454,96,98.95833333333334,0.3969023620745987,65.5609284340602,0.4285738323348498,665.6468389550255,151.76041666666666,4.5,7116.0,95,0,0,crash_2025_26,0.0,wap,0.0
sl_sweep:full,1970.495519462255,2004.365705705792,0.05,"[8, 4, 2, 1]","[2, 3, 4]","[0.02, 0.08, 0.2, 0.4]",0.012,0.001,10000.0,0,0.0,wap,0,214228.18700786252,2042.2818700786252,153.7360197256392,1338,99.9252615844544,0.9536732991823332,79.51630990999557,1.6928438809323902,101302.17835919603,36.54559043348281,1.0,32400.0,1337,0,0,full,0.0,wap,0.0
sl_sweep:crash_2022,229.39224679334714,228.33630144830877,0.05,"[8, 4, 2, 1]","[2, 3, 4]","[0.02, 0.08, 0.2, 0.4]",0.012,0.001,10000.0,0,0.03,wap,0,33339.55771500282,233.3955771500282,-72.26310681185907,2251,91.91470457574411,0.6597915404893728,14.24330875746715,1.3390415777125977,22852.63561946027,4.531763660595291,2.0,96.0,2069,181,0,crash_2022,0.03,wap,0.0
sl_sweep:crash_2025_26,76.26639691112437,77.03496920405027,0.05,"[8, 4, 2, 1]","[2, 3, 4]","[0.02, 0.08, 0.2, 0.4]",0.012,0.001,10000.0,0,0.03,wap,0,18428.366014472456,84.28366014472456,-48.024150476882454,2246,90.78361531611753,0.6126323767569387,20.442927175619438,1.1506931904684867,16425.697909143633,6.486642920747997,3.0,96.0,2039,206,0,crash_2025_26,0.03,wap,0.0
sl_sweep:full,11729.824834378152,11731.98573218032,0.05,"[8, 4, 2, 1]","[2, 3, 4]","[0.02, 0.08, 0.2, 0.4]",0.012,0.001,10000.0,0,0.03,wap,0,1184159.0984491438,11741.590984491439,153.7360197256392,9038,91.8123478645718,0.6546131884182116,27.047284667248217,1.166687269622526,2091193.5625195517,5.410267758353618,2.0,282.0,8298,739,0,full,0.03,wap,0.0
sl_sweep:crash_2022,210.2655861372823,210.4820478430482,0.05,"[8, 4, 2, 1]","[2, 3, 4]","[0.02, 0.08, 0.2, 0.4]",0.012,0.001,10000.0,0,0.04,wap,0,31781.07115513506,217.8107115513506,-72.26310681185907,2036,94.05697445972496,0.6908706954035262,20.704173042525486,1.3497920153858802,19881.558150260367,5.010314341846758,2.0,107.0,1915,120,0,crash_2022,0.04,wap,0.0
sl_sweep:crash_2025_26,92.9085806937344,93.56909659920133,0.05,"[8, 4, 2, 1]","[2, 3, 4]","[0.02, 0.08, 0.2, 0.4]",0.012,0.001,10000.0,0,0.04,wap,0,20066.530257712842,100.66530257712843,-48.024150476882454,1929,93.51995852773459,0.6633802271623038,19.906513710170156,1.1736376719782198,16429.74708401988,7.552617936754795,3.0,178.0,1804,124,0,crash_2025_26,0.04,wap,0.0
sl_sweep:full,28644.855017260725,28648.16240188267,0.05,"[8, 4, 2, 1]","[2, 3, 4]","[0.02, 0.08, 0.2, 0.4]",0.012,0.001,10000.0,0,0.04,wap,0,2875973.32099489,28659.7332099489,153.7360197256392,8122,94.3979315439547,0.7072167496581871,32.511153380208576,1.1874501457511657,4375602.191292977,6.020438315685792,2.0,439.0,7667,454,0,full,0.04,wap,0.0
sl_sweep:crash_2022,278.7478181225578,279.2365283468396,0.05,"[8, 4, 2, 1]","[2, 3, 4]","[0.02, 0.08, 0.2, 0.4]",0.012,0.001,10000.0,0,0.05,wap,0,38774.56798950956,287.74567989509563,-72.26310681185907,1896,95.56962025316456,0.7257995133130691,24.040710873257286,1.489711564328576,19888.956440723094,5.380274261603375,2.0,137.0,1812,83,0,crash_2022,0.05,wap,0.0
sl_sweep:crash_2025_26,21.801656014515526,24.332886067167987,0.05,"[8, 4, 2, 1]","[2, 3, 4]","[0.02, 0.08, 0.2, 0.4]",0.012,0.001,10000.0,0,0.05,wap,0,13418.215361766459,34.18215361766459,-48.024150476882454,1746,94.50171821305841,0.660234590146669,27.74978684857972,1.0755898235190613,11506.016492272183,8.344215349369989,2.0,178.0,1650,95,0,crash_2025_26,0.05,wap,0.0
sl_sweep:full,20444.17425146769,20449.225203148722,0.05,"[8, 4, 2, 1]","[2, 3, 4]","[0.02, 0.08, 0.2, 0.4]",0.012,0.001,10000.0,0,0.05,wap,0,2056349.039310872,20463.49039310872,153.7360197256392,7580,95.56728232189974,0.723811751203667,40.06080207191933,1.148105989394133,3717747.829618371,6.450923482849604,2.0,598.0,7244,335,0,full,0.05,wap,0.0
sl_sweep:crash_2022,245.00028172727505,244.89486689947776,0.05,"[8, 4, 2, 1]","[2, 3, 4]","[0.02, 0.08, 0.2, 0.4]",0.012,0.001,10000.0,0,0.06,wap,0,35250.138753827436,252.50138753827434,-72.26310681185907,1768,96.49321266968326,0.7486761306796256,21.426636214273394,1.5213133448176281,16406.821698014464,5.769796380090498,2.0,165.0,1706,61,0,crash_2022,0.06,wap,0.0
sl_sweep:crash_2025_26,18.010129184039137,22.315560587416442,0.05,"[8, 4, 2, 1]","[2, 3, 4]","[0.02, 0.08, 0.2, 0.4]",0.012,0.001,10000.0,0,0.06,wap,0,13519.15054683871,35.1915054683871,-48.024150476882454,1555,95.69131832797427,0.6918206938881571,36.2190101789791,1.092820650248831,9543.428818090628,9.369131832797427,2.0,352.0,1488,66,0,crash_2025_26,0.06,wap,0.0
sl_sweep:full,83139.89112358479,83143.76340713396,0.05,"[8, 4, 2, 1]","[2, 3, 4]","[0.02, 0.08, 0.2, 0.4]",0.012,0.001,10000.0,0,0.06,wap,0,8325661.577540836,83156.61577540837,153.7360197256392,6974,96.88844278749642,0.7746835487129043,36.21901017897913,1.229344399478572,10127259.950747386,7.011471178663608,2.0,352.0,6757,216,0,full,0.06,wap,0.0
sl_sweep:crash_2022,273.5469661793936,274.2515094336383,0.05,"[8, 4, 2, 1]","[2, 3, 4]","[0.02, 0.08, 0.2, 0.4]",0.012,0.001,10000.0,0,0.08,wap,0,38373.21694997852,283.73216949978524,-72.26310681185907,1561,97.4375400384369,0.7649643580938584,26.57260265993476,1.647808804304011,15606.493909908124,6.534913516976297,2.0,383.0,1521,39,0,crash_2022,0.08,wap,0.0
sl_sweep:crash_2025_26,-26.477332662151134,-20.154993709354073,0.05,"[8, 4, 2, 1]","[2, 3, 4]","[0.02, 0.08, 0.2, 0.4]",0.012,0.001,10000.0,0,0.08,wap,0,9576.406515469478,-4.235934845305223,-48.024150476882454,1410,96.38297872340425,0.6711234895007695,44.94952177975457,0.9884972147628689,8203.704683948225,10.332624113475177,2.0,278.0,1359,50,0,crash_2025_26,0.08,wap,0.0
sl_sweep:full,48948.88771375623,48955.073378589004,0.05,"[8, 4, 2, 1]","[2, 3, 4]","[0.02, 0.08, 0.2, 0.4]",0.012,0.001,10000.0,0,0.08,wap,0,4907112.5752691915,48971.125752691914,153.7360197256392,6473,97.5899891858489,0.7773422673758374,44.94952177975475,1.1500936677225455,8332970.1383530665,7.554147999382049,2.0,815.0,6317,155,0,full,0.08,wap,0.0
sl_sweep:crash_2022,247.85311209407732,250.48195650780474,0.05,"[8, 4, 2, 1]","[2, 3, 4]","[0.02, 0.08, 0.2, 0.4]",0.012,0.001,10000.0,0,0.1,wap,0,36349.21220516671,263.4921220516671,-72.26310681185907,1443,97.99029799029799,0.7771935319365997,36.641635837626616,1.6794252514969654,13888.385632047411,7.069300069300069,2.0,383.0,1414,28,0,crash_2022,0.1,wap,0.0
sl_sweep:crash_2025_26,-6.92064140790619,-1.8559736116950063,0.05,"[8, 4, 2, 1]","[2, 3, 4]","[0.02, 0.08, 0.2, 0.4]",0.012,0.001,10000.0,0,0.1,wap,0,11194.471448740298,11.944714487402974,-48.024150476882454,1238,97.17285945072697,0.6895970864265618,38.70858958385253,1.0365772884363065,7435.707351030618,11.768174474959613,2.0,450.0,1203,34,0,crash_2025_26,0.1,wap,0.0
sl_sweep:full,67030.07678080685,67034.88349640452,0.05,"[8, 4, 2, 1]","[2, 3, 4]","[0.02, 0.08, 0.2, 0.4]",0.012,0.001,10000.0,0,0.1,wap,0,6714876.265665672,67048.76265665672,153.7360197256392,5952,98.20228494623656,0.7980942221646158,38.70858958385245,1.1993854056485067,8763378.245687671,8.215389784946236,2.0,830.0,5845,106,0,full,0.1,wap,0.0
sl_sweep:crash_2022,165.00987183313424,168.5463448908873,0.05,"[8, 4, 2, 1]","[2, 3, 4]","[0.02, 0.08, 0.2, 0.4]",0.012,0.001,10000.0,0,0.12,wap,0,28221.239823840886,182.21239823840887,-72.26310681185907,1387,98.26964671953857,0.7754859476456478,38.507446066561776,1.502221126594751,11577.63787195683,7.354722422494593,2.0,383.0,1363,23,0,crash_2022,0.12,wap,0.0
sl_sweep:crash_2025_26,-33.134979477143894,-24.829717953027515,0.05,"[8, 4, 2, 1]","[2, 3, 4]","[0.02, 0.08, 0.2, 0.4]",0.012,0.001,10000.0,0,0.12,wap,0,9435.260643001111,-5.64739356998889,-48.024150476882454,1121,97.5914362176628,0.6909143534309403,54.04960018704295,0.9832076102886055,7186.837649154011,12.9964317573595,3.0,450.0,1094,26,0,crash_2025_26,0.12,wap,0.0
sl_sweep:full,63309.66372939416,63317.73009728123,0.05,"[8, 4, 2, 1]","[2, 3, 4]","[0.02, 0.08, 0.2, 0.4]",0.012,0.001,10000.0,0,0.12,wap,0,6343702.207703061,63337.02207703061,153.7360197256392,5568,98.59913793103449,0.8149421911501065,54.04960018704281,1.1668572780794473,9519954.021333182,8.781968390804598,2.0,956.0,5490,77,0,full,0.12,wap,0.0
sl_sweep:crash_2022,170.39287391070494,174.64515482388362,0.05,"[8, 4, 2, 1]","[2, 3, 4]","[0.02, 0.08, 0.2, 0.4]",0.012,0.001,10000.0,0,0.15,wap,0,29003.675827589977,190.03675827589976,-72.26310681185907,1185,98.64978902953587,0.7886432300291244,43.29891161094419,1.6152285990652708,10469.351003841233,8.608438818565402,2.0,503.0,1169,15,0,crash_2022,0.15,wap,0.0
sl_sweep:crash_2025_26,-15.091054225846818,-8.544259725117872,0.05,"[8, 4, 2, 1]","[2, 3, 4]","[0.02, 0.08, 0.2, 0.4]",0.012,0.001,10000.0,0,0.15,wap,0,10760.510156839166,7.605101568391648,-48.024150476882454,959,98.1230448383733,0.709647407295186,45.1566932235234,1.028620936417356,5836.472802085211,15.191866527632952,2.0,642.0,941,17,0,crash_2025_26,0.15,wap,0.0
sl_sweep:full,60650.999109986114,60657.2292667182,0.05,"[8, 4, 2, 1]","[2, 3, 4]","[0.02, 0.08, 0.2, 0.4]",0.012,0.001,10000.0,0,0.15,wap,0,6077351.105031386,60673.51105031386,153.7360197256392,5065,98.93385982230997,0.8278852861843615,45.15669322352332,1.261774293346879,6183686.071842072,9.654096742349457,2.0,1268.0,5011,53,0,full,0.15,wap,0.0
sl_sweep:crash_2022,120.1066092241567,125.8882424441014,0.05,"[8, 4, 2, 1]","[2, 3, 4]","[0.02, 0.08, 0.2, 0.4]",0.012,0.001,10000.0,0,0.18,wap,0,24370.975222673016,143.70975222673016,-72.26310681185907,1074,98.88268156424581,0.7965864303393966,50.072938298864855,1.5989786059514466,8005.435443338932,9.498137802607076,2.0,670.0,1062,11,0,crash_2022,0.18,wap,0.0
sl_sweep:crash_2025_26,-9.467633658608218,-3.4211551842266994,0.05,"[8, 4, 2, 1]","[2, 3, 4]","[0.02, 0.08, 0.2, 0.4]",0.012,0.001,10000.0,0,0.18,wap,0,11194.862225211116,11.948622252111175,-48.024150476882454,862,98.49187935034803,0.729332821573183,42.866752900640535,1.0521620089534274,5090.957476474332,16.90139211136891,2.0,658.0,849,12,0,crash_2025_26,0.18,wap,0.0
sl_sweep:full,43547.82656235333,43555.140009629795,0.05,"[8, 4, 2, 1]","[2, 3, 4]","[0.02, 0.08, 0.2, 0.4]",0.012,0.001,10000.0,0,0.18,wap,0,4367318.188550061,43573.181885500606,153.7360197256392,4736,99.1554054054054,0.8392263069095844,50.0729382988648,1.2560959498453375,4482896.53577502,10.324746621621621,2.0,1377.0,4696,39,0,full,0.18,wap,0.0
sl_sweep:crash_2022,96.84896622229121,101.37808815048479,0.05,"[8, 4, 2, 1]","[2, 3, 4]","[0.02, 0.08, 0.2, 0.4]",0.012,0.001,10000.0,0,0.2,wap,0,21617.725017472138,116.17725017472137,-72.26310681185907,1047,98.94937917860554,0.790637529116058,41.36808934199948,1.4540088982477044,7757.597290721552,9.743075453677173,2.0,743.0,1036,10,0,crash_2022,0.2,wap,0.0
sl_sweep:crash_2025_26,-48.59700137570025,-40.518509590322786,0.05,"[8, 4, 2, 1]","[2, 3, 4]","[0.02, 0.08, 0.2, 0.4]",0.012,0.001,10000.0,0,0.2,wap,0,7757.66306006296,-22.423369399370408,-48.024150476882454,849,98.46878680800943,0.6970114871567542,50.63925230394942,0.8957201866608349,4076.619464947334,17.160188457008246,2.0,666.0,836,12,0,crash_2025_26,0.2,wap,0.0
sl_sweep:full,30072.389332439954,30081.077455827406,0.05,"[8, 4, 2, 1]","[2, 3, 4]","[0.02, 0.08, 0.2, 0.4]",0.012,0.001,10000.0,0,0.2,wap,0,3019982.799288952,30099.827992889517,153.7360197256392,4559,99.23228778240842,0.8392030500381206,50.76880309977844,1.2042310698972685,3712217.9955813335,10.725597718797982,2.0,2914.0,4524,34,0,full,0.2,wap,0.0
sl_sweep:crash_2022,25.434646509014932,31.163531742106372,0.05,"[8, 4, 2, 1]","[2, 3, 4]","[0.02, 0.08, 0.2, 0.4]",0.012,0.001,10000.0,0,0.25,wap,0,14673.167409869458,46.73167409869458,-72.26310681185907,848,99.05660377358491,0.7757049325289055,43.360135843621315,1.2325455823178617,5153.467770890714,12.029481132075471,1.0,906.0,840,7,0,crash_2022,0.25,wap,0.0
sl_sweep:crash_2025_26,-29.89213015618362,-21.853338227934753,0.05,"[8, 4, 2, 1]","[2, 3, 4]","[0.02, 0.08, 0.2, 0.4]",0.012,0.001,10000.0,0,0.25,wap,0,9608.31404469619,-3.916859553038099,-48.024150476882454,585,98.80341880341881,0.7271373213608271,49.547245542439775,0.9755999717606085,3271.394375372539,24.904273504273505,2.0,1153.0,578,6,0,crash_2025_26,0.25,wap,0.0
sl_sweep:full,48463.318152462234,48472.733477993155,0.05,"[8, 4, 2, 1]","[2, 3, 4]","[0.02, 0.08, 0.2, 0.4]",0.012,0.001,10000.0,0,0.25,wap,0,4859167.833722422,48491.67833722422,153.7360197256392,3877,99.50993035852463,0.8754697797069361,49.5472455424398,1.355682289587169,3825721.078308229,12.612329120453959,1.0,4924.0,3858,18,0,full,0.25,wap,0.0
sl_sweep:crash_2022,43.67418425002485,49.70499473305093,0.05,"[8, 4, 2, 1]","[2, 3, 4]","[0.02, 0.08, 0.2, 0.4]",0.012,0.001,10000.0,0,0.3,wap,0,16606.85838297771,66.0685838297771,-72.26310681185907,931,99.24812030075188,0.7914227482110764,45.68491069219598,1.2774806699568966,6289.990864352229,10.957035445757251,2.0,881.0,924,6,0,crash_2022,0.3,wap,0.0
sl_sweep:crash_2025_26,-54.79479400035205,-45.48765400133059,0.05,"[8, 4, 2, 1]","[2, 3, 4]","[0.02, 0.08, 0.2, 0.4]",0.012,0.001,10000.0,0,0.3,wap,0,7386.933912521878,-26.13066087478122,-48.024150476882454,526,98.85931558935361,0.6990657098784854,53.52090268639307,0.8284392415229793,2631.573263784879,27.697718631178706,2.0,1159.0,520,5,0,crash_2025_26,0.3,wap,0.0
sl_sweep:full,42685.26811403918,42695.569560359116,0.05,"[8, 4, 2, 1]","[2, 3, 4]","[0.02, 0.08, 0.2, 0.4]",0.012,0.001,10000.0,0,0.3,wap,0,4281590.867608732,42715.90867608732,153.7360197256392,3773,99.60243837794857,0.881305551530292,53.52090268639306,1.3263780017714373,3577728.358268473,12.959978796713491,1.0,4924.0,3758,14,0,full,0.3,wap,0.0
sl_sweep:crash_2022,-128.43207289280224,-103.47121616355449,0.05,"[8, 4, 2, 1]","[2, 3, 4]","[0.02, 0.08, 0.2, 0.4]",0.012,0.001,10000.0,0,0.0,p0,0,3003.290341605507,-69.96709658394494,-72.26310681185907,36,97.22222222222221,-1.0550842064073533,79.51630990999557,0.1340721212874981,232.44281876506727,283.3611111111111,4.5,9466.0,35,0,0,crash_2022,0.0,p0,0.0
sl_sweep:crash_2025_26,-87.70347205653641,-69.37820370006226,0.05,"[8, 4, 2, 1]","[2, 3, 4]","[0.02, 0.08, 0.2, 0.4]",0.012,0.001,10000.0,0,0.0,p0,0,5722.0525418525485,-42.77947458147452,-48.024150476882454,96,98.95833333333334,0.3969023620745987,65.5609284340602,0.4285738323348498,665.6468389550255,151.76041666666666,4.5,7116.0,95,0,0,crash_2025_26,0.0,p0,0.0
sl_sweep:full,1970.495519462255,2004.365705705792,0.05,"[8, 4, 2, 1]","[2, 3, 4]","[0.02, 0.08, 0.2, 0.4]",0.012,0.001,10000.0,0,0.0,p0,0,214228.18700786252,2042.2818700786252,153.7360197256392,1338,99.9252615844544,0.9536732991823332,79.51630990999557,1.6928438809323902,101302.17835919603,36.54559043348281,1.0,32400.0,1337,0,0,full,0.0,p0,0.0
sl_sweep:crash_2022,51.79302395542009,52.68937070359824,0.05,"[8, 4, 2, 1]","[2, 3, 4]","[0.02, 0.08, 0.2, 0.4]",0.012,0.001,10000.0,0,0.03,p0,0,16011.352627075134,60.11352627075133,-72.26310681185907,2571,84.63632827693505,0.5858943910009135,21.050509710674635,1.130877454124578,15934.756244562255,3.967716841695838,2.0,56.0,2175,395,0,crash_2022,0.03,p0,0.0
sl_sweep:crash_2025_26,50.95346599896874,50.6699523850655,0.05,"[8, 4, 2, 1]","[2, 3, 4]","[0.02, 0.08, 0.2, 0.4]",0.012,0.001,10000.0,0,0.03,p0,0,15588.956251401303,55.88956251401302,-48.024150476882454,2596,84.51463790446842,0.5821402993622807,14.697969067519011,1.1080094609076356,17678.890147919657,5.612095531587057,3.0,64.0,2192,403,0,crash_2025_26,0.03,p0,0.0
sl_sweep:full,1106.9026470644228,1109.787956236554,0.05,"[8, 4, 2, 1]","[2, 3, 4]","[0.02, 0.08, 0.2, 0.4]",0.012,0.001,10000.0,0,0.03,p0,0,122046.49007825335,1120.4649007825335,153.7360197256392,10273,84.74642266134528,0.5915003069141458,30.201559961854862,1.1132671265234206,339975.2924269129,4.7598559330283265,2.0,196.0,8697,1575,0,full,0.03,p0,0.0
sl_sweep:crash_2022,228.63429265596432,226.8184667738496,0.05,"[8, 4, 2, 1]","[2, 3, 4]","[0.02, 0.08, 0.2, 0.4]",0.012,0.001,10000.0,0,0.04,p0,0,33065.03354441884,230.6503354441884,-72.26310681185907,2327,90.20197679415557,0.6480465104331115,10.740660317856813,1.3583318349250246,22632.26944278184,4.383755908895574,2.0,96.0,2099,227,0,crash_2022,0.04,p0,0.0
sl_sweep:crash_2025_26,132.60518338607443,131.57803920578553,0.05,"[8, 4, 2, 1]","[2, 3, 4]","[0.02, 0.08, 0.2, 0.4]",0.012,0.001,10000.0,0,0.04,p0,0,23600.6207142472,136.006207142472,-48.024150476882454,2342,89.49615713065756,0.6208093196798643,12.382458347834158,1.2135811216000723,20436.72736759214,6.220751494449189,3.0,107.0,2096,245,0,crash_2025_26,0.04,p0,0.0
sl_sweep:full,21926.562206491286,21926.63839146357,0.05,"[8, 4, 2, 1]","[2, 3, 4]","[0.02, 0.08, 0.2, 0.4]",0.012,0.001,10000.0,0,0.04,p0,0,2203296.611677305,21932.96611677305,153.7360197256392,9375,90.27199999999999,0.651885338097662,17.760478408035684,1.2222228586641755,3187882.11761891,5.215786666666666,2.0,198.0,8461,913,0,full,0.04,p0,0.0
sl_sweep:crash_2022,354.2138384265774,352.813548828871,0.05,"[8, 4, 2, 1]","[2, 3, 4]","[0.02, 0.08, 0.2, 0.4]",0.012,0.001,10000.0,0,0.05,p0,0,45784.18914150799,357.8418914150799,-72.26310681185907,2169,92.99216228676809,0.6946296304672375,14.142319132565559,1.4497614380101733,28014.5579550471,4.70308898109728,2.0,105.0,2017,151,0,crash_2022,0.05,p0,0.0
sl_sweep:crash_2025_26,130.3008342248762,129.74047259641438,0.05,"[8, 4, 2, 1]","[2, 3, 4]","[0.02, 0.08, 0.2, 0.4]",0.012,0.001,10000.0,0,0.05,p0,0,23502.227140004416,135.02227140004413,-48.024150476882454,2117,91.92253188474257,0.6421446233452324,14.79565634291678,1.2229373268846904,18430.027988216458,6.881908360888049,3.0,115.0,1946,170,0,crash_2025_26,0.05,p0,0.0
sl_sweep:full,68830.16946179318,68831.16179988252,0.05,"[8, 4, 2, 1]","[2, 3, 4]","[0.02, 0.08, 0.2, 0.4]",0.012,0.001,10000.0,0,0.05,p0,0,6893907.673075002,68839.07673075002,153.7360197256392,8646,93.03724265556326,0.6969480541424087,22.210786385252792,1.2345916067922185,9020026.101501597,5.655563266250289,2.0,282.0,8043,602,0,full,0.05,p0,0.0
sl_sweep:crash_2022,264.3502395776388,264.2390805732468,0.05,"[8, 4, 2, 1]","[2, 3, 4]","[0.02, 0.08, 0.2, 0.4]",0.012,0.001,10000.0,0,0.06,p0,0,37128.64111172734,271.28641111727336,-72.26310681185907,2017,94.19930589985125,0.7022458259762249,19.899015521356386,1.4054790734050344,22180.695561625773,5.057511155180962,2.0,107.0,1900,116,0,crash_2022,0.06,p0,0.0
sl_sweep:crash_2025_26,105.34007664849548,106.51872492696229,0.05,"[8, 4, 2, 1]","[2, 3, 4]","[0.02, 0.08, 0.2, 0.4]",0.012,0.001,10000.0,0,0.06,p0,0,21457.611945343902,114.57611945343902,-48.024150476882454,1912,93.56694560669456,0.6700148713582739,22.650848079234205,1.184106345374939,17809.41707396936,7.6197698744769875,2.0,178.0,1789,122,0,crash_2025_26,0.06,p0,0.0
sl_sweep:full,64198.426192559,64201.18609290719,0.05,"[8, 4, 2, 1]","[2, 3, 4]","[0.02, 0.08, 0.2, 0.4]",0.012,0.001,10000.0,0,0.06,p0,0,6431191.285424961,64211.91285424961,153.7360197256392,8057,94.5264986967854,0.7206758890058246,30.09820359789926,1.2092434848511058,8944662.550910832,6.069008315750279,2.0,439.0,7616,440,0,full,0.06,p0,0.0
sl_sweep:crash_2022,294.7845277436213,294.2856538731482,0.05,"[8, 4, 2, 1]","[2, 3, 4]","[0.02, 0.08, 0.2, 0.4]",0.012,0.001,10000.0,0,0.08,p0,0,40127.71138891356,301.2771138891356,-72.26310681185907,1824,96.10745614035088,0.7524557354216895,19.674381373998955,1.5350588934535205,19506.537984619383,5.59265350877193,2.0,165.0,1753,70,0,crash_2022,0.08,p0,0.0
sl_sweep:crash_2025_26,43.82639857616268,46.02301313788036,0.05,"[8, 4, 2, 1]","[2, 3, 4]","[0.02, 0.08, 0.2, 0.4]",0.012,0.001,10000.0,0,0.08,p0,0,15549.627643654367,55.49627643654367,-48.024150476882454,1640,95.24390243902438,0.699426795612489,26.624079808027535,1.1236789219138235,11804.003771645941,8.883536585365853,2.0,220.0,1562,77,0,crash_2025_26,0.08,p0,0.0
sl_sweep:full,86100.92690285665,86103.07108089435,0.05,"[8, 4, 2, 1]","[2, 3, 4]","[0.02, 0.08, 0.2, 0.4]",0.012,0.001,10000.0,0,0.08,p0,0,8621263.642884925,86112.63642884925,153.7360197256392,7242,96.3960231980116,0.770413869289979,26.62407980802739,1.2222526486682668,10965422.18854413,6.752002209334438,2.0,598.0,6981,260,0,full,0.08,p0,0.0
sl_sweep:crash_2022,262.25532381379014,262.8269312475674,0.05,"[8, 4, 2, 1]","[2, 3, 4]","[0.02, 0.08, 0.2, 0.4]",0.012,0.001,10000.0,0,0.1,p0,0,37219.69423782264,272.19694237822637,-72.26310681185907,1596,97.11779448621553,0.7595135035726931,26.447414544453384,1.6324305050712289,15322.909888906546,6.391604010025063,2.0,165.0,1550,45,0,crash_2022,0.1,p0,0.0
sl_sweep:crash_2025_26,-8.131384841489814,-3.693239930607904,0.05,"[8, 4, 2, 1]","[2, 3, 4]","[0.02, 0.08, 0.2, 0.4]",0.012,0.001,10000.0,0,0.1,p0,0,10916.216938371204,9.162169383712037,-48.024150476882454,1473,96.13034623217924,0.678545502182713,36.2414352051077,1.0256830408906261,8311.232569807282,9.890699253224712,2.0,240.0,1416,56,0,crash_2025_26,0.1,p0,0.0
sl_sweep:full,59810.02055080259,59814.19194488376,0.05,"[8, 4, 2, 1]","[2, 3, 4]","[0.02, 0.08, 0.2, 0.4]",0.012,0.001,10000.0,0,0.1,p0,0,5992712.774538957,59827.12774538957,153.7360197256392,6608,97.3365617433414,0.7767950632936919,36.24143520510776,1.1881970479576143,8453427.12177734,7.399818401937046,2.0,591.0,6432,175,0,full,0.1,p0,0.0
sl_sweep:crash_2022,274.744977173356,276.8283368281974,0.05,"[8, 4, 2, 1]","[2, 3, 4]","[0.02, 0.08, 0.2, 0.4]",0.012,0.001,10000.0,0,0.12,p0,0,38892.49046906261,288.92490469062614,-72.26310681185907,1494,97.79116465863453,0.7734444031764754,34.03825164748234,1.6868901534883187,15201.290795330859,6.827978580990629,2.0,383.0,1461,32,0,crash_2022,0.12,p0,0.0
sl_sweep:crash_2025_26,15.759972871001604,19.790200239559187,0.05,"[8, 4, 2, 1]","[2, 3, 4]","[0.02, 0.08, 0.2, 0.4]",0.012,0.001,10000.0,0,0.12,p0,0,13204.572323001603,32.04572323001602,-48.024150476882454,1302,97.00460829493088,0.6971221759395413,34.310359740124646,1.0862472202935203,8904.106077447075,11.189708141321045,2.0,450.0,1263,38,0,crash_2025_26,0.12,p0,0.0
sl_sweep:full,82492.90215410065,82496.79682407127,0.05,"[8, 4, 2, 1]","[2, 3, 4]","[0.02, 0.08, 0.2, 0.4]",0.012,0.001,10000.0,0,0.12,p0,0,8260913.390724387,82509.13390724387,153.7360197256392,6154,98.00129996750081,0.7944202689373958,34.3103597401244,1.2092864136593633,10428875.658781052,7.945726356841079,2.0,830.0,6031,122,0,full,0.12,p0,0.0
sl_sweep:crash_2022,191.76024240789263,194.6990286100072,0.05,"[8, 4, 2, 1]","[2, 3, 4]","[0.02, 0.08, 0.2, 0.4]",0.012,0.001,10000.0,0,0.15,p0,0,30758.033304210658,207.58033304210656,-72.26310681185907,1393,98.27709978463747,0.7808698752049914,36.266211411987264,1.5519288393955673,12393.65532981059,7.323043790380474,2.0,383.0,1369,23,0,crash_2022,0.15,p0,0.0
sl_sweep:crash_2025_26,-24.211455537814878,-16.44634897758458,0.05,"[8, 4, 2, 1]","[2, 3, 4]","[0.02, 0.08, 0.2, 0.4]",0.012,0.001,10000.0,0,0.15,p0,0,10190.845725872576,1.9084572587257487,-48.024150476882454,1123,97.59572573463936,0.6976680683993562,51.68592393684391,1.0056036951844844,7444.50975958695,12.973285841495994,2.0,450.0,1096,26,0,crash_2025_26,0.15,p0,0.0
sl_sweep:full,78012.39018057552,78019.96040917197,0.05,"[8, 4, 2, 1]","[2, 3, 4]","[0.02, 0.08, 0.2, 0.4]",0.012,0.001,10000.0,0,0.15,p0,0,7813842.478791852,78038.42478791851,153.7360197256392,5588,98.58625626342162,0.817844958241563,51.68592393684395,1.174553853189726,11299006.570202986,8.750536864710092,2.0,956.0,5509,78,0,full,0.15,p0,0.0
sl_sweep:crash_2022,146.4323492564081,150.71962760930066,0.05,"[8, 4, 2, 1]","[2, 3, 4]","[0.02, 0.08, 0.2, 0.4]",0.012,0.001,10000.0,0,0.18,p0,0,26572.315688582486,165.7231568858249,-72.26310681185907,1195,98.57740585774059,0.7806271471842543,42.19218645653663,1.5295409850503878,10070.41318089736,8.536401673640167,2.0,503.0,1178,16,0,crash_2022,0.18,p0,0.0
sl_sweep:crash_2025_26,-12.797726181503622,-6.736676661689542,0.05,"[8, 4, 2, 1]","[2, 3, 4]","[0.02, 0.08, 0.2, 0.4]",0.012,0.001,10000.0,0,0.18,p0,0,10857.388499125836,8.573884991258375,-48.024150476882454,984,98.06910569105692,0.7095842937141175,42.77115059959568,1.0302131810648298,6253.903085900455,14.80589430894309,2.0,642.0,965,18,0,crash_2025_26,0.18,p0,0.0
sl_sweep:full,62831.592617694005,62837.37125721778,0.05,"[8, 4, 2, 1]","[2, 3, 4]","[0.02, 0.08, 0.2, 0.4]",0.012,0.001,10000.0,0,0.18,p0,0,6295281.744010074,62852.81744010074,153.7360197256392,5084,98.8985051140834,0.8274610647053661,42.77115059959542,1.2528902564090623,6595965.158273539,9.61801730920535,2.0,1267.0,5028,55,0,full,0.18,p0,0.0
sl_sweep:crash_2022,133.32655811407682,138.20609746494878,0.05,"[8, 4, 2, 1]","[2, 3, 4]","[0.02, 0.08, 0.2, 0.4]",0.012,0.001,10000.0,0,0.2,p0,0,25452.90053781345,154.52900537813449,-72.26310681185907,1128,98.75886524822694,0.7961459169611576,45.804210045778895,1.6135790184823258,8511.680375250839,9.043439716312056,2.0,670.0,1114,13,0,crash_2022,0.2,p0,0.0
sl_sweep:crash_2025_26,-15.377063110555369,-8.275280344957682,0.05,"[8, 4, 2, 1]","[2, 3, 4]","[0.02, 0.08, 0.2, 0.4]",0.012,0.001,10000.0,0,0.2,p0,0,10887.844704612386,8.87844704612386,-48.024150476882454,941,98.29968119022317,0.7249922469732544,48.00857924702515,1.037285912810031,5255.770996975984,15.482465462274176,2.0,653.0,925,15,0,crash_2025_26,0.2,p0,0.0
sl_sweep:full,39925.20803418921,39932.07087687243,0.05,"[8, 4, 2, 1]","[2, 3, 4]","[0.02, 0.08, 0.2, 0.4]",0.012,0.001,10000.0,0,0.2,p0,0,4004938.588333057,39949.38588333057,153.7360197256392,4944,99.0088996763754,0.8314799965675107,48.00857924702503,1.2672256292876312,3994339.511191411,9.89037216828479,2.0,1377.0,4895,48,0,full,0.2,p0,0.0
sl_sweep:crash_2022,44.37749551964239,50.36185872043323,0.05,"[8, 4, 2, 1]","[2, 3, 4]","[0.02, 0.08, 0.2, 0.4]",0.012,0.001,10000.0,0,0.25,p0,0,16674.416067307102,66.74416067307104,-72.26310681185907,1009,98.90981169474728,0.7712032239561708,45.85171958151363,1.276993604873301,6427.274676731609,10.110009910802775,2.0,777.0,998,10,0,crash_2022,0.25,p0,0.0
sl_sweep:crash_2025_26,-62.60590654697616,-53.648359373309304,0.05,"[8, 4, 2, 1]","[2, 3, 4]","[0.02, 0.08, 0.2, 0.4]",0.012,0.001,10000.0,0,0.25,p0,0,6567.5330334725295,-34.32466966527471,-48.024150476882454,847,98.46517119244392,0.681468086769528,54.134521783455234,0.839588088949824,3803.835482924751,17.200708382526564,2.0,682.0,834,12,0,crash_2025_26,0.25,p0,0.0
sl_sweep:full,22967.830917811512,22977.263998806997,0.05,"[8, 4, 2, 1]","[2, 3, 4]","[0.02, 0.08, 0.2, 0.4]",0.012,0.001,10000.0,0,0.25,p0,0,2309719.7099405136,22997.197099405137,153.7360197256392,4373,99.26823690830093,0.83923450045719,54.13452178345535,1.1818137783801794,3122187.164303457,11.181797393093985,2.0,2914.0,4341,31,0,full,0.25,p0,0.0
sl_sweep:crash_2022,122.52885877435206,126.8817765219601,0.05,"[8, 4, 2, 1]","[2, 3, 4]","[0.02, 0.08, 0.2, 0.4]",0.012,0.001,10000.0,0,0.3,p0,0,24191.55992306136,141.9155992306136,-72.26310681185907,932,99.2489270386266,0.8176268938701288,41.904771197011165,1.579596427164582,7994.220440565971,10.945278969957082,2.0,859.0,925,6,0,crash_2022,0.3,p0,0.0
sl_sweep:crash_2025_26,-29.49049078288507,-21.75417749309289,0.05,"[8, 4, 2, 1]","[2, 3, 4]","[0.02, 0.08, 0.2, 0.4]",0.012,0.001,10000.0,0,0.3,p0,0,9565.332411232603,-4.346675887673978,-48.024150476882454,615,98.86178861788618,0.7310281695911068,48.068020847073775,0.974461729521888,3459.5228507157763,23.68943089430894,2.0,1156.0,608,6,0,crash_2025_26,0.3,p0,0.0
sl_sweep:full,73533.83727941688,73542.94699354118,0.05,"[8, 4, 2, 1]","[2, 3, 4]","[0.02, 0.08, 0.2, 0.4]",0.012,0.001,10000.0,0,0.3,p0,0,7366137.046014143,73561.37046014142,153.7360197256392,3993,99.54921111945906,0.8815074316756134,48.0680208470738,1.3577164496392404,5773100.2196776215,12.245930378161782,1.0,4924.0,3975,17,0,full,0.3,p0,0.0
combo_sweep:crash_2022,354.2138384265774,352.813548828871,0.05,"[8, 4, 2, 1]","[2, 3, 4]","[0.02, 0.08, 0.2, 0.4]",0.012,0.001,10000.0,0,0.05,p0,0,45784.18914150799,357.8418914150799,-72.26310681185907,2169,92.99216228676809,0.6946296304672375,14.142319132565559,1.4497614380101733,28014.5579550471,4.70308898109728,2.0,105.0,2017,151,0,crash_2022,0.05,p0,0.0
combo_sweep:crash_2025_26,130.3008342248762,129.74047259641438,0.05,"[8, 4, 2, 1]","[2, 3, 4]","[0.02, 0.08, 0.2, 0.4]",0.012,0.001,10000.0,0,0.05,p0,0,23502.227140004416,135.02227140004413,-48.024150476882454,2117,91.92253188474257,0.6421446233452324,14.79565634291678,1.2229373268846904,18430.027988216458,6.881908360888049,3.0,115.0,1946,170,0,crash_2025_26,0.05,p0,0.0
combo_sweep:full,68830.16946179318,68831.16179988252,0.05,"[8, 4, 2, 1]","[2, 3, 4]","[0.02, 0.08, 0.2, 0.4]",0.012,0.001,10000.0,0,0.05,p0,0,6893907.673075002,68839.07673075002,153.7360197256392,8646,93.03724265556326,0.6969480541424087,22.210786385252792,1.2345916067922185,9020026.101501597,5.655563266250289,2.0,282.0,8043,602,0,full,0.05,p0,0.0
combo_sweep:crash_2022,328.8692939587141,327.51409362073616,0.05,"[8, 4, 2, 1]","[2, 3, 4]","[0.02, 0.08, 0.2, 0.4]",0.012,0.001,10000.0,0,0.05,p0,24,43264.50362996099,332.64503629960996,-72.26310681185907,2260,91.19469026548673,0.6783840116369723,14.510301459234807,1.439732599322149,27848.873480530292,4.513716814159292,2.0,24.0,2050,134,76,crash_2022,0.05,p0,24.0
combo_sweep:crash_2025_26,70.0486387282935,69.60508700158597,0.05,"[8, 4, 2, 1]","[2, 3, 4]","[0.02, 0.08, 0.2, 0.4]",0.012,0.001,10000.0,0,0.05,p0,24,17475.898763051686,74.75898763051686,-48.024150476882454,2323,88.42014636246233,0.6028868945467759,14.52566946806035,1.1427339784764607,16599.25255216602,6.271631510977184,3.0,24.0,2010,140,172,crash_2025_26,0.05,p0,24.0
combo_sweep:full,45955.57889600231,45956.147904484686,0.05,"[8, 4, 2, 1]","[2, 3, 4]","[0.02, 0.08, 0.2, 0.4]",0.012,0.001,10000.0,0,0.05,p0,24,4606331.974051878,45963.31974051878,153.7360197256392,9330,89.989281886388,0.665707087081841,20.32064743472625,1.1881101455021446,8118439.376922632,5.240943193997857,2.0,24.0,8270,504,555,full,0.05,p0,24.0
combo_sweep:crash_2022,359.76724992912057,358.2766670654483,0.05,"[8, 4, 2, 1]","[2, 3, 4]","[0.02, 0.08, 0.2, 0.4]",0.012,0.001,10000.0,0,0.05,p0,48,46328.74586705222,363.28745867052214,-72.26310681185907,2190,92.6027397260274,0.692291834050067,14.142319132565639,1.466408866287042,28035.36628213884,4.657990867579909,2.0,48.0,2026,145,19,crash_2022,0.05,p0,48.0
combo_sweep:crash_2025_26,117.51814323029168,116.82831874969224,0.05,"[8, 4, 2, 1]","[2, 3, 4]","[0.02, 0.08, 0.2, 0.4]",0.012,0.001,10000.0,0,0.05,p0,48,22184.003906057216,121.84003906057215,-48.024150476882454,2136,91.29213483146067,0.6354212217692075,14.083181091545633,1.2027558759158412,18369.813286712466,6.8206928838951315,3.0,48.0,1945,162,28,crash_2025_26,0.05,p0,48.0
combo_sweep:full,66614.53167244767,66615.16117417792,0.05,"[8, 4, 2, 1]","[2, 3, 4]","[0.02, 0.08, 0.2, 0.4]",0.012,0.001,10000.0,0,0.05,p0,48,6672260.770983857,66622.60770983857,153.7360197256392,8780,92.36902050113895,0.6911054512619561,21.075551936401048,1.2249670466555764,9282666.043240545,5.569248291571754,2.0,48.0,8082,571,126,full,0.05,p0,48.0
combo_sweep:crash_2022,362.6313839655756,361.1552814622307,0.05,"[8, 4, 2, 1]","[2, 3, 4]","[0.02, 0.08, 0.2, 0.4]",0.012,0.001,10000.0,0,0.05,p0,72,46617.368072196354,366.17368072196354,-72.26310681185907,2171,92.90649470290188,0.694442299715394,14.142319132565692,1.467317964397665,27994.232674035204,4.698756333486872,2.0,72.0,2016,149,5,crash_2022,0.05,p0,72.0
combo_sweep:crash_2025_26,127.33656777318933,126.75989903118071,0.05,"[8, 4, 2, 1]","[2, 3, 4]","[0.02, 0.08, 0.2, 0.4]",0.012,0.001,10000.0,0,0.05,p0,72,23202.837781223447,132.02837781223445,-48.024150476882454,2130,91.73708920187794,0.6406204325008612,14.79565634291678,1.218199690541608,18479.841656800654,6.839906103286385,3.0,72.0,1953,168,8,crash_2025_26,0.05,p0,72.0
combo_sweep:full,73330.43319875332,73331.04745466067,0.05,"[8, 4, 2, 1]","[2, 3, 4]","[0.02, 0.08, 0.2, 0.4]",0.012,0.001,10000.0,0,0.05,p0,72,7343850.884527903,73338.50884527904,153.7360197256392,8691,92.82015878494995,0.6960902143733019,21.0957937650634,1.237188548756827,9616723.116107786,5.62628005983201,2.0,72.0,8059,586,45,full,0.05,p0,72.0
combo_sweep:crash_2022,354.2138384265774,352.813548828871,0.05,"[8, 4, 2, 1]","[2, 3, 4]","[0.02, 0.08, 0.2, 0.4]",0.012,0.001,10000.0,0,0.05,p0,120,45784.18914150799,357.8418914150799,-72.26310681185907,2169,92.99216228676809,0.6946296304672375,14.142319132565559,1.4497614380101733,28014.5579550471,4.70308898109728,2.0,105.0,2017,151,0,crash_2022,0.05,p0,120.0
combo_sweep:crash_2025_26,130.3008342248762,129.74047259641438,0.05,"[8, 4, 2, 1]","[2, 3, 4]","[0.02, 0.08, 0.2, 0.4]",0.012,0.001,10000.0,0,0.05,p0,120,23502.227140004416,135.02227140004413,-48.024150476882454,2117,91.92253188474257,0.6421446233452324,14.79565634291678,1.2229373268846904,18430.027988216458,6.881908360888049,3.0,115.0,1946,170,0,crash_2025_26,0.05,p0,120.0
combo_sweep:full,67759.7496983461,67760.6306869449,0.05,"[8, 4, 2, 1]","[2, 3, 4]","[0.02, 0.08, 0.2, 0.4]",0.012,0.001,10000.0,0,0.05,p0,120,6786849.696553078,67768.49696553078,153.7360197256392,8654,92.98590247284493,0.6964615835674735,22.210786385252803,1.2338906764374518,8911996.116609424,5.650335105153686,2.0,120.0,8046,601,6,full,0.05,p0,120.0
combo_sweep:crash_2022,354.2138384265774,352.813548828871,0.05,"[8, 4, 2, 1]","[2, 3, 4]","[0.02, 0.08, 0.2, 0.4]",0.012,0.001,10000.0,0,0.05,p0,168,45784.18914150799,357.8418914150799,-72.26310681185907,2169,92.99216228676809,0.6946296304672375,14.142319132565559,1.4497614380101733,28014.5579550471,4.70308898109728,2.0,105.0,2017,151,0,crash_2022,0.05,p0,168.0
combo_sweep:crash_2025_26,130.3008342248762,129.74047259641438,0.05,"[8, 4, 2, 1]","[2, 3, 4]","[0.02, 0.08, 0.2, 0.4]",0.012,0.001,10000.0,0,0.05,p0,168,23502.227140004416,135.02227140004413,-48.024150476882454,2117,91.92253188474257,0.6421446233452324,14.79565634291678,1.2229373268846904,18430.027988216458,6.881908360888049,3.0,115.0,1946,170,0,crash_2025_26,0.05,p0,168.0
combo_sweep:full,70357.69714274,70358.60589207248,0.05,"[8, 4, 2, 1]","[2, 3, 4]","[0.02, 0.08, 0.2, 0.4]",0.012,0.001,10000.0,0,0.05,p0,168,7046648.662293997,70366.48662293996,153.7360197256392,8646,93.02567661346288,0.6970902871133654,22.21078638525281,1.2358545257493272,9181262.809369698,5.655563266250289,2.0,168.0,8042,601,2,full,0.05,p0,168.0
combo_sweep:crash_2022,354.2138384265774,352.813548828871,0.05,"[8, 4, 2, 1]","[2, 3, 4]","[0.02, 0.08, 0.2, 0.4]",0.012,0.001,10000.0,0,0.05,p0,336,45784.18914150799,357.8418914150799,-72.26310681185907,2169,92.99216228676809,0.6946296304672375,14.142319132565559,1.4497614380101733,28014.5579550471,4.70308898109728,2.0,105.0,2017,151,0,crash_2022,0.05,p0,336.0
combo_sweep:crash_2025_26,130.3008342248762,129.74047259641438,0.05,"[8, 4, 2, 1]","[2, 3, 4]","[0.02, 0.08, 0.2, 0.4]",0.012,0.001,10000.0,0,0.05,p0,336,23502.227140004416,135.02227140004413,-48.024150476882454,2117,91.92253188474257,0.6421446233452324,14.79565634291678,1.2229373268846904,18430.027988216458,6.881908360888049,3.0,115.0,1946,170,0,crash_2025_26,0.05,p0,336.0
combo_sweep:full,68830.16946179318,68831.16179988252,0.05,"[8, 4, 2, 1]","[2, 3, 4]","[0.02, 0.08, 0.2, 0.4]",0.012,0.001,10000.0,0,0.05,p0,336,6893907.673075002,68839.07673075002,153.7360197256392,8646,93.03724265556326,0.6969480541424087,22.210786385252792,1.2345916067922185,9020026.101501597,5.655563266250289,2.0,282.0,8043,602,0,full,0.05,p0,336.0
combo_sweep:crash_2022,171.92432740953097,174.89952387875155,0.05,"[8, 4, 2, 1]","[2, 3, 4]","[0.02, 0.08, 0.2, 0.4]",0.012,0.001,10000.0,0,0.0,wap,24,28757.607702538586,187.57607702538587,-72.26310681185907,1880,92.65957446808511,0.7089493611102745,36.043121452389805,1.434829486518416,15260.39356951059,5.426063829787234,2.0,24.0,1731,0,149,crash_2022,0.0,wap,24.0
combo_sweep:crash_2025_26,126.00638794017878,126.22773223152961,0.05,"[8, 4, 2, 1]","[2, 3, 4]","[0.02, 0.08, 0.2, 0.4]",0.012,0.001,10000.0,0,0.0,wap,24,23308.53780025131,133.0853780025131,-48.024150476882454,2004,89.12175648702595,0.6508740535119852,19.36498905767166,1.2470510403273023,18503.625894938763,7.2699600798403194,3.0,24.0,1745,0,258,crash_2025_26,0.0,wap,24.0
combo_sweep:full,181305.36207579388,181308.80242305232,0.05,"[8, 4, 2, 1]","[2, 3, 4]","[0.02, 0.08, 0.2, 0.4]",0.012,0.001,10000.0,0,0.0,wap,24,18142148.49644517,181321.48496445172,153.7360197256392,8116,91.38738294726465,0.7249447326632622,36.04312145238991,1.2817753077132144,22797045.413715348,6.024889107934944,2.0,24.0,7294,0,821,full,0.0,wap,24.0
combo_sweep:crash_2022,191.06648109554132,193.27772648706573,0.05,"[8, 4, 2, 1]","[2, 3, 4]","[0.02, 0.08, 0.2, 0.4]",0.012,0.001,10000.0,0,0.0,wap,48,30537.541539708385,205.37541539708383,-72.26310681185907,1514,95.57463672391016,0.7535794150636944,34.33117457967046,1.585322443847697,12783.317796942887,6.73778071334214,2.0,48.0,1444,0,70,crash_2022,0.0,wap,48.0
combo_sweep:crash_2025_26,6.395208260416958,10.328241989693744,0.05,"[8, 4, 2, 1]","[2, 3, 4]","[0.02, 0.08, 0.2, 0.4]",0.012,0.001,10000.0,0,0.0,wap,48,12261.866982716763,22.618669827167626,-48.024150476882454,1549,93.28599096191091,0.6698906422099082,34.80563888268384,1.0519160919315065,11296.924618981746,9.40542285345384,3.0,48.0,1440,0,108,crash_2025_26,0.0,wap,48.0
combo_sweep:full,101394.09702034926,101397.63115267883,0.05,"[8, 4, 2, 1]","[2, 3, 4]","[0.02, 0.08, 0.2, 0.4]",0.012,0.001,10000.0,0,0.0,wap,48,10150990.12233488,101409.90122334882,153.7360197256392,6635,95.17709118311983,0.7734515343524784,34.80563888268362,1.1780975026656988,16549022.426115481,7.3697061039939715,2.0,48.0,6284,0,350,full,0.0,wap,48.0
combo_sweep:crash_2022,250.6022137730558,252.35363835828537,0.05,"[8, 4, 2, 1]","[2, 3, 4]","[0.02, 0.08, 0.2, 0.4]",0.012,0.001,10000.0,0,0.0,wap,72,36511.859809142305,265.11859809142305,-72.26310681185907,1368,96.78362573099415,0.7825763229954806,36.19654577053537,1.8709510941092595,12691.90604116485,7.456871345029239,2.0,72.0,1321,0,46,crash_2022,0.0,wap,72.0
combo_sweep:crash_2025_26,-17.299819599714475,-12.604458588691626,0.05,"[8, 4, 2, 1]","[2, 3, 4]","[0.02, 0.08, 0.2, 0.4]",0.012,0.001,10000.0,0,0.0,wap,72,10072.484205040484,0.7248420504048392,-48.024150476882454,1335,94.53183520599251,0.676202772208439,37.71019872272613,1.0020699398882362,8419.193996237855,10.91310861423221,3.0,72.0,1260,0,74,crash_2025_26,0.0,wap,72.0
combo_sweep:full,105628.3112730015,105632.43422962163,0.05,"[8, 4, 2, 1]","[2, 3, 4]","[0.02, 0.08, 0.2, 0.4]",0.012,0.001,10000.0,0,0.0,wap,72,10574573.638777282,105645.73638777283,153.7360197256392,5964,96.36150234741784,0.7973796984811299,37.7101987227264,1.183823907559115,16254273.86907485,8.198859825620389,2.0,72.0,5736,0,227,full,0.0,wap,72.0
combo_sweep:crash_2022,77.20897750090498,82.05987647397623,0.05,"[8, 4, 2, 1]","[2, 3, 4]","[0.02, 0.08, 0.2, 0.4]",0.012,0.001,10000.0,0,0.0,wap,120,19742.655730142233,97.42655730142233,-72.26310681185907,1213,97.77411376751854,0.7666863423200715,43.56166727992491,1.343177254128703,8224.509781211442,8.409727947238252,2.0,120.0,1186,0,26,crash_2022,0.0,wap,120.0
combo_sweep:crash_2025_26,-63.879465880580355,-55.62806668152031,0.05,"[8, 4, 2, 1]","[2, 3, 4]","[0.02, 0.08, 0.2, 0.4]",0.012,0.001,10000.0,0,0.0,wap,120,6299.959305828474,-37.00040694171527,-48.024150476882454,1006,95.32803180914513,0.6414008635427395,52.705253332132564,0.83949084697504,4516.086690392028,14.48210735586481,3.0,120.0,959,0,46,crash_2025_26,0.0,wap,120.0
combo_sweep:full,13534.369461052751,13543.019855875185,0.05,"[8, 4, 2, 1]","[2, 3, 4]","[0.02, 0.08, 0.2, 0.4]",0.012,0.001,10000.0,0,0.0,wap,120,1366384.9286696312,13563.849286696313,153.7360197256392,5167,97.50338687826591,0.7939544099964166,59.139416103715305,1.1187078610448595,2895401.452603419,9.463518482678538,2.0,120.0,5037,0,129,full,0.0,wap,120.0
combo_sweep:crash_2022,14.113986048183655,20.075072486093607,0.05,"[8, 4, 2, 1]","[2, 3, 4]","[0.02, 0.08, 0.2, 0.4]",0.012,0.001,10000.0,0,0.0,wap,168,13631.151690307766,36.31151690307766,-72.26310681185907,1005,98.00995024875621,0.7532627445166408,45.95583408406247,1.1497276221549104,6010.133200821117,10.150248756218906,2.0,168.0,985,0,19,crash_2022,0.0,wap,168.0
combo_sweep:crash_2025_26,-56.94258632139477,-48.84895339492236,0.05,"[8, 4, 2, 1]","[2, 3, 4]","[0.02, 0.08, 0.2, 0.4]",0.012,0.001,10000.0,0,0.0,wap,168,6954.404462371506,-30.455955376284937,-48.024150476882454,848,95.99056603773585,0.6578758843506858,51.91655363815545,0.8596940154805672,4269.64345769694,17.180424528301888,3.5,168.0,814,0,33,crash_2025_26,0.0,wap,168.0
combo_sweep:full,10987.693446200381,10995.386639381346,0.05,"[8, 4, 2, 1]","[2, 3, 4]","[0.02, 0.08, 0.2, 0.4]",0.012,0.001,10000.0,0,0.0,wap,168,1111453.6876864997,11014.536876864997,153.7360197256392,4655,98.02363050483352,0.8087617851282137,54.2708384142375,1.1278728468504797,2154226.9491173173,10.504403866809882,2.0,168.0,4562,0,92,full,0.0,wap,168.0
combo_sweep:crash_2022,-69.69747026478011,-57.85959077832351,0.05,"[8, 4, 2, 1]","[2, 3, 4]","[0.02, 0.08, 0.2, 0.4]",0.012,0.001,10000.0,0,0.0,wap,336,6657.885429761942,-33.421145702380585,-72.26310681185907,701,98.14550641940085,0.6843063629536803,69.12035540344809,0.7889707596563692,2704.7670531427066,14.552068473609129,2.0,336.0,687,0,13,crash_2022,0.0,wap,336.0
combo_sweep:crash_2025_26,-71.1455494123655,-61.19295588860724,0.05,"[8, 4, 2, 1]","[2, 3, 4]","[0.02, 0.08, 0.2, 0.4]",0.012,0.001,10000.0,0,0.0,wap,336,5998.651497286847,-40.01348502713152,-48.024150476882454,750,97.46666666666667,0.657565563284612,59.66976436612109,0.803604227599767,3592.3278467975992,19.425333333333334,3.0,336.0,731,0,18,crash_2025_26,0.0,wap,336.0
combo_sweep:full,3532.547313880456,3543.3747424428143,0.05,"[8, 4, 2, 1]","[2, 3, 4]","[0.02, 0.08, 0.2, 0.4]",0.012,0.001,10000.0,0,0.0,wap,336,366779.06806704996,3567.7906806704996,153.7360197256392,3975,98.66666666666667,0.8124987669422594,69.12035540344799,1.1182854516029945,724003.5950702709,12.301383647798742,2.0,336.0,3922,0,52,full,0.0,wap,336.0
combo_sweep:crash_2022,51.79302395542009,52.68937070359824,0.05,"[8, 4, 2, 1]","[2, 3, 4]","[0.02, 0.08, 0.2, 0.4]",0.012,0.001,10000.0,0,0.030000000000000002,p0,0,16011.352627075134,60.11352627075133,-72.26310681185907,2571,84.63632827693505,0.5858943910009135,21.050509710674635,1.130877454124578,15934.756244562255,3.967716841695838,2.0,56.0,2175,395,0,crash_2022,0.030000000000000002,p0,0.0
combo_sweep:crash_2025_26,50.95346599896874,50.6699523850655,0.05,"[8, 4, 2, 1]","[2, 3, 4]","[0.02, 0.08, 0.2, 0.4]",0.012,0.001,10000.0,0,0.030000000000000002,p0,0,15588.956251401303,55.88956251401302,-48.024150476882454,2596,84.51463790446842,0.5821402993622807,14.697969067519011,1.1080094609076356,17678.890147919657,5.612095531587057,3.0,64.0,2192,403,0,crash_2025_26,0.030000000000000002,p0,0.0
combo_sweep:full,1106.9026470644228,1109.787956236554,0.05,"[8, 4, 2, 1]","[2, 3, 4]","[0.02, 0.08, 0.2, 0.4]",0.012,0.001,10000.0,0,0.030000000000000002,p0,0,122046.49007825335,1120.4649007825335,153.7360197256392,10273,84.74642266134528,0.5915003069141458,30.201559961854862,1.1132671265234206,339975.2924269129,4.7598559330283265,2.0,196.0,8697,1575,0,full,0.030000000000000002,p0,0.0
combo_sweep:crash_2022,61.89717852108491,62.72998006887347,0.05,"[8, 4, 2, 1]","[2, 3, 4]","[0.02, 0.08, 0.2, 0.4]",0.012,0.001,10000.0,0,0.030000000000000002,p0,24,17018.682639986586,70.18682639986586,-72.26310681185907,2592,84.29783950617285,0.5841950790723057,21.172258917473844,1.1526019818609143,16425.34365466278,3.935570987654321,2.0,24.0,2172,384,36,crash_2022,0.030000000000000002,p0,24.0
combo_sweep:crash_2025_26,23.805911567239463,23.928414907244264,0.05,"[8, 4, 2, 1]","[2, 3, 4]","[0.02, 0.08, 0.2, 0.4]",0.012,0.001,10000.0,0,0.030000000000000002,p0,24,12965.803993189567,29.658039931895665,-48.024150476882454,2681,83.14061917195077,0.5628749761122679,16.19452388883721,1.0625143671070045,16381.992014621088,5.434166355837374,3.0,24.0,2188,391,101,crash_2025_26,0.030000000000000002,p0,24.0
combo_sweep:full,1001.5702072843525,1004.4114465586593,0.05,"[8, 4, 2, 1]","[2, 3, 4]","[0.02, 0.08, 0.2, 0.4]",0.012,0.001,10000.0,0,0.030000000000000002,p0,24,111510.9214387771,1015.109214387771,153.7360197256392,10553,83.59708139865441,0.5790842312010295,30.412091971305266,1.1014382530362747,355364.05571054196,4.633563915474273,2.0,24.0,8698,1514,340,full,0.030000000000000002,p0,24.0
combo_sweep:crash_2022,50.14629102353565,51.04846176138511,0.05,"[8, 4, 2, 1]","[2, 3, 4]","[0.02, 0.08, 0.2, 0.4]",0.012,0.001,10000.0,0,0.030000000000000002,p0,48,15847.017108475216,58.47017108475217,-72.26310681185907,2574,84.57653457653458,0.5850484472552607,21.050509710674635,1.127054042972129,15939.074800605495,3.963092463092463,2.0,48.0,2176,395,2,crash_2022,0.030000000000000002,p0,48.0
combo_sweep:crash_2025_26,47.90568845474203,47.626076694966066,0.05,"[8, 4, 2, 1]","[2, 3, 4]","[0.02, 0.08, 0.2, 0.4]",0.012,0.001,10000.0,0,0.030000000000000002,p0,48,15284.080048398235,52.84080048398234,-48.024150476882454,2600,84.46153846153847,0.5801708222076496,14.697969067519011,1.1029467295547923,17542.14699554795,5.603461538461539,3.0,48.0,2188,403,8,crash_2025_26,0.030000000000000002,p0,48.0
combo_sweep:full,1178.6194776671969,1181.2245626182919,0.05,"[8, 4, 2, 1]","[2, 3, 4]","[0.02, 0.08, 0.2, 0.4]",0.012,0.001,10000.0,0,0.030000000000000002,p0,48,129156.26212735721,1191.5626212735722,153.7360197256392,10309,84.65418566301291,0.5907876989095705,29.360646613163038,1.1160255707369608,355828.86157965136,4.7432340673198174,2.0,48.0,8693,1562,53,full,0.030000000000000002,p0,48.0
combo_sweep:crash_2022,51.79302395542009,52.68937070359824,0.05,"[8, 4, 2, 1]","[2, 3, 4]","[0.02, 0.08, 0.2, 0.4]",0.012,0.001,10000.0,0,0.030000000000000002,p0,72,16011.352627075134,60.11352627075133,-72.26310681185907,2571,84.63632827693505,0.5858943910009135,21.050509710674635,1.130877454124578,15934.756244562255,3.967716841695838,2.0,56.0,2175,395,0,crash_2022,0.030000000000000002,p0,72.0
combo_sweep:crash_2025_26,50.95346599896874,50.6699523850655,0.05,"[8, 4, 2, 1]","[2, 3, 4]","[0.02, 0.08, 0.2, 0.4]",0.012,0.001,10000.0,0,0.030000000000000002,p0,72,15588.956251401303,55.88956251401302,-48.024150476882454,2596,84.51463790446842,0.5821402993622807,14.697969067519011,1.1080094609076356,17678.890147919657,5.612095531587057,3.0,64.0,2192,403,0,crash_2025_26,0.030000000000000002,p0,72.0
combo_sweep:full,1119.7716208781362,1122.5681040359102,0.05,"[8, 4, 2, 1]","[2, 3, 4]","[0.02, 0.08, 0.2, 0.4]",0.012,0.001,10000.0,0,0.030000000000000002,p0,72,123320.78254263346,1133.2078254263345,153.7360197256392,10278,84.7343841214244,0.5915114202373087,30.2015599618551,1.113934746124068,342422.6741729338,4.757540377505351,2.0,72.0,8696,1573,8,full,0.030000000000000002,p0,72.0
combo_sweep:crash_2022,51.79302395542009,52.68937070359824,0.05,"[8, 4, 2, 1]","[2, 3, 4]","[0.02, 0.08, 0.2, 0.4]",0.012,0.001,10000.0,0,0.030000000000000002,p0,120,16011.352627075134,60.11352627075133,-72.26310681185907,2571,84.63632827693505,0.5858943910009135,21.050509710674635,1.130877454124578,15934.756244562255,3.967716841695838,2.0,56.0,2175,395,0,crash_2022,0.030000000000000002,p0,120.0
combo_sweep:crash_2025_26,50.95346599896874,50.6699523850655,0.05,"[8, 4, 2, 1]","[2, 3, 4]","[0.02, 0.08, 0.2, 0.4]",0.012,0.001,10000.0,0,0.030000000000000002,p0,120,15588.956251401303,55.88956251401302,-48.024150476882454,2596,84.51463790446842,0.5821402993622807,14.697969067519011,1.1080094609076356,17678.890147919657,5.612095531587057,3.0,64.0,2192,403,0,crash_2025_26,0.030000000000000002,p0,120.0
combo_sweep:full,1106.816760592126,1109.6488894471706,0.05,"[8, 4, 2, 1]","[2, 3, 4]","[0.02, 0.08, 0.2, 0.4]",0.012,0.001,10000.0,0,0.030000000000000002,p0,120,122030.3029360236,1120.303029360236,153.7360197256392,10274,84.73817403153592,0.5914347946623925,30.20155996185491,1.1132590212475324,339972.8448115055,4.759392641619622,2.0,120.0,8697,1575,1,full,0.030000000000000002,p0,120.0
combo_sweep:crash_2022,51.79302395542009,52.68937070359824,0.05,"[8, 4, 2, 1]","[2, 3, 4]","[0.02, 0.08, 0.2, 0.4]",0.012,0.001,10000.0,0,0.030000000000000002,p0,168,16011.352627075134,60.11352627075133,-72.26310681185907,2571,84.63632827693505,0.5858943910009135,21.050509710674635,1.130877454124578,15934.756244562255,3.967716841695838,2.0,56.0,2175,395,0,crash_2022,0.030000000000000002,p0,168.0
combo_sweep:crash_2025_26,50.95346599896874,50.6699523850655,0.05,"[8, 4, 2, 1]","[2, 3, 4]","[0.02, 0.08, 0.2, 0.4]",0.012,0.001,10000.0,0,0.030000000000000002,p0,168,15588.956251401303,55.88956251401302,-48.024150476882454,2596,84.51463790446842,0.5821402993622807,14.697969067519011,1.1080094609076356,17678.890147919657,5.612095531587057,3.0,64.0,2192,403,0,crash_2025_26,0.030000000000000002,p0,168.0
combo_sweep:full,1105.6913812196196,1108.557271981329,0.05,"[8, 4, 2, 1]","[2, 3, 4]","[0.02, 0.08, 0.2, 0.4]",0.012,0.001,10000.0,0,0.030000000000000002,p0,168,121922.58118943943,1119.2258118943944,153.7360197256392,10274,84.73817403153592,0.5913819577081729,30.20155996185496,1.1132050523592765,339789.11303343106,4.759392641619622,2.0,168.0,8697,1575,1,full,0.030000000000000002,p0,168.0
combo_sweep:crash_2022,51.79302395542009,52.68937070359824,0.05,"[8, 4, 2, 1]","[2, 3, 4]","[0.02, 0.08, 0.2, 0.4]",0.012,0.001,10000.0,0,0.030000000000000002,p0,336,16011.352627075134,60.11352627075133,-72.26310681185907,2571,84.63632827693505,0.5858943910009135,21.050509710674635,1.130877454124578,15934.756244562255,3.967716841695838,2.0,56.0,2175,395,0,crash_2022,0.030000000000000002,p0,336.0
combo_sweep:crash_2025_26,50.95346599896874,50.6699523850655,0.05,"[8, 4, 2, 1]","[2, 3, 4]","[0.02, 0.08, 0.2, 0.4]",0.012,0.001,10000.0,0,0.030000000000000002,p0,336,15588.956251401303,55.88956251401302,-48.024150476882454,2596,84.51463790446842,0.5821402993622807,14.697969067519011,1.1080094609076356,17678.890147919657,5.612095531587057,3.0,64.0,2192,403,0,crash_2025_26,0.030000000000000002,p0,336.0
combo_sweep:full,1106.9026470644228,1109.787956236554,0.05,"[8, 4, 2, 1]","[2, 3, 4]","[0.02, 0.08, 0.2, 0.4]",0.012,0.001,10000.0,0,0.030000000000000002,p0,336,122046.49007825335,1120.4649007825335,153.7360197256392,10273,84.74642266134528,0.5915003069141458,30.201559961854862,1.1132671265234206,339975.2924269129,4.7598559330283265,2.0,196.0,8697,1575,0,full,0.030000000000000002,p0,336.0
combo_sweep:crash_2022,369.55695656933284,369.18578896987884,0.05,"[8, 4, 2, 1]","[2, 3, 4]","[0.02, 0.08, 0.2, 0.4]",0.012,0.001,10000.0,0,0.07,p0,0,47677.757323737664,376.77757323737666,-72.26310681185907,1904,95.53571428571429,0.7375290628098019,21.42030739093011,1.601568586104108,22776.240599360597,5.357668067226891,2.0,137.0,1819,84,0,crash_2022,0.07,p0,0.0
combo_sweep:crash_2025_26,70.75647161536344,72.32617418658027,0.05,"[8, 4, 2, 1]","[2, 3, 4]","[0.02, 0.08, 0.2, 0.4]",0.012,0.001,10000.0,0,0.07,p0,0,18093.877067086676,80.93877067086677,-48.024150476882454,1746,94.50171821305841,0.6796183315581354,24.216440945122294,1.1605425904337734,13836.045288425908,8.344215349369989,2.0,178.0,1650,95,0,crash_2025_26,0.07,p0,0.0
combo_sweep:full,60036.558322609075,60040.13210134242,0.05,"[8, 4, 2, 1]","[2, 3, 4]","[0.02, 0.08, 0.2, 0.4]",0.012,0.001,10000.0,0,0.07,p0,0,6015213.168487675,60052.131684876746,153.7360197256392,7593,95.54853154220993,0.7395793258209039,33.58795641705697,1.2089371128086028,8168361.559619282,6.439878835769788,2.0,598.0,7255,337,0,full,0.07,p0,0.0
combo_sweep:crash_2022,408.9520586664101,407.30244546089943,0.05,"[8, 4, 2, 1]","[2, 3, 4]","[0.02, 0.08, 0.2, 0.4]",0.012,0.001,10000.0,0,0.07,p0,24,51274.40551854223,412.7440551854224,-72.26310681185907,2094,92.69340974212035,0.7151833415134681,15.38769813501307,1.5975560699272326,27074.843457572402,4.871537726838587,2.0,24.0,1930,60,104,crash_2022,0.07,p0,24.0
combo_sweep:crash_2025_26,67.60044514908458,68.31393403333718,0.05,"[8, 4, 2, 1]","[2, 3, 4]","[0.02, 0.08, 0.2, 0.4]",0.012,0.001,10000.0,0,0.07,p0,24,17551.29879846625,75.5129879846625,-48.024150476882454,2161,89.17167977788061,0.6288044517472583,20.35553168349842,1.1472784381826595,16176.70704434316,6.7417862100879224,3.0,24.0,1885,54,221,crash_2025_26,0.07,p0,24.0
combo_sweep:full,45631.91752084093,45634.54654274468,0.05,"[8, 4, 2, 1]","[2, 3, 4]","[0.02, 0.08, 0.2, 0.4]",0.012,0.001,10000.0,0,0.07,p0,24,4574533.608566497,45645.336085664974,153.7360197256392,8786,91.01980423400865,0.6893197990908025,30.647681342936835,1.1909896050289819,7873744.245047868,5.56544502617801,2.0,24.0,7873,229,683,full,0.07,p0,24.0
combo_sweep:crash_2022,392.25630341712224,390.90068121159726,0.05,"[8, 4, 2, 1]","[2, 3, 4]","[0.02, 0.08, 0.2, 0.4]",0.012,0.001,10000.0,0,0.07,p0,48,49674.86138891103,396.7486138891103,-72.26310681185907,1966,94.65920651068159,0.732631999108708,16.518987420419478,1.5816355899917058,25198.611307098778,5.188708036622584,2.0,48.0,1858,75,33,crash_2022,0.07,p0,48.0
combo_sweep:crash_2025_26,62.181411301480196,63.22871269417619,0.05,"[8, 4, 2, 1]","[2, 3, 4]","[0.02, 0.08, 0.2, 0.4]",0.012,0.001,10000.0,0,0.07,p0,48,17091.785384557053,70.91785384557055,-48.024150476882454,1880,92.81914893617021,0.6622437491648945,21.70641848726657,1.1350256618694663,14820.628380943757,7.749468085106383,3.0,48.0,1740,79,60,crash_2025_26,0.07,p0,48.0
combo_sweep:full,58912.192717457714,58915.878133519014,0.05,"[8, 4, 2, 1]","[2, 3, 4]","[0.02, 0.08, 0.2, 0.4]",0.012,0.001,10000.0,0,0.07,p0,48,5902848.620105391,58928.48620105391,153.7360197256392,7965,94.18706842435655,0.7257464601585548,35.80650413967391,1.1902919508774186,9192005.481353829,6.1391086001255495,2.0,48.0,7471,291,202,full,0.07,p0,48.0
combo_sweep:crash_2022,372.9962327326354,372.09394390956015,0.05,"[8, 4, 2, 1]","[2, 3, 4]","[0.02, 0.08, 0.2, 0.4]",0.012,0.001,10000.0,0,0.07,p0,72,47872.72346611106,378.7272346611107,-72.26310681185907,1918,95.30761209593325,0.735470723962795,18.73858611868606,1.5845305522743023,23593.21341195079,5.318561001042753,2.0,72.0,1825,81,11,crash_2022,0.07,p0,72.0
combo_sweep:crash_2025_26,57.82507086236241,58.86754844655544,0.05,"[8, 4, 2, 1]","[2, 3, 4]","[0.02, 0.08, 0.2, 0.4]",0.012,0.001,10000.0,0,0.07,p0,72,16650.459263194178,66.50459263194178,-48.024150476882454,1812,93.65342163355407,0.6674143996215374,21.52868947322618,1.131354393403126,13901.548234720633,8.04028697571744,3.0,72.0,1696,90,25,crash_2025_26,0.07,p0,72.0
combo_sweep:full,57597.42675182777,57599.417979945596,0.05,"[8, 4, 2, 1]","[2, 3, 4]","[0.02, 0.08, 0.2, 0.4]",0.012,0.001,10000.0,0,0.07,p0,72,5770905.995264877,57609.059952648764,153.7360197256392,7760,94.89690721649484,0.7323768181856282,27.306742333052767,1.1945110784595994,8569401.044741767,6.301288659793815,2.0,72.0,7355,313,91,full,0.07,p0,72.0
combo_sweep:crash_2022,366.2905330904776,365.92214648679317,0.05,"[8, 4, 2, 1]","[2, 3, 4]","[0.02, 0.08, 0.2, 0.4]",0.012,0.001,10000.0,0,0.07,p0,120,47350.88026300492,373.50880263004916,-72.26310681185907,1905,95.48556430446195,0.7370240910108216,21.42030739093011,1.5966655461002992,22748.927311222218,5.354855643044619,2.0,120.0,1819,84,1,crash_2022,0.07,p0,120.0
combo_sweep:crash_2025_26,64.45337029688449,66.05474435332705,0.05,"[8, 4, 2, 1]","[2, 3, 4]","[0.02, 0.08, 0.2, 0.4]",0.012,0.001,10000.0,0,0.07,p0,120,17472.20772649112,74.7220772649112,-48.024150476882454,1760,94.26136363636364,0.6756123632907962,24.424441435694984,1.1500975465957795,13638.159687863192,8.277840909090909,3.0,120.0,1659,94,6,crash_2025_26,0.07,p0,120.0
combo_sweep:full,57961.67644378163,57964.31414552164,0.05,"[8, 4, 2, 1]","[2, 3, 4]","[0.02, 0.08, 0.2, 0.4]",0.012,0.001,10000.0,0,0.07,p0,120,5807509.318040179,57975.09318040179,153.7360197256392,7638,95.3783713013878,0.7371920050164207,30.511472866720112,1.2042040700437229,8094557.202500379,6.401937680020948,2.0,120.0,7285,333,19,full,0.07,p0,120.0
combo_sweep:crash_2022,369.55695656933284,369.18578896987884,0.05,"[8, 4, 2, 1]","[2, 3, 4]","[0.02, 0.08, 0.2, 0.4]",0.012,0.001,10000.0,0,0.07,p0,168,47677.757323737664,376.77757323737666,-72.26310681185907,1904,95.53571428571429,0.7375290628098019,21.42030739093011,1.601568586104108,22776.240599360597,5.357668067226891,2.0,137.0,1819,84,0,crash_2022,0.07,p0,168.0
combo_sweep:crash_2025_26,70.59134277692324,72.14315612469512,0.05,"[8, 4, 2, 1]","[2, 3, 4]","[0.02, 0.08, 0.2, 0.4]",0.012,0.001,10000.0,0,0.07,p0,168,18075.265713741013,80.75265713741014,-48.024150476882454,1748,94.39359267734554,0.6793102349006924,24.216440945122365,1.1641405077249307,13586.851104431957,8.334668192219679,2.0,168.0,1650,94,3,crash_2025_26,0.07,p0,168.0
combo_sweep:full,61764.46341298687,61767.307668040135,0.05,"[8, 4, 2, 1]","[2, 3, 4]","[0.02, 0.08, 0.2, 0.4]",0.012,0.001,10000.0,0,0.07,p0,168,6187845.3283390235,61778.45328339024,153.7360197256392,7606,95.5035498290823,0.7390681892069043,31.516933230491713,1.2136734374221698,8266227.251769686,6.428871943202735,2.0,168.0,7263,334,8,full,0.07,p0,168.0
combo_sweep:crash_2022,369.55695656933284,369.18578896987884,0.05,"[8, 4, 2, 1]","[2, 3, 4]","[0.02, 0.08, 0.2, 0.4]",0.012,0.001,10000.0,0,0.07,p0,336,47677.757323737664,376.77757323737666,-72.26310681185907,1904,95.53571428571429,0.7375290628098019,21.42030739093011,1.601568586104108,22776.240599360597,5.357668067226891,2.0,137.0,1819,84,0,crash_2022,0.07,p0,336.0
combo_sweep:crash_2025_26,70.75647161536344,72.32617418658027,0.05,"[8, 4, 2, 1]","[2, 3, 4]","[0.02, 0.08, 0.2, 0.4]",0.012,0.001,10000.0,0,0.07,p0,336,18093.877067086676,80.93877067086677,-48.024150476882454,1746,94.50171821305841,0.6796183315581354,24.216440945122294,1.1605425904337734,13836.045288425908,8.344215349369989,2.0,178.0,1650,95,0,crash_2025_26,0.07,p0,336.0
combo_sweep:full,59467.79074358584,59471.18305679789,0.05,"[8, 4, 2, 1]","[2, 3, 4]","[0.02, 0.08, 0.2, 0.4]",0.012,0.001,10000.0,0,0.07,p0,336,5958310.401489825,59483.10401489826,153.7360197256392,7596,95.53712480252766,0.7391813265624277,33.58795641705715,1.208283808587163,8113886.683427596,6.437335439705108,2.0,336.0,7257,337,1,full,0.07,p0,336.0
combo_sweep:crash_2022,262.25532381379014,262.8269312475674,0.05,"[8, 4, 2, 1]","[2, 3, 4]","[0.02, 0.08, 0.2, 0.4]",0.012,0.001,10000.0,0,0.1,p0,0,37219.69423782264,272.19694237822637,-72.26310681185907,1596,97.11779448621553,0.7595135035726931,26.447414544453384,1.6324305050712289,15322.909888906546,6.391604010025063,2.0,165.0,1550,45,0,crash_2022,0.1,p0,0.0
combo_sweep:crash_2025_26,-8.131384841489814,-3.693239930607904,0.05,"[8, 4, 2, 1]","[2, 3, 4]","[0.02, 0.08, 0.2, 0.4]",0.012,0.001,10000.0,0,0.1,p0,0,10916.216938371204,9.162169383712037,-48.024150476882454,1473,96.13034623217924,0.678545502182713,36.2414352051077,1.0256830408906261,8311.232569807282,9.890699253224712,2.0,240.0,1416,56,0,crash_2025_26,0.1,p0,0.0
combo_sweep:full,59810.02055080259,59814.19194488376,0.05,"[8, 4, 2, 1]","[2, 3, 4]","[0.02, 0.08, 0.2, 0.4]",0.012,0.001,10000.0,0,0.1,p0,0,5992712.774538957,59827.12774538957,153.7360197256392,6608,97.3365617433414,0.7767950632936919,36.24143520510776,1.1881970479576143,8453427.12177734,7.399818401937046,2.0,591.0,6432,175,0,full,0.1,p0,0.0
combo_sweep:crash_2022,207.39196394791819,209.00908982581888,0.05,"[8, 4, 2, 1]","[2, 3, 4]","[0.02, 0.08, 0.2, 0.4]",0.012,0.001,10000.0,0,0.1,p0,24,31942.97543242007,219.4297543242007,-72.26310681185907,1982,92.68415741675075,0.7026021935738497,29.605703669875695,1.4574276899999317,17181.05590299017,5.146821392532795,2.0,24.0,1826,23,133,crash_2022,0.1,p0,24.0
combo_sweep:crash_2025_26,46.44305051383647,49.062875041887686,0.05,"[8, 4, 2, 1]","[2, 3, 4]","[0.02, 0.08, 0.2, 0.4]",0.012,0.001,10000.0,0,0.1,p0,24,15951.960985980833,59.519609859808334,-48.024150476882454,2065,89.20096852300242,0.6318437382821016,29.654236456597914,1.132791607126583,13990.251839300925,7.0552058111380145,3.0,24.0,1800,18,246,crash_2025_26,0.1,p0,24.0
combo_sweep:full,48238.187319879355,48240.574537535926,0.05,"[8, 4, 2, 1]","[2, 3, 4]","[0.02, 0.08, 0.2, 0.4]",0.012,0.001,10000.0,0,0.1,p0,24,4835101.881462863,48251.01881462863,153.7360197256392,8417,91.3270761553998,0.7018876231743297,29.654236456598216,1.2061746558827375,7778884.652398595,5.809433289770702,2.0,24.0,7563,79,774,full,0.1,p0,24.0
combo_sweep:crash_2022,208.43202699861195,209.01553708133576,0.05,"[8, 4, 2, 1]","[2, 3, 4]","[0.02, 0.08, 0.2, 0.4]",0.012,0.001,10000.0,0,0.1,p0,48,31760.89923416405,217.60899234164052,-72.26310681185907,1724,95.30162412993039,0.7321986544987418,24.34252779046305,1.4592553363371605,15938.219755045291,5.917053364269141,2.0,48.0,1640,37,47,crash_2022,0.1,p0,48.0
combo_sweep:crash_2025_26,-18.617511956463765,-14.224738061027766,0.05,"[8, 4, 2, 1]","[2, 3, 4]","[0.02, 0.08, 0.2, 0.4]",0.012,0.001,10000.0,0,0.1,p0,48,9858.514998812374,-1.4148500118762564,-48.024150476882454,1706,93.2590855803048,0.649079366808098,36.31454130271726,0.996377652769308,9606.820452502407,8.539859320046894,3.0,48.0,1586,39,80,crash_2025_26,0.1,p0,48.0
combo_sweep:full,40602.71008400864,40606.617015165975,0.05,"[8, 4, 2, 1]","[2, 3, 4]","[0.02, 0.08, 0.2, 0.4]",0.012,0.001,10000.0,0,0.1,p0,48,4071940.8204935654,40619.40820493566,153.7360197256392,7331,95.00750238712318,0.7436654271229234,36.31454130271728,1.1520924723188977,7554634.59485409,6.670031373618879,2.0,48.0,6934,131,265,full,0.1,p0,48.0
combo_sweep:crash_2022,222.07272830424154,222.68297311138696,0.05,"[8, 4, 2, 1]","[2, 3, 4]","[0.02, 0.08, 0.2, 0.4]",0.012,0.001,10000.0,0,0.1,p0,72,33168.08906359086,231.6808906359086,-72.26310681185907,1656,96.31642512077295,0.7459556707579642,25.470620808502147,1.5319598653669695,14977.494208315353,6.160024154589372,2.0,72.0,1593,41,21,crash_2022,0.1,p0,72.0
combo_sweep:crash_2025_26,-5.457671548318217,-1.4949831447621493,0.05,"[8, 4, 2, 1]","[2, 3, 4]","[0.02, 0.08, 0.2, 0.4]",0.012,0.001,10000.0,0,0.1,p0,72,11069.831304813277,10.698313048132757,-48.024150476882454,1619,94.62631253860407,0.6694341814189638,34.51916727485548,1.027177566036841,9642.8324431739,8.998764669549104,3.0,72.0,1530,43,45,crash_2025_26,0.1,p0,72.0
combo_sweep:full,41259.81145718238,41263.35254147279,0.05,"[8, 4, 2, 1]","[2, 3, 4]","[0.02, 0.08, 0.2, 0.4]",0.012,0.001,10000.0,0,0.1,p0,72,4137552.549536865,41275.52549536865,153.7360197256392,7021,96.0262070930067,0.7564678120748566,34.51916727485542,1.1609315047437627,7059069.5229155775,6.964534966528984,2.0,72.0,6732,145,143,full,0.1,p0,72.0
combo_sweep:crash_2022,261.42021032427414,262.27083662777073,0.05,"[8, 4, 2, 1]","[2, 3, 4]","[0.02, 0.08, 0.2, 0.4]",0.012,0.001,10000.0,0,0.1,p0,120,37232.98291136403,272.3298291136403,-72.26310681185907,1614,96.96406443618339,0.7582909116601662,28.456540754458338,1.662628356401422,14983.978563659193,6.3203221809169765,2.0,120.0,1564,43,6,crash_2022,0.1,p0,120.0
combo_sweep:crash_2025_26,-9.868348915912504,-5.357559798278526,0.05,"[8, 4, 2, 1]","[2, 3, 4]","[0.02, 0.08, 0.2, 0.4]",0.012,0.001,10000.0,0,0.1,p0,120,10771.57231840447,7.715723184044698,-48.024150476882454,1519,95.52337063857802,0.6739322674654156,36.975346280727884,1.0213973075266896,8524.692650487777,9.591178406846609,3.0,120.0,1451,53,14,crash_2025_26,0.1,p0,120.0
combo_sweep:full,56933.680996258925,56937.691769169214,0.05,"[8, 4, 2, 1]","[2, 3, 4]","[0.02, 0.08, 0.2, 0.4]",0.012,0.001,10000.0,0,0.1,p0,120,5705074.150680229,56950.74150680228,153.7360197256392,6757,96.87731241675299,0.770519519891975,36.97534628072779,1.1802209268871269,8534152.652,7.23664348083469,2.0,120.0,6544,165,47,full,0.1,p0,120.0
combo_sweep:crash_2022,262.25532381379014,262.8269312475674,0.05,"[8, 4, 2, 1]","[2, 3, 4]","[0.02, 0.08, 0.2, 0.4]",0.012,0.001,10000.0,0,0.1,p0,168,37219.69423782264,272.19694237822637,-72.26310681185907,1596,97.11779448621553,0.7595135035726931,26.447414544453384,1.6324305050712289,15322.909888906546,6.391604010025063,2.0,165.0,1550,45,0,crash_2022,0.1,p0,168.0
combo_sweep:crash_2025_26,-15.569024536834664,-10.863691936702757,0.05,"[8, 4, 2, 1]","[2, 3, 4]","[0.02, 0.08, 0.2, 0.4]",0.012,0.001,10000.0,0,0.1,p0,168,10242.75581694428,2.4275581694428006,-48.024150476882454,1495,95.78595317725753,0.6731705119492173,37.552567431796675,1.0067441304147178,8325.11060749721,9.74515050167224,2.0,168.0,1432,55,7,crash_2025_26,0.1,p0,168.0
combo_sweep:full,54567.16121217186,54571.348792375735,0.05,"[8, 4, 2, 1]","[2, 3, 4]","[0.02, 0.08, 0.2, 0.4]",0.012,0.001,10000.0,0,0.1,p0,168,5468461.600037485,54584.61600037485,153.7360197256392,6661,97.13256267827653,0.7729565952646754,37.55256743179673,1.17131422682253,8447735.8281724,7.340939798829004,2.0,168.0,6469,169,22,full,0.1,p0,168.0
combo_sweep:crash_2022,262.25532381379014,262.8269312475674,0.05,"[8, 4, 2, 1]","[2, 3, 4]","[0.02, 0.08, 0.2, 0.4]",0.012,0.001,10000.0,0,0.1,p0,336,37219.69423782264,272.19694237822637,-72.26310681185907,1596,97.11779448621553,0.7595135035726931,26.447414544453384,1.6324305050712289,15322.909888906546,6.391604010025063,2.0,165.0,1550,45,0,crash_2022,0.1,p0,336.0
combo_sweep:crash_2025_26,-8.131384841489814,-3.693239930607904,0.05,"[8, 4, 2, 1]","[2, 3, 4]","[0.02, 0.08, 0.2, 0.4]",0.012,0.001,10000.0,0,0.1,p0,336,10916.216938371204,9.162169383712037,-48.024150476882454,1473,96.13034623217924,0.678545502182713,36.2414352051077,1.0256830408906261,8311.232569807282,9.890699253224712,2.0,240.0,1416,56,0,crash_2025_26,0.1,p0,336.0
combo_sweep:full,63987.63313852325,63991.614037233914,0.05,"[8, 4, 2, 1]","[2, 3, 4]","[0.02, 0.08, 0.2, 0.4]",0.012,0.001,10000.0,0,0.1,p0,336,6410447.332654314,64004.47332654314,153.7360197256392,6609,97.33696474504464,0.7777458141252547,36.24143520510776,1.1921917725984108,8888782.660428036,7.398698744136783,2.0,336.0,6433,173,2,full,0.1,p0,336.0
